ts_utc,bookmaker,mercado,a,b,cuota_a,cuota_b,last_update
2026-08-08T02:20:42+00:00,BetOnline.ag,h2h,aaron jeffery,joshua silveira,1.54,2.61,2026-08-08T02:19:52Z
2026-08-08T02:20:42+00:00,FanDuel,h2h,aaron jeffery,joshua silveira,1.54,2.56,2026-08-08T02:20:38Z
2026-08-08T02:20:42+00:00,Winamax (FR),h2h,aaron jeffery,joshua silveira,1.44,2.3,2026-08-08T02:20:18Z
2026-08-08T02:20:42+00:00,Grosvenor,h2h,aaron jeffery,joshua silveira,1.5,2.45,2026-08-08T02:20:07Z
2026-08-08T02:20:42+00:00,BetOnline.ag,h2h,alex pereira,josh hokit,2.4,1.62,2026-08-08T02:19:52Z
2026-08-08T02:20:42+00:00,DraftKings,h2h,alexandre pantoja,joshua van,1.85,1.98,2026-08-08T02:19:56Z
2026-08-08T02:20:42+00:00,Betclic (FR),h2h,alexandre pantoja,joshua van,1.85,1.85,2026-08-08T02:19:17Z
2026-08-08T02:20:42+00:00,1xBet,h2h,alexandre pantoja,joshua van,1.96,1.96,2026-08-08T02:20:28Z
2026-08-08T02:20:42+00:00,BetRivers,h2h,alexandre pantoja,joshua van,1.83,1.97,2026-08-08T02:20:06Z
2026-08-08T02:20:42+00:00,Virgin Bet,h2h,alexandre pantoja,joshua van,1.83,1.98,2026-08-08T02:19:45Z
2026-08-08T02:20:42+00:00,Grosvenor,h2h,alexandre pantoja,joshua van,1.75,1.88,2026-08-08T02:20:07Z
2026-08-08T02:20:42+00:00,LiveScore Bet,h2h,alexandre pantoja,joshua van,1.83,1.98,2026-08-08T02:20:17Z
2026-08-08T02:20:42+00:00,Winamax (FR),h2h,alexandre pantoja,joshua van,1.74,1.84,2026-08-08T02:20:18Z
2026-08-08T02:20:42+00:00,BetOnline.ag,h2h,alexia thainara,amanda lemos,1.38,3.15,2026-08-08T02:19:52Z
2026-08-08T02:20:42+00:00,1xBet,h2h,alexia thainara,amanda lemos,1.37,3.15,2026-08-08T02:20:28Z
2026-08-08T02:20:42+00:00,Pinnacle,h2h,alexia thainara,amanda lemos,1.4,3.15,2026-08-08T02:20:39Z
2026-08-08T02:20:42+00:00,BetUS,h2h,alexia thainara,amanda lemos,1.38,3.14,2026-08-08T02:20:28Z
2026-08-08T02:20:42+00:00,Unibet (UK),h2h,alexia thainara,amanda lemos,1.36,3.15,2026-08-08T02:20:08Z
2026-08-08T02:20:42+00:00,Nordic Bet,h2h,alexia thainara,amanda lemos,1.35,3.35,2026-08-08T02:20:42Z
2026-08-08T02:20:42+00:00,Betsson,h2h,alexia thainara,amanda lemos,1.35,3.35,2026-08-08T02:20:19Z
2026-08-08T02:20:42+00:00,DraftKings,h2h,alexia thainara,amanda lemos,1.38,3.15,2026-08-08T02:19:56Z
2026-08-08T02:20:42+00:00,Virgin Bet,h2h,alexia thainara,amanda lemos,1.37,3.1,2026-08-08T02:19:45Z
2026-08-08T02:20:42+00:00,LiveScore Bet,h2h,alexia thainara,amanda lemos,1.37,3.1,2026-08-08T02:20:17Z
2026-08-08T02:20:42+00:00,BetRivers,h2h,alexia thainara,amanda lemos,1.36,3.1,2026-08-08T02:20:06Z
2026-08-08T02:20:42+00:00,Grosvenor,h2h,alexia thainara,amanda lemos,1.33,2.9,2026-08-08T02:20:07Z
2026-08-08T02:20:42+00:00,Coolbet,h2h,alexia thainara,amanda lemos,1.37,3.22,2026-08-08T02:19:24Z
2026-08-08T02:20:42+00:00,FanDuel,h2h,alexia thainara,amanda lemos,1.4,3.05,2026-08-08T02:20:38Z
2026-08-08T02:20:42+00:00,Betfair Sportsbook,h2h,alexia thainara,amanda lemos,1.4,2.88,2026-08-08T02:20:06Z
2026-08-08T02:20:42+00:00,Paddy Power,h2h,alexia thainara,amanda lemos,1.4,2.88,2026-08-08T02:19:45Z
2026-08-08T02:20:42+00:00,Bovada,h2h,alexia thainara,amanda lemos,1.38,3.15,2026-08-08T02:17:19Z
2026-08-08T02:20:42+00:00,Betclic (FR),h2h,alexia thainara,amanda lemos,1.32,3.1,2026-08-08T02:19:17Z
2026-08-08T02:20:42+00:00,Betway,h2h,alexia thainara,amanda lemos,1.36,3.1,2026-08-08T02:20:28Z
2026-08-08T02:20:42+00:00,Betfair,h2h,alexia thainara,amanda lemos,1.43,3.2,2026-08-08T02:20:28Z
2026-08-08T02:20:42+00:00,Betfair,h2h,alexia thainara,amanda lemos,1.43,3.2,2026-08-08T02:20:39Z
2026-08-08T02:20:42+00:00,PMU (FR),h2h,alexia thainara,amanda lemos,1.36,3.1,2026-08-08T02:20:28Z
2026-08-08T02:20:42+00:00,BetAnything,h2h,alexia thainara,amanda lemos,1.38,3.05,2026-08-08T02:19:14Z
2026-08-08T02:20:42+00:00,Winamax (FR),h2h,alexia thainara,amanda lemos,1.34,2.95,2026-08-08T02:20:18Z
2026-08-08T02:20:42+00:00,Matchbook,h2h,alexia thainara,amanda lemos,1.43,3.2,2026-08-08T02:20:27Z
2026-08-08T02:20:42+00:00,Marathon Bet,h2h,alexia thainara,amanda lemos,1.36,3.04,2026-08-08T02:20:39Z
2026-08-08T02:20:42+00:00,Unibet (FR),h2h,alexia thainara,amanda lemos,1.33,3.05,2026-08-08T02:19:56Z
2026-08-08T02:20:42+00:00,BetOnline.ag,h2h,ananias mulumba,tom pagliarulo,1.59,2.3,2026-08-08T02:19:52Z
2026-08-08T02:20:42+00:00,BetOnline.ag,h2h,arman tsarukyan,justin gaethje,1.2,4.85,2026-08-08T02:19:52Z
2026-08-08T02:20:42+00:00,DraftKings,h2h,arman tsarukyan,mauricio ruffy,1.28,3.85,2026-08-08T02:19:56Z
2026-08-08T02:20:42+00:00,Betclic (FR),h2h,arman tsarukyan,mauricio ruffy,1.21,4.0,2026-08-08T02:19:17Z
2026-08-08T02:20:42+00:00,Winamax (FR),h2h,arman tsarukyan,mauricio ruffy,1.23,3.3,2026-08-08T02:20:18Z
2026-08-08T02:20:42+00:00,1xBet,h2h,arman tsarukyan,mauricio ruffy,1.28,4.14,2026-08-08T02:20:28Z
2026-08-08T02:20:42+00:00,BetOnline.ag,h2h,billy goff,ty miller,4.1,1.26,2026-08-08T02:19:52Z
2026-08-08T02:20:42+00:00,1xBet,h2h,billy goff,ty miller,4.22,1.23,2026-08-08T02:20:28Z
2026-08-08T02:20:42+00:00,Pinnacle,h2h,billy goff,ty miller,4.3,1.25,2026-08-08T02:20:39Z
2026-08-08T02:20:42+00:00,BetUS,h2h,billy goff,ty miller,4.3,1.23,2026-08-08T02:20:28Z
2026-08-08T02:20:42+00:00,Unibet (UK),h2h,billy goff,ty miller,4.1,1.24,2026-08-08T02:20:08Z
2026-08-08T02:20:42+00:00,888sport,h2h,billy goff,ty miller,4.0,1.25,2026-08-08T02:20:28Z
2026-08-08T02:20:42+00:00,Betsson,h2h,billy goff,ty miller,4.15,1.24,2026-08-08T02:20:19Z
2026-08-08T02:20:42+00:00,Nordic Bet,h2h,billy goff,ty miller,4.15,1.24,2026-08-08T02:20:42Z
2026-08-08T02:20:42+00:00,DraftKings,h2h,billy goff,ty miller,4.3,1.24,2026-08-08T02:19:56Z
2026-08-08T02:20:42+00:00,Coolbet,h2h,billy goff,ty miller,3.9,1.28,2026-08-08T02:19:24Z
2026-08-08T02:20:42+00:00,Virgin Bet,h2h,billy goff,ty miller,4.1,1.24,2026-08-08T02:19:45Z
2026-08-08T02:20:42+00:00,BetRivers,h2h,billy goff,ty miller,4.1,1.24,2026-08-08T02:20:06Z
2026-08-08T02:20:42+00:00,Grosvenor,h2h,billy goff,ty miller,3.85,1.19,2026-08-08T02:20:07Z
2026-08-08T02:20:42+00:00,LiveScore Bet,h2h,billy goff,ty miller,4.1,1.24,2026-08-08T02:20:17Z
2026-08-08T02:20:42+00:00,Betfair Sportsbook,h2h,billy goff,ty miller,3.75,1.25,2026-08-08T02:20:06Z
2026-08-08T02:20:42+00:00,Paddy Power,h2h,billy goff,ty miller,3.75,1.25,2026-08-08T02:19:45Z
2026-08-08T02:20:42+00:00,FanDuel,h2h,billy goff,ty miller,4.1,1.26,2026-08-08T02:20:38Z
2026-08-08T02:20:42+00:00,Bovada,h2h,billy goff,ty miller,4.15,1.25,2026-08-08T02:17:19Z
2026-08-08T02:20:42+00:00,Betclic (FR),h2h,billy goff,ty miller,4.0,1.21,2026-08-08T02:19:17Z
2026-08-08T02:20:42+00:00,Betway,h2h,billy goff,ty miller,4.0,1.25,2026-08-08T02:20:28Z
2026-08-08T02:20:42+00:00,Betfair,h2h,billy goff,ty miller,4.5,1.26,2026-08-08T02:20:28Z
2026-08-08T02:20:42+00:00,Betfair,h2h,billy goff,ty miller,4.5,1.26,2026-08-08T02:20:39Z
2026-08-08T02:20:42+00:00,PMU (FR),h2h,billy goff,ty miller,4.1,1.24,2026-08-08T02:20:28Z
2026-08-08T02:20:42+00:00,BetAnything,h2h,billy goff,ty miller,3.65,1.24,2026-08-08T02:19:14Z
2026-08-08T02:20:42+00:00,Winamax (FR),h2h,billy goff,ty miller,3.55,1.2,2026-08-08T02:20:18Z
2026-08-08T02:20:42+00:00,Matchbook,h2h,billy goff,ty miller,4.5,1.26,2026-08-08T02:20:27Z
2026-08-08T02:20:42+00:00,BetOnline.ag,h2h,billy quarantillo,carlos diego ferreira,2.57,1.56,2026-08-08T02:19:52Z
2026-08-08T02:20:42+00:00,1xBet,h2h,billy quarantillo,carlos diego ferreira,2.44,1.56,2026-08-08T02:20:28Z
2026-08-08T02:20:42+00:00,Pinnacle,h2h,billy quarantillo,carlos diego ferreira,2.51,1.57,2026-08-08T02:20:39Z
2026-08-08T02:20:42+00:00,BetUS,h2h,billy quarantillo,carlos diego ferreira,2.48,1.56,2026-08-08T02:20:28Z
2026-08-08T02:20:42+00:00,Unibet (UK),h2h,billy quarantillo,carlos diego ferreira,2.5,1.53,2026-08-08T02:20:08Z
2026-08-08T02:20:42+00:00,888sport,h2h,billy quarantillo,carlos diego ferreira,2.5,1.53,2026-08-08T02:20:28Z
2026-08-08T02:20:42+00:00,Nordic Bet,h2h,billy quarantillo,carlos diego ferreira,2.4,1.6,2026-08-08T02:20:42Z
2026-08-08T02:20:42+00:00,Betsson,h2h,billy quarantillo,carlos diego ferreira,2.4,1.6,2026-08-08T02:20:19Z
2026-08-08T02:20:42+00:00,DraftKings,h2h,billy quarantillo,carlos diego ferreira,2.5,1.56,2026-08-08T02:19:56Z
2026-08-08T02:20:42+00:00,LiveScore Bet,h2h,billy quarantillo,carlos diego ferreira,2.43,1.56,2026-08-08T02:20:17Z
2026-08-08T02:20:42+00:00,Grosvenor,h2h,billy quarantillo,carlos diego ferreira,2.3,1.5,2026-08-08T02:20:07Z
2026-08-08T02:20:42+00:00,Virgin Bet,h2h,billy quarantillo,carlos diego ferreira,2.43,1.56,2026-08-08T02:19:45Z
2026-08-08T02:20:42+00:00,BetRivers,h2h,billy quarantillo,carlos diego ferreira,2.43,1.56,2026-08-08T02:20:06Z
2026-08-08T02:20:42+00:00,Marathon Bet,h2h,billy quarantillo,carlos diego ferreira,2.43,1.53,2026-08-08T02:20:39Z
2026-08-08T02:20:42+00:00,Coolbet,h2h,billy quarantillo,carlos diego ferreira,2.5,1.56,2026-08-08T02:19:24Z
2026-08-08T02:20:42+00:00,Betclic (FR),h2h,billy quarantillo,carlos diego ferreira,2.43,1.5,2026-08-08T02:19:17Z
2026-08-08T02:20:42+00:00,FanDuel,h2h,billy quarantillo,carlos diego ferreira,2.48,1.57,2026-08-08T02:20:38Z
2026-08-08T02:20:42+00:00,Paddy Power,h2h,billy quarantillo,carlos diego ferreira,2.38,1.57,2026-08-08T02:19:45Z
2026-08-08T02:20:42+00:00,Bovada,h2h,billy quarantillo,carlos diego ferreira,2.47,1.58,2026-08-08T02:17:19Z
2026-08-08T02:20:42+00:00,Unibet (FR),h2h,billy quarantillo,carlos diego ferreira,2.45,1.49,2026-08-08T02:19:56Z
2026-08-08T02:20:42+00:00,Betway,h2h,billy quarantillo,carlos diego ferreira,2.4,1.57,2026-08-08T02:20:28Z
2026-08-08T02:20:42+00:00,Betfair,h2h,billy quarantillo,carlos diego ferreira,2.66,1.57,2026-08-08T02:20:28Z
2026-08-08T02:20:42+00:00,Betfair,h2h,billy quarantillo,carlos diego ferreira,2.66,1.57,2026-08-08T02:20:39Z
2026-08-08T02:20:42+00:00,PMU (FR),h2h,billy quarantillo,carlos diego ferreira,2.43,1.56,2026-08-08T02:20:28Z
2026-08-08T02:20:42+00:00,BetAnything,h2h,billy quarantillo,carlos diego ferreira,2.5,1.56,2026-08-08T02:19:14Z
2026-08-08T02:20:42+00:00,Winamax (FR),h2h,billy quarantillo,carlos diego ferreira,2.4,1.5,2026-08-08T02:20:18Z
2026-08-08T02:20:42+00:00,Matchbook,h2h,billy quarantillo,carlos diego ferreira,2.66,1.57,2026-08-08T02:20:27Z
2026-08-08T02:20:42+00:00,BetOnline.ag,h2h,brandon lewis,lewis mcgrillen,11.41,1.05,2026-08-08T02:19:52Z
2026-08-08T02:20:42+00:00,FanDuel,h2h,brandon lewis,lewis mcgrillen,7.6,1.1,2026-08-08T02:20:38Z
2026-08-08T02:20:42+00:00,Winamax (FR),h2h,brandon lewis,lewis mcgrillen,6.25,1.03,2026-08-08T02:20:18Z
2026-08-08T02:20:42+00:00,Grosvenor,h2h,brandon lewis,lewis mcgrillen,6.75,1.1,2026-08-08T02:20:07Z
2026-08-08T02:20:42+00:00,BetOnline.ag,h2h,bruno lopes,diyar nurgozhay,2.3,1.67,2026-08-08T02:19:52Z
2026-08-08T02:20:42+00:00,1xBet,h2h,bruno lopes,diyar nurgozhay,2.22,1.63,2026-08-08T02:20:28Z
2026-08-08T02:20:42+00:00,Pinnacle,h2h,bruno lopes,diyar nurgozhay,2.36,1.64,2026-08-08T02:20:39Z
2026-08-08T02:20:42+00:00,BetUS,h2h,bruno lopes,diyar nurgozhay,2.3,1.65,2026-08-08T02:20:28Z
2026-08-08T02:20:42+00:00,Unibet (UK),h2h,bruno lopes,diyar nurgozhay,2.3,1.63,2026-08-08T02:20:08Z
2026-08-08T02:20:42+00:00,Betsson,h2h,bruno lopes,diyar nurgozhay,2.25,1.67,2026-08-08T02:20:19Z
2026-08-08T02:20:42+00:00,Nordic Bet,h2h,bruno lopes,diyar nurgozhay,2.25,1.67,2026-08-08T02:20:42Z
2026-08-08T02:20:42+00:00,DraftKings,h2h,bruno lopes,diyar nurgozhay,2.3,1.65,2026-08-08T02:19:56Z
2026-08-08T02:20:42+00:00,Coolbet,h2h,bruno lopes,diyar nurgozhay,2.3,1.65,2026-08-08T02:19:24Z
2026-08-08T02:20:42+00:00,FanDuel,h2h,bruno lopes,diyar nurgozhay,2.32,1.64,2026-08-08T02:20:38Z
2026-08-08T02:20:42+00:00,Betfair Sportsbook,h2h,bruno lopes,diyar nurgozhay,2.25,1.62,2026-08-08T02:20:06Z
2026-08-08T02:20:42+00:00,Paddy Power,h2h,bruno lopes,diyar nurgozhay,2.25,1.62,2026-08-08T02:19:45Z
2026-08-08T02:20:42+00:00,Bovada,h2h,bruno lopes,diyar nurgozhay,2.3,1.67,2026-08-08T02:17:19Z
2026-08-08T02:20:42+00:00,LiveScore Bet,h2h,bruno lopes,diyar nurgozhay,2.23,1.65,2026-08-08T02:20:17Z
2026-08-08T02:20:42+00:00,Virgin Bet,h2h,bruno lopes,diyar nurgozhay,2.23,1.65,2026-08-08T02:19:45Z
2026-08-08T02:20:42+00:00,Grosvenor,h2h,bruno lopes,diyar nurgozhay,2.12,1.6,2026-08-08T02:20:07Z
2026-08-08T02:20:42+00:00,BetRivers,h2h,bruno lopes,diyar nurgozhay,2.23,1.65,2026-08-08T02:20:06Z
2026-08-08T02:20:42+00:00,Betway,h2h,bruno lopes,diyar nurgozhay,2.2,1.67,2026-08-08T02:20:28Z
2026-08-08T02:20:42+00:00,Betfair,h2h,bruno lopes,diyar nurgozhay,2.46,1.65,2026-08-08T02:20:28Z
2026-08-08T02:20:42+00:00,Betfair,h2h,bruno lopes,diyar nurgozhay,2.46,1.65,2026-08-08T02:20:39Z
2026-08-08T02:20:42+00:00,BetAnything,h2h,bruno lopes,diyar nurgozhay,2.3,1.62,2026-08-08T02:19:14Z
2026-08-08T02:20:42+00:00,Matchbook,h2h,bruno lopes,diyar nurgozhay,2.46,1.65,2026-08-08T02:20:27Z
2026-08-08T02:20:42+00:00,BetOnline.ag,h2h,bryan battle,dalton rosta,1.74,2.15,2026-08-08T02:19:52Z
2026-08-08T02:20:42+00:00,Winamax (FR),h2h,bryan battle,dalton rosta,1.62,1.96,2026-08-08T02:20:18Z
2026-08-08T02:20:42+00:00,Grosvenor,h2h,bryan battle,dalton rosta,1.68,2.15,2026-08-08T02:20:07Z
2026-08-08T02:20:42+00:00,FanDuel,h2h,bryan battle,dalton rosta,1.74,2.16,2026-08-08T02:20:38Z
2026-08-08T02:20:42+00:00,BetOnline.ag,h2h,carlos ulberg,magomed ankalaev,2.65,1.53,2026-08-08T02:19:52Z
2026-08-08T02:20:42+00:00,BetOnline.ag,h2h,carol foro,giovanna canuto,1.43,2.95,2026-08-08T02:19:52Z
2026-08-08T02:20:42+00:00,1xBet,h2h,carol foro,giovanna canuto,1.37,3.03,2026-08-08T02:20:28Z
2026-08-08T02:20:42+00:00,FanDuel,h2h,carol foro,giovanna canuto,1.38,3.15,2026-08-08T02:20:38Z
2026-08-08T02:20:42+00:00,Betfair Sportsbook,h2h,carol foro,giovanna canuto,1.36,3.0,2026-08-08T02:20:06Z
2026-08-08T02:20:42+00:00,Unibet (UK),h2h,carol foro,giovanna canuto,1.42,2.9,2026-08-08T02:20:08Z
2026-08-08T02:20:42+00:00,Betfair,h2h,carol foro,giovanna canuto,1.41,3.05,2026-08-08T02:20:28Z
2026-08-08T02:20:42+00:00,Paddy Power,h2h,carol foro,giovanna canuto,1.36,3.0,2026-08-08T02:19:45Z
2026-08-08T02:20:42+00:00,Betfair,h2h,carol foro,giovanna canuto,1.41,3.05,2026-08-08T02:20:39Z
2026-08-08T02:20:42+00:00,Betway,h2h,carol foro,giovanna canuto,1.36,3.1,2026-08-08T02:20:28Z
2026-08-08T02:20:42+00:00,Bovada,h2h,carol foro,giovanna canuto,1.41,3.05,2026-08-08T02:17:19Z
2026-08-08T02:20:42+00:00,DraftKings,h2h,carol foro,giovanna canuto,1.41,3.0,2026-08-08T02:19:56Z
2026-08-08T02:20:42+00:00,Betsson,h2h,carol foro,giovanna canuto,1.37,2.95,2026-08-08T02:20:19Z
2026-08-08T02:20:42+00:00,Nordic Bet,h2h,carol foro,giovanna canuto,1.37,2.95,2026-08-08T02:20:42Z
2026-08-08T02:20:42+00:00,Coolbet,h2h,carol foro,giovanna canuto,1.39,3.1,2026-08-08T02:19:24Z
2026-08-08T02:20:42+00:00,BetRivers,h2h,carol foro,giovanna canuto,1.38,3.05,2026-08-08T02:20:06Z
2026-08-08T02:20:42+00:00,Virgin Bet,h2h,carol foro,giovanna canuto,1.38,3.05,2026-08-08T02:19:45Z
2026-08-08T02:20:42+00:00,Grosvenor,h2h,carol foro,giovanna canuto,1.33,2.88,2026-08-08T02:20:07Z
2026-08-08T02:20:42+00:00,LiveScore Bet,h2h,carol foro,giovanna canuto,1.38,3.05,2026-08-08T02:20:17Z
2026-08-08T02:20:42+00:00,BetUS,h2h,carol foro,giovanna canuto,1.4,3.07,2026-08-08T02:20:28Z
2026-08-08T02:20:42+00:00,BetAnything,h2h,carol foro,giovanna canuto,1.38,3.0,2026-08-08T02:19:14Z
2026-08-08T02:20:42+00:00,888sport,h2h,carol foro,giovanna canuto,1.4,2.95,2026-08-08T02:20:28Z
2026-08-08T02:20:42+00:00,Matchbook,h2h,carol foro,giovanna canuto,1.41,3.05,2026-08-08T02:20:27Z
2026-08-08T02:20:42+00:00,Pinnacle,h2h,carol foro,giovanna canuto,1.41,3.07,2026-08-08T02:20:39Z
2026-08-08T02:20:42+00:00,BetOnline.ag,h2h,charles johnson,jose ochoa,3.89,1.28,2026-08-08T02:19:52Z
2026-08-08T02:20:42+00:00,Pinnacle,h2h,charles johnson,jose ochoa,3.67,1.31,2026-08-08T02:20:39Z
2026-08-08T02:20:42+00:00,1xBet,h2h,charles johnson,jose ochoa,3.69,1.3,2026-08-08T02:20:28Z
2026-08-08T02:20:42+00:00,Betsson,h2h,charles johnson,jose ochoa,3.75,1.25,2026-08-08T02:20:19Z
2026-08-08T02:20:42+00:00,Nordic Bet,h2h,charles johnson,jose ochoa,3.75,1.25,2026-08-08T02:20:42Z
2026-08-08T02:20:42+00:00,DraftKings,h2h,charles johnson,jose ochoa,3.6,1.31,2026-08-08T02:19:56Z
2026-08-08T02:20:42+00:00,Betclic (FR),h2h,charles johnson,jose ochoa,3.7,1.24,2026-08-08T02:19:17Z
2026-08-08T02:20:42+00:00,BetRivers,h2h,charles johnson,jose ochoa,3.8,1.26,2026-08-08T02:20:06Z
2026-08-08T02:20:42+00:00,Virgin Bet,h2h,charles johnson,jose ochoa,3.8,1.26,2026-08-08T02:19:45Z
2026-08-08T02:20:42+00:00,Grosvenor,h2h,charles johnson,jose ochoa,3.65,1.21,2026-08-08T02:20:07Z
2026-08-08T02:20:42+00:00,LiveScore Bet,h2h,charles johnson,jose ochoa,3.8,1.26,2026-08-08T02:20:17Z
2026-08-08T02:20:42+00:00,Coolbet,h2h,charles johnson,jose ochoa,3.7,1.3,2026-08-08T02:19:24Z
2026-08-08T02:20:42+00:00,BetOnline.ag,h2h,chidi njokuani,joel alvarez,3.19,1.38,2026-08-08T02:19:52Z
2026-08-08T02:20:42+00:00,DraftKings,h2h,chidi njokuani,joel alvarez,3.1,1.39,2026-08-08T02:19:56Z
2026-08-08T02:20:42+00:00,Nordic Bet,h2h,chidi njokuani,joel alvarez,2.85,1.4,2026-08-08T02:20:42Z
2026-08-08T02:20:42+00:00,Betsson,h2h,chidi njokuani,joel alvarez,2.85,1.4,2026-08-08T02:20:19Z
2026-08-08T02:20:42+00:00,1xBet,h2h,chidi njokuani,joel alvarez,3.3,1.41,2026-08-08T02:20:28Z
2026-08-08T02:20:42+00:00,BetRivers,h2h,chidi njokuani,joel alvarez,2.95,1.4,2026-08-08T02:20:06Z
2026-08-08T02:20:42+00:00,Virgin Bet,h2h,chidi njokuani,joel alvarez,2.95,1.4,2026-08-08T02:19:45Z
2026-08-08T02:20:42+00:00,Grosvenor,h2h,chidi njokuani,joel alvarez,2.8,1.35,2026-08-08T02:20:07Z
2026-08-08T02:20:42+00:00,LiveScore Bet,h2h,chidi njokuani,joel alvarez,2.95,1.4,2026-08-08T02:20:17Z
2026-08-08T02:20:42+00:00,888sport,h2h,chidi njokuani,joel alvarez,3.05,1.36,2026-08-08T02:20:28Z
2026-08-08T02:20:42+00:00,Coolbet,h2h,chidi njokuani,joel alvarez,3.05,1.4,2026-08-08T02:19:24Z
2026-08-08T02:20:42+00:00,Unibet (UK),h2h,chidi njokuani,joel alvarez,3.0,1.36,2026-08-08T02:20:08Z
2026-08-08T02:20:42+00:00,BetOnline.ag,h2h,ciryl gane,josh hokit,1.4,3.1,2026-08-08T02:19:52Z
2026-08-08T02:20:42+00:00,BetOnline.ag,h2h,ciryl gane,tom aspinall,2.05,1.8,2026-08-08T02:19:52Z
2026-08-08T02:20:42+00:00,BetOnline.ag,h2h,conor mcgregor,jorge masvidal,1.69,2.25,2026-08-08T02:19:52Z
2026-08-08T02:20:42+00:00,BetOnline.ag,h2h,conor mcgregor,paddy pimblett,2.3,1.67,2026-08-08T02:19:52Z
2026-08-08T02:20:42+00:00,BetOnline.ag,h2h,darren elkins,yadier delvalle,6.71,1.12,2026-08-08T02:19:52Z
2026-08-08T02:20:42+00:00,1xBet,h2h,darren elkins,yadier delvalle,6.6,1.11,2026-08-08T02:20:28Z
2026-08-08T02:20:42+00:00,Pinnacle,h2h,darren elkins,yadier delvalle,6.99,1.12,2026-08-08T02:20:39Z
2026-08-08T02:20:42+00:00,BetUS,h2h,darren elkins,yadier delvalle,6.35,1.12,2026-08-08T02:20:28Z
2026-08-08T02:20:42+00:00,Unibet (UK),h2h,darren elkins,yadier delvalle,6.5,1.12,2026-08-08T02:20:08Z
2026-08-08T02:20:42+00:00,888sport,h2h,darren elkins,yadier delvalle,6.7,1.1,2026-08-08T02:20:28Z
2026-08-08T02:20:42+00:00,Nordic Bet,h2h,darren elkins,yadier delvalle,7.0,1.11,2026-08-08T02:20:42Z
2026-08-08T02:20:42+00:00,Betsson,h2h,darren elkins,yadier delvalle,7.0,1.11,2026-08-08T02:20:19Z
2026-08-08T02:20:42+00:00,DraftKings,h2h,darren elkins,yadier delvalle,6.75,1.12,2026-08-08T02:19:56Z
2026-08-08T02:20:42+00:00,Coolbet,h2h,darren elkins,yadier delvalle,6.75,1.12,2026-08-08T02:19:24Z
2026-08-08T02:20:42+00:00,LiveScore Bet,h2h,darren elkins,yadier delvalle,6.5,1.11,2026-08-08T02:20:17Z
2026-08-08T02:20:42+00:00,Virgin Bet,h2h,darren elkins,yadier delvalle,6.5,1.11,2026-08-08T02:19:45Z
2026-08-08T02:20:42+00:00,BetRivers,h2h,darren elkins,yadier delvalle,6.5,1.11,2026-08-08T02:20:06Z
2026-08-08T02:20:42+00:00,Grosvenor,h2h,darren elkins,yadier delvalle,6.0,1.07,2026-08-08T02:20:07Z
2026-08-08T02:20:42+00:00,FanDuel,h2h,darren elkins,yadier delvalle,6.3,1.13,2026-08-08T02:20:38Z
2026-08-08T02:20:42+00:00,Paddy Power,h2h,darren elkins,yadier delvalle,5.5,1.14,2026-08-08T02:19:45Z
2026-08-08T02:20:42+00:00,Bovada,h2h,darren elkins,yadier delvalle,6.75,1.12,2026-08-08T02:17:19Z
2026-08-08T02:20:42+00:00,Betclic (FR),h2h,darren elkins,yadier delvalle,6.6,1.08,2026-08-08T02:19:17Z
2026-08-08T02:20:42+00:00,Betway,h2h,darren elkins,yadier delvalle,6.0,1.12,2026-08-08T02:20:28Z
2026-08-08T02:20:42+00:00,Betfair,h2h,darren elkins,yadier delvalle,6.8,1.15,2026-08-08T02:20:28Z
2026-08-08T02:20:42+00:00,Betfair,h2h,darren elkins,yadier delvalle,6.8,1.15,2026-08-08T02:20:39Z
2026-08-08T02:20:42+00:00,PMU (FR),h2h,darren elkins,yadier delvalle,6.5,1.11,2026-08-08T02:20:28Z
2026-08-08T02:20:42+00:00,BetAnything,h2h,darren elkins,yadier delvalle,5.75,1.12,2026-08-08T02:19:14Z
2026-08-08T02:20:42+00:00,Winamax (FR),h2h,darren elkins,yadier delvalle,5.8,1.1,2026-08-08T02:20:18Z
2026-08-08T02:20:42+00:00,Matchbook,h2h,darren elkins,yadier delvalle,7.2,1.15,2026-08-08T02:20:27Z
2026-08-08T02:20:42+00:00,Unibet (FR),h2h,darren elkins,yadier delvalle,6.1,1.09,2026-08-08T02:19:56Z
2026-08-08T02:20:42+00:00,BetOnline.ag,h2h,darren till,yoel romero,1.57,2.35,2026-08-08T02:19:52Z
2026-08-08T02:20:42+00:00,BetOnline.ag,h2h,donte johnson,eric mcconico,1.39,3.11,2026-08-08T02:19:52Z
2026-08-08T02:20:42+00:00,1xBet,h2h,donte johnson,eric mcconico,1.49,2.95,2026-08-08T02:20:28Z
2026-08-08T02:20:42+00:00,Pinnacle,h2h,donte johnson,eric mcconico,1.41,3.04,2026-08-08T02:20:39Z
2026-08-08T02:20:42+00:00,Unibet (UK),h2h,donte johnson,eric mcconico,1.36,2.95,2026-08-08T02:20:08Z
2026-08-08T02:20:42+00:00,Nordic Bet,h2h,donte johnson,eric mcconico,1.4,2.9,2026-08-08T02:20:42Z
2026-08-08T02:20:42+00:00,Betsson,h2h,donte johnson,eric mcconico,1.4,2.9,2026-08-08T02:20:19Z
2026-08-08T02:20:42+00:00,DraftKings,h2h,donte johnson,eric mcconico,1.41,3.0,2026-08-08T02:19:56Z
2026-08-08T02:20:42+00:00,BetRivers,h2h,donte johnson,eric mcconico,1.4,2.95,2026-08-08T02:20:06Z
2026-08-08T02:20:42+00:00,Virgin Bet,h2h,donte johnson,eric mcconico,1.4,2.95,2026-08-08T02:19:45Z
2026-08-08T02:20:42+00:00,Grosvenor,h2h,donte johnson,eric mcconico,1.35,2.8,2026-08-08T02:20:07Z
2026-08-08T02:20:42+00:00,LiveScore Bet,h2h,donte johnson,eric mcconico,1.4,2.95,2026-08-08T02:20:17Z
2026-08-08T02:20:42+00:00,Coolbet,h2h,donte johnson,eric mcconico,1.42,3.0,2026-08-08T02:19:24Z
2026-08-08T02:20:42+00:00,BetOnline.ag,h2h,dovletdzhan yagshimuradov,simeon powell,1.62,2.4,2026-08-08T02:19:52Z
2026-08-08T02:20:42+00:00,Unibet (FR),h2h,dovletdzhan yagshimuradov,simeon powell,1.57,2.3,2026-08-08T02:19:56Z
2026-08-08T02:20:42+00:00,FanDuel,h2h,dovletdzhan yagshimuradov,simeon powell,1.61,2.38,2026-08-08T02:20:38Z
2026-08-08T02:20:42+00:00,Winamax (FR),h2h,dovletdzhan yagshimuradov,simeon powell,1.52,2.15,2026-08-08T02:20:18Z
2026-08-08T02:20:42+00:00,Grosvenor,h2h,dovletdzhan yagshimuradov,simeon powell,1.53,2.38,2026-08-08T02:20:07Z
2026-08-08T02:20:42+00:00,BetOnline.ag,h2h,dustin stoltzfus,mansur abdul-malik,5.15,1.18,2026-08-08T02:19:52Z
2026-08-08T02:20:42+00:00,1xBet,h2h,dustin stoltzfus,mansur abdul-malik,5.19,1.22,2026-08-08T02:20:28Z
2026-08-08T02:20:42+00:00,Pinnacle,h2h,dustin stoltzfus,mansur abdul-malik,5.13,1.19,2026-08-08T02:20:39Z
2026-08-08T02:20:42+00:00,Unibet (UK),h2h,dustin stoltzfus,mansur abdul-malik,4.75,1.16,2026-08-08T02:20:08Z
2026-08-08T02:20:42+00:00,Winamax (FR),h2h,dustin stoltzfus,mansur abdul-malik,4.2,1.14,2026-08-08T02:20:18Z
2026-08-08T02:20:42+00:00,Betsson,h2h,dustin stoltzfus,mansur abdul-malik,5.0,1.15,2026-08-08T02:20:19Z
2026-08-08T02:20:42+00:00,Nordic Bet,h2h,dustin stoltzfus,mansur abdul-malik,5.0,1.15,2026-08-08T02:20:42Z
2026-08-08T02:20:42+00:00,DraftKings,h2h,dustin stoltzfus,mansur abdul-malik,5.1,1.18,2026-08-08T02:19:56Z
2026-08-08T02:20:42+00:00,Betclic (FR),h2h,dustin stoltzfus,mansur abdul-malik,4.85,1.15,2026-08-08T02:19:17Z
2026-08-08T02:20:42+00:00,BetRivers,h2h,dustin stoltzfus,mansur abdul-malik,5.2,1.16,2026-08-08T02:20:06Z
2026-08-08T02:20:42+00:00,Virgin Bet,h2h,dustin stoltzfus,mansur abdul-malik,5.2,1.16,2026-08-08T02:19:45Z
2026-08-08T02:20:42+00:00,Grosvenor,h2h,dustin stoltzfus,mansur abdul-malik,4.8,1.12,2026-08-08T02:20:07Z
2026-08-08T02:20:42+00:00,LiveScore Bet,h2h,dustin stoltzfus,mansur abdul-malik,5.2,1.16,2026-08-08T02:20:17Z
2026-08-08T02:20:42+00:00,Coolbet,h2h,dustin stoltzfus,mansur abdul-malik,5.15,1.18,2026-08-08T02:19:24Z
2026-08-08T02:20:42+00:00,BetOnline.ag,h2h,edson barboza,esteban ribovics,4.16,1.25,2026-08-08T02:19:52Z
2026-08-08T02:20:42+00:00,1xBet,h2h,edson barboza,esteban ribovics,4.25,1.29,2026-08-08T02:20:28Z
2026-08-08T02:20:42+00:00,Pinnacle,h2h,edson barboza,esteban ribovics,4.18,1.25,2026-08-08T02:20:39Z
2026-08-08T02:20:42+00:00,Unibet (UK),h2h,edson barboza,esteban ribovics,3.9,1.22,2026-08-08T02:20:08Z
2026-08-08T02:20:42+00:00,888sport,h2h,edson barboza,esteban ribovics,4.2,1.22,2026-08-08T02:20:28Z
2026-08-08T02:20:42+00:00,DraftKings,h2h,edson barboza,esteban ribovics,4.1,1.25,2026-08-08T02:19:56Z
2026-08-08T02:20:42+00:00,Betclic (FR),h2h,edson barboza,esteban ribovics,4.0,1.21,2026-08-08T02:19:17Z
2026-08-08T02:20:42+00:00,Grosvenor,h2h,edson barboza,esteban ribovics,4.0,1.18,2026-08-08T02:20:07Z
2026-08-08T02:20:42+00:00,LiveScore Bet,h2h,edson barboza,esteban ribovics,4.25,1.22,2026-08-08T02:20:17Z
2026-08-08T02:20:42+00:00,Virgin Bet,h2h,edson barboza,esteban ribovics,4.25,1.22,2026-08-08T02:19:45Z
2026-08-08T02:20:42+00:00,BetRivers,h2h,edson barboza,esteban ribovics,4.25,1.22,2026-08-08T02:20:06Z
2026-08-08T02:20:42+00:00,Coolbet,h2h,edson barboza,esteban ribovics,4.15,1.25,2026-08-08T02:19:24Z
2026-08-08T02:20:42+00:00,Winamax (FR),h2h,edson barboza,esteban ribovics,3.55,1.2,2026-08-08T02:20:18Z
2026-08-08T02:20:42+00:00,BetOnline.ag,h2h,gable steveson,sean sharaf,1.07,7.0,2026-08-08T02:19:52Z
2026-08-08T02:20:42+00:00,DraftKings,h2h,gable steveson,sean sharaf,1.09,8.0,2026-08-08T02:19:56Z
2026-08-08T02:20:42+00:00,1xBet,h2h,gable steveson,sean sharaf,1.09,7.55,2026-08-08T02:20:28Z
2026-08-08T02:20:42+00:00,FanDuel,h2h,gianni vazquez,miles johns,2.42,1.6,2026-08-08T02:20:38Z
2026-08-08T02:20:42+00:00,Paddy Power,h2h,gianni vazquez,miles johns,2.38,1.57,2026-08-08T02:19:45Z
2026-08-08T02:20:42+00:00,Betfair Sportsbook,h2h,gianni vazquez,miles johns,2.38,1.57,2026-08-08T02:20:06Z
2026-08-08T02:20:42+00:00,1xBet,h2h,gianni vazquez,miles johns,2.3,1.62,2026-08-08T02:20:28Z
2026-08-08T02:20:42+00:00,BetOnline.ag,h2h,gianni vazquez,miles johns,2.49,1.59,2026-08-08T02:19:52Z
2026-08-08T02:20:42+00:00,Betway,h2h,gianni vazquez,miles johns,2.4,1.57,2026-08-08T02:20:28Z
2026-08-08T02:20:42+00:00,Pinnacle,h2h,gianni vazquez,miles johns,2.42,1.61,2026-08-08T02:20:39Z
2026-08-08T02:20:42+00:00,Unibet (UK),h2h,gianni vazquez,miles johns,2.45,1.56,2026-08-08T02:20:08Z
2026-08-08T02:20:42+00:00,BetRivers,h2h,gianni vazquez,miles johns,2.38,1.57,2026-08-08T02:20:06Z
2026-08-08T02:20:42+00:00,Virgin Bet,h2h,gianni vazquez,miles johns,2.38,1.58,2026-08-08T02:19:45Z
2026-08-08T02:20:42+00:00,Grosvenor,h2h,gianni vazquez,miles johns,2.25,1.51,2026-08-08T02:20:07Z
2026-08-08T02:20:42+00:00,LiveScore Bet,h2h,gianni vazquez,miles johns,2.38,1.58,2026-08-08T02:20:17Z
2026-08-08T02:20:42+00:00,BetAnything,h2h,gianni vazquez,miles johns,2.4,1.59,2026-08-08T02:19:14Z
2026-08-08T02:20:42+00:00,Coolbet,h2h,gianni vazquez,miles johns,2.35,1.63,2026-08-08T02:19:24Z
2026-08-08T02:20:42+00:00,Betfair,h2h,gianni vazquez,miles johns,2.24,1.55,2026-08-08T02:20:28Z
2026-08-08T02:20:42+00:00,Betfair,h2h,gianni vazquez,miles johns,2.24,1.55,2026-08-08T02:20:39Z
2026-08-08T02:20:42+00:00,Matchbook,h2h,gianni vazquez,miles johns,2.5,1.55,2026-08-08T02:20:27Z
2026-08-08T02:20:42+00:00,DraftKings,h2h,gillian robertson,mackenzie dern,3.0,1.41,2026-08-08T02:19:56Z
2026-08-08T02:20:42+00:00,Betclic (FR),h2h,gillian robertson,mackenzie dern,2.97,1.34,2026-08-08T02:19:17Z
2026-08-08T02:20:42+00:00,BetOnline.ag,h2h,gillian robertson,mackenzie dern,3.07,1.4,2026-08-08T02:19:52Z
2026-08-08T02:20:42+00:00,1xBet,h2h,gillian robertson,mackenzie dern,2.95,1.44,2026-08-08T02:20:28Z
2026-08-08T02:20:42+00:00,FanDuel,h2h,gillian robertson,mackenzie dern,3.0,1.38,2026-08-08T02:20:38Z
2026-08-08T02:20:42+00:00,Paddy Power,h2h,gillian robertson,mackenzie dern,2.88,1.4,2026-08-08T02:19:45Z
2026-08-08T02:20:42+00:00,LiveScore Bet,h2h,gillian robertson,mackenzie dern,2.88,1.42,2026-08-08T02:20:17Z
2026-08-08T02:20:42+00:00,Grosvenor,h2h,gillian robertson,mackenzie dern,2.7,1.36,2026-08-08T02:20:07Z
2026-08-08T02:20:42+00:00,Virgin Bet,h2h,gillian robertson,mackenzie dern,2.88,1.42,2026-08-08T02:19:45Z
2026-08-08T02:20:42+00:00,Winamax (FR),h2h,gillian robertson,mackenzie dern,2.85,1.36,2026-08-08T02:20:18Z
2026-08-08T02:20:42+00:00,Marathon Bet,h2h,gillian robertson,mackenzie dern,2.86,1.4,2026-08-08T02:20:39Z
2026-08-08T02:20:42+00:00,Pinnacle,h2h,gillian robertson,mackenzie dern,3.01,1.42,2026-08-08T02:20:39Z
2026-08-08T02:20:42+00:00,Coolbet,h2h,gillian robertson,mackenzie dern,2.9,1.44,2026-08-08T02:19:24Z
2026-08-08T02:20:42+00:00,Unibet (FR),h2h,gillian robertson,mackenzie dern,2.7,1.33,2026-08-08T02:19:56Z
2026-08-08T02:20:42+00:00,Unibet (UK),h2h,gillian robertson,mackenzie dern,2.9,1.38,2026-08-08T02:20:08Z
2026-08-08T02:20:42+00:00,BetRivers,h2h,gillian robertson,mackenzie dern,2.88,1.42,2026-08-08T02:20:06Z
2026-08-08T02:20:42+00:00,888sport,h2h,gillian robertson,mackenzie dern,2.95,1.4,2026-08-08T02:20:28Z
2026-08-08T02:20:42+00:00,BetOnline.ag,h2h,guilherme pat,steven asplund,3.52,1.32,2026-08-08T02:19:52Z
2026-08-08T02:20:42+00:00,1xBet,h2h,guilherme pat,steven asplund,3.26,1.32,2026-08-08T02:20:28Z
2026-08-08T02:20:42+00:00,Pinnacle,h2h,guilherme pat,steven asplund,3.47,1.34,2026-08-08T02:20:39Z
2026-08-08T02:20:42+00:00,BetUS,h2h,guilherme pat,steven asplund,3.54,1.32,2026-08-08T02:20:28Z
2026-08-08T02:20:42+00:00,Unibet (UK),h2h,guilherme pat,steven asplund,3.45,1.32,2026-08-08T02:20:08Z
2026-08-08T02:20:42+00:00,888sport,h2h,guilherme pat,steven asplund,3.4,1.3,2026-08-08T02:20:28Z
2026-08-08T02:20:42+00:00,Nordic Bet,h2h,guilherme pat,steven asplund,3.35,1.34,2026-08-08T02:20:42Z
2026-08-08T02:20:42+00:00,Betsson,h2h,guilherme pat,steven asplund,3.35,1.34,2026-08-08T02:20:19Z
2026-08-08T02:20:42+00:00,DraftKings,h2h,guilherme pat,steven asplund,3.4,1.34,2026-08-08T02:19:56Z
2026-08-08T02:20:42+00:00,Grosvenor,h2h,guilherme pat,steven asplund,3.2,1.27,2026-08-08T02:20:07Z
2026-08-08T02:20:42+00:00,Virgin Bet,h2h,guilherme pat,steven asplund,3.4,1.32,2026-08-08T02:19:45Z
2026-08-08T02:20:42+00:00,BetRivers,h2h,guilherme pat,steven asplund,3.4,1.32,2026-08-08T02:20:06Z
2026-08-08T02:20:42+00:00,LiveScore Bet,h2h,guilherme pat,steven asplund,3.4,1.32,2026-08-08T02:20:17Z
2026-08-08T02:20:42+00:00,Coolbet,h2h,guilherme pat,steven asplund,3.45,1.33,2026-08-08T02:19:24Z
2026-08-08T02:20:42+00:00,FanDuel,h2h,guilherme pat,steven asplund,3.4,1.34,2026-08-08T02:20:38Z
2026-08-08T02:20:42+00:00,Betfair Sportsbook,h2h,guilherme pat,steven asplund,3.25,1.33,2026-08-08T02:20:06Z
2026-08-08T02:20:42+00:00,Paddy Power,h2h,guilherme pat,steven asplund,3.25,1.33,2026-08-08T02:19:45Z
2026-08-08T02:20:42+00:00,Bovada,h2h,guilherme pat,steven asplund,3.55,1.32,2026-08-08T02:17:19Z
2026-08-08T02:20:42+00:00,Betway,h2h,guilherme pat,steven asplund,3.1,1.36,2026-08-08T02:20:28Z
2026-08-08T02:20:42+00:00,Betfair,h2h,guilherme pat,steven asplund,3.6,1.36,2026-08-08T02:20:28Z
2026-08-08T02:20:42+00:00,Betfair,h2h,guilherme pat,steven asplund,3.6,1.36,2026-08-08T02:20:39Z
2026-08-08T02:20:42+00:00,BetAnything,h2h,guilherme pat,steven asplund,3.4,1.32,2026-08-08T02:19:14Z
2026-08-08T02:20:42+00:00,Matchbook,h2h,guilherme pat,steven asplund,3.6,1.37,2026-08-08T02:20:27Z
2026-08-08T02:20:42+00:00,DraftKings,h2h,ian garry,islam makhachev,3.75,1.29,2026-08-08T02:19:56Z
2026-08-08T02:20:42+00:00,Betclic (FR),h2h,ian garry,islam makhachev,3.9,1.22,2026-08-08T02:19:17Z
2026-08-08T02:20:42+00:00,BetOnline.ag,h2h,ian garry,islam makhachev,4.03,1.26,2026-08-08T02:19:52Z
2026-08-08T02:20:42+00:00,FanDuel,h2h,ian garry,islam makhachev,3.8,1.26,2026-08-08T02:20:38Z
2026-08-08T02:20:42+00:00,Paddy Power,h2h,ian garry,islam makhachev,3.5,1.29,2026-08-08T02:19:45Z
2026-08-08T02:20:42+00:00,1xBet,h2h,ian garry,islam makhachev,4.55,1.21,2026-08-08T02:20:28Z
2026-08-08T02:20:42+00:00,Winamax (FR),h2h,ian garry,islam makhachev,3.65,1.23,2026-08-08T02:20:18Z
2026-08-08T02:20:42+00:00,Virgin Bet,h2h,ian garry,islam makhachev,3.7,1.28,2026-08-08T02:19:45Z
2026-08-08T02:20:42+00:00,LiveScore Bet,h2h,ian garry,islam makhachev,3.7,1.28,2026-08-08T02:20:17Z
2026-08-08T02:20:42+00:00,Grosvenor,h2h,ian garry,islam makhachev,3.45,1.24,2026-08-08T02:20:07Z
2026-08-08T02:20:42+00:00,Pinnacle,h2h,ian garry,islam makhachev,3.81,1.29,2026-08-08T02:20:39Z
2026-08-08T02:20:42+00:00,Coolbet,h2h,ian garry,islam makhachev,3.7,1.3,2026-08-08T02:19:24Z
2026-08-08T02:20:42+00:00,BetRivers,h2h,ian garry,islam makhachev,3.7,1.28,2026-08-08T02:20:06Z
2026-08-08T02:20:42+00:00,888sport,h2h,ian garry,islam makhachev,3.6,1.29,2026-08-08T02:20:28Z
2026-08-08T02:20:42+00:00,Betfair,h2h,ian garry,islam makhachev,3.9,1.32,2026-08-08T02:20:39Z
2026-08-08T02:20:42+00:00,Betfair,h2h,ian garry,islam makhachev,3.9,1.32,2026-08-08T02:20:28Z
2026-08-08T02:20:42+00:00,Matchbook,h2h,ian garry,islam makhachev,3.9,1.32,2026-08-08T02:20:27Z
2026-08-08T02:20:42+00:00,BetOnline.ag,h2h,ilia topuria,justin gaethje,1.4,3.1,2026-08-08T02:19:52Z
2026-08-08T02:20:42+00:00,BetOnline.ag,h2h,islam makhachev,kamaru usman,1.3,3.7,2026-08-08T02:19:52Z
2026-08-08T02:20:42+00:00,BetOnline.ag,h2h,jalin turner,kaue fernandes,1.65,2.35,2026-08-08T02:19:52Z
2026-08-08T02:20:42+00:00,1xBet,h2h,jalin turner,kaue fernandes,1.61,2.14,2026-08-08T02:20:28Z
2026-08-08T02:20:42+00:00,Pinnacle,h2h,jalin turner,kaue fernandes,1.69,2.24,2026-08-08T02:20:39Z
2026-08-08T02:20:42+00:00,Unibet (UK),h2h,jalin turner,kaue fernandes,1.6,2.25,2026-08-08T02:20:08Z
2026-08-08T02:20:42+00:00,Betsson,h2h,jalin turner,kaue fernandes,1.65,2.2,2026-08-08T02:20:19Z
2026-08-08T02:20:42+00:00,Nordic Bet,h2h,jalin turner,kaue fernandes,1.65,2.2,2026-08-08T02:20:42Z
2026-08-08T02:20:42+00:00,DraftKings,h2h,jalin turner,kaue fernandes,1.68,2.24,2026-08-08T02:19:56Z
2026-08-08T02:20:42+00:00,BetRivers,h2h,jalin turner,kaue fernandes,1.65,2.23,2026-08-08T02:20:06Z
2026-08-08T02:20:42+00:00,Virgin Bet,h2h,jalin turner,kaue fernandes,1.65,2.23,2026-08-08T02:19:45Z
2026-08-08T02:20:42+00:00,Grosvenor,h2h,jalin turner,kaue fernandes,1.6,2.12,2026-08-08T02:20:07Z
2026-08-08T02:20:42+00:00,LiveScore Bet,h2h,jalin turner,kaue fernandes,1.65,2.23,2026-08-08T02:20:17Z
2026-08-08T02:20:42+00:00,Coolbet,h2h,jalin turner,kaue fernandes,1.65,2.3,2026-08-08T02:19:24Z
2026-08-08T02:20:42+00:00,BetOnline.ag,h2h,jean silva,yair rodriguez,1.29,3.8,2026-08-08T02:19:52Z
2026-08-08T02:20:42+00:00,Betclic (FR),h2h,jean silva,yair rodriguez,1.28,3.3,2026-08-08T02:19:17Z
2026-08-08T02:20:42+00:00,1xBet,h2h,jean silva,yair rodriguez,1.36,3.63,2026-08-08T02:20:28Z
2026-08-08T02:20:42+00:00,DraftKings,h2h,jean silva,yair rodriguez,1.28,3.8,2026-08-08T02:19:56Z
2026-08-08T02:20:42+00:00,Winamax (FR),h2h,jean silva,yair rodriguez,1.28,2.95,2026-08-08T02:20:18Z
2026-08-08T02:20:42+00:00,Virgin Bet,h2h,jean silva,yair rodriguez,1.27,3.75,2026-08-08T02:19:45Z
2026-08-08T02:20:42+00:00,Grosvenor,h2h,jean silva,yair rodriguez,1.23,3.5,2026-08-08T02:20:07Z
2026-08-08T02:20:42+00:00,LiveScore Bet,h2h,jean silva,yair rodriguez,1.27,3.75,2026-08-08T02:20:17Z
2026-08-08T02:20:42+00:00,BetRivers,h2h,jean silva,yair rodriguez,1.27,3.75,2026-08-08T02:20:06Z
2026-08-08T02:20:42+00:00,Betway,h2h,jean silva,yair rodriguez,1.29,3.5,2026-08-08T02:20:28Z
2026-08-08T02:20:42+00:00,BetOnline.ag,h2h,jeremiah wells,myktybek orolbai,5.46,1.17,2026-08-08T02:19:52Z
2026-08-08T02:20:42+00:00,1xBet,h2h,jeremiah wells,myktybek orolbai,5.47,1.21,2026-08-08T02:20:28Z
2026-08-08T02:20:42+00:00,Pinnacle,h2h,jeremiah wells,myktybek orolbai,5.11,1.19,2026-08-08T02:20:39Z
2026-08-08T02:20:42+00:00,Betsson,h2h,jeremiah wells,myktybek orolbai,5.25,1.14,2026-08-08T02:20:19Z
2026-08-08T02:20:42+00:00,Nordic Bet,h2h,jeremiah wells,myktybek orolbai,5.25,1.14,2026-08-08T02:20:42Z
2026-08-08T02:20:42+00:00,DraftKings,h2h,jeremiah wells,myktybek orolbai,5.1,1.18,2026-08-08T02:19:56Z
2026-08-08T02:20:42+00:00,LiveScore Bet,h2h,jeremiah wells,myktybek orolbai,5.3,1.16,2026-08-08T02:20:17Z
2026-08-08T02:20:42+00:00,Virgin Bet,h2h,jeremiah wells,myktybek orolbai,5.3,1.16,2026-08-08T02:19:45Z
2026-08-08T02:20:42+00:00,BetRivers,h2h,jeremiah wells,myktybek orolbai,5.3,1.16,2026-08-08T02:20:06Z
2026-08-08T02:20:42+00:00,Grosvenor,h2h,jeremiah wells,myktybek orolbai,4.9,1.12,2026-08-08T02:20:07Z
2026-08-08T02:20:42+00:00,Coolbet,h2h,jeremiah wells,myktybek orolbai,5.4,1.17,2026-08-08T02:19:24Z
2026-08-08T02:20:42+00:00,BetOnline.ag,h2h,jiri prochazka,magomed ankalaev,2.74,1.5,2026-08-08T02:19:52Z
2026-08-08T02:20:42+00:00,Pinnacle,h2h,jose montanha,louie sutherland,2.7,1.51,2026-08-08T02:20:39Z
2026-08-08T02:20:42+00:00,DraftKings,h2h,jose montanha,louie sutherland,2.64,1.51,2026-08-08T02:19:56Z
2026-08-08T02:20:42+00:00,1xBet,h2h,jose montanha,louie sutherland,2.53,1.5,2026-08-08T02:20:28Z
2026-08-08T02:20:42+00:00,BetUS,h2h,jose montanha,louie sutherland,2.74,1.48,2026-08-08T02:20:28Z
2026-08-08T02:20:42+00:00,BetOnline.ag,h2h,jose montanha,louie sutherland,2.8,1.48,2026-08-08T02:19:52Z
2026-08-08T02:20:42+00:00,Coolbet,h2h,jose montanha,louie sutherland,2.62,1.52,2026-08-08T02:19:24Z
2026-08-08T02:20:42+00:00,Bovada,h2h,jose montanha,louie sutherland,2.68,1.51,2026-08-08T02:17:19Z
2026-08-08T02:20:42+00:00,Unibet (UK),h2h,jose montanha,louie sutherland,2.7,1.48,2026-08-08T02:20:08Z
2026-08-08T02:20:42+00:00,FanDuel,h2h,jose montanha,louie sutherland,2.54,1.54,2026-08-08T02:20:38Z
2026-08-08T02:20:42+00:00,Paddy Power,h2h,jose montanha,louie sutherland,2.5,1.53,2026-08-08T02:19:45Z
2026-08-08T02:20:42+00:00,Betfair Sportsbook,h2h,jose montanha,louie sutherland,2.5,1.53,2026-08-08T02:20:06Z
2026-08-08T02:20:42+00:00,Betway,h2h,jose montanha,louie sutherland,2.5,1.53,2026-08-08T02:20:28Z
2026-08-08T02:20:42+00:00,Betfair,h2h,jose montanha,louie sutherland,2.74,1.51,2026-08-08T02:20:28Z
2026-08-08T02:20:42+00:00,Betfair,h2h,jose montanha,louie sutherland,2.74,1.51,2026-08-08T02:20:39Z
2026-08-08T02:20:42+00:00,BetAnything,h2h,jose montanha,louie sutherland,2.6,1.53,2026-08-08T02:19:14Z
2026-08-08T02:20:42+00:00,Grosvenor,h2h,jose montanha,louie sutherland,2.43,1.45,2026-08-08T02:20:07Z
2026-08-08T02:20:42+00:00,Virgin Bet,h2h,jose montanha,louie sutherland,2.55,1.52,2026-08-08T02:19:45Z
2026-08-08T02:20:42+00:00,BetRivers,h2h,jose montanha,louie sutherland,2.55,1.51,2026-08-08T02:20:06Z
2026-08-08T02:20:42+00:00,LiveScore Bet,h2h,jose montanha,louie sutherland,2.55,1.52,2026-08-08T02:20:17Z
2026-08-08T02:20:42+00:00,Matchbook,h2h,jose montanha,louie sutherland,2.78,1.51,2026-08-08T02:20:27Z
2026-08-08T02:20:42+00:00,BetOnline.ag,h2h,joshua van,manel kape,2.65,1.53,2026-08-08T02:19:52Z
2026-08-08T02:20:42+00:00,BetOnline.ag,h2h,juliana miller,ravena oliveira,1.33,3.49,2026-08-08T02:19:52Z
2026-08-08T02:20:42+00:00,1xBet,h2h,juliana miller,ravena oliveira,1.29,3.42,2026-08-08T02:20:28Z
2026-08-08T02:20:42+00:00,Pinnacle,h2h,juliana miller,ravena oliveira,1.34,3.45,2026-08-08T02:20:39Z
2026-08-08T02:20:42+00:00,BetUS,h2h,juliana miller,ravena oliveira,1.33,3.5,2026-08-08T02:20:28Z
2026-08-08T02:20:42+00:00,Unibet (UK),h2h,juliana miller,ravena oliveira,1.32,3.45,2026-08-08T02:20:08Z
2026-08-08T02:20:42+00:00,888sport,h2h,juliana miller,ravena oliveira,1.3,3.4,2026-08-08T02:20:28Z
2026-08-08T02:20:42+00:00,Betsson,h2h,juliana miller,ravena oliveira,1.32,3.5,2026-08-08T02:20:19Z
2026-08-08T02:20:42+00:00,Nordic Bet,h2h,juliana miller,ravena oliveira,1.32,3.5,2026-08-08T02:20:42Z
2026-08-08T02:20:42+00:00,DraftKings,h2h,juliana miller,ravena oliveira,1.34,3.4,2026-08-08T02:19:56Z
2026-08-08T02:20:42+00:00,Grosvenor,h2h,juliana miller,ravena oliveira,1.28,3.15,2026-08-08T02:20:07Z
2026-08-08T02:20:42+00:00,Virgin Bet,h2h,juliana miller,ravena oliveira,1.33,3.35,2026-08-08T02:19:45Z
2026-08-08T02:20:42+00:00,BetRivers,h2h,juliana miller,ravena oliveira,1.33,3.35,2026-08-08T02:20:06Z
2026-08-08T02:20:42+00:00,LiveScore Bet,h2h,juliana miller,ravena oliveira,1.33,3.35,2026-08-08T02:20:17Z
2026-08-08T02:20:42+00:00,Coolbet,h2h,juliana miller,ravena oliveira,1.34,3.37,2026-08-08T02:19:24Z
2026-08-08T02:20:42+00:00,FanDuel,h2h,juliana miller,ravena oliveira,1.33,3.45,2026-08-08T02:20:38Z
2026-08-08T02:20:42+00:00,Betfair Sportsbook,h2h,juliana miller,ravena oliveira,1.33,3.25,2026-08-08T02:20:06Z
2026-08-08T02:20:42+00:00,Paddy Power,h2h,juliana miller,ravena oliveira,1.33,3.25,2026-08-08T02:19:45Z
2026-08-08T02:20:42+00:00,Bovada,h2h,juliana miller,ravena oliveira,1.32,3.55,2026-08-08T02:17:19Z
2026-08-08T02:20:42+00:00,Betway,h2h,juliana miller,ravena oliveira,1.3,3.5,2026-08-08T02:20:28Z
2026-08-08T02:20:42+00:00,Betfair,h2h,juliana miller,ravena oliveira,1.36,3.4,2026-08-08T02:20:28Z
2026-08-08T02:20:42+00:00,Betfair,h2h,juliana miller,ravena oliveira,1.36,3.4,2026-08-08T02:20:39Z
2026-08-08T02:20:42+00:00,BetAnything,h2h,juliana miller,ravena oliveira,1.32,3.4,2026-08-08T02:19:14Z
2026-08-08T02:20:42+00:00,Matchbook,h2h,juliana miller,ravena oliveira,1.36,3.4,2026-08-08T02:20:27Z
2026-08-08T02:20:42+00:00,BetOnline.ag,h2h,khamzat chimaev,paulo henrique costa,1.2,4.75,2026-08-08T02:19:52Z
2026-08-08T02:20:42+00:00,BetOnline.ag,h2h,khamzat chimaev,sean strickland,1.49,2.75,2026-08-08T02:19:52Z
2026-08-08T02:20:42+00:00,BetOnline.ag,h2h,lucas fernando,rafael tobias,1.43,2.92,2026-08-08T02:19:52Z
2026-08-08T02:20:42+00:00,Pinnacle,h2h,lucas fernando,rafael tobias,1.42,3.0,2026-08-08T02:20:39Z
2026-08-08T02:20:42+00:00,1xBet,h2h,lucas fernando,rafael tobias,1.43,2.94,2026-08-08T02:20:28Z
2026-08-08T02:20:42+00:00,Nordic Bet,h2h,lucas fernando,rafael tobias,1.44,2.7,2026-08-08T02:20:42Z
2026-08-08T02:20:42+00:00,Betsson,h2h,lucas fernando,rafael tobias,1.44,2.7,2026-08-08T02:20:19Z
2026-08-08T02:20:42+00:00,DraftKings,h2h,lucas fernando,rafael tobias,1.42,2.95,2026-08-08T02:19:56Z
2026-08-08T02:20:42+00:00,Virgin Bet,h2h,lucas fernando,rafael tobias,1.41,2.9,2026-08-08T02:19:45Z
2026-08-08T02:20:42+00:00,Grosvenor,h2h,lucas fernando,rafael tobias,1.36,2.75,2026-08-08T02:20:07Z
2026-08-08T02:20:42+00:00,LiveScore Bet,h2h,lucas fernando,rafael tobias,1.41,2.9,2026-08-08T02:20:17Z
2026-08-08T02:20:42+00:00,BetRivers,h2h,lucas fernando,rafael tobias,1.41,2.9,2026-08-08T02:20:06Z
2026-08-08T02:20:42+00:00,Coolbet,h2h,lucas fernando,rafael tobias,1.44,2.9,2026-08-08T02:19:24Z
2026-08-08T02:20:42+00:00,Unibet (UK),h2h,lucas fernando,rafael tobias,1.4,2.8,2026-08-08T02:20:08Z
2026-08-08T02:20:42+00:00,BetOnline.ag,h2h,manoel sousa,richie miranda,1.31,3.6,2026-08-08T02:19:52Z
2026-08-08T02:20:42+00:00,1xBet,h2h,manoel sousa,richie miranda,1.32,3.26,2026-08-08T02:20:28Z
2026-08-08T02:20:42+00:00,Unibet (UK),h2h,manoel sousa,richie miranda,1.3,3.5,2026-08-08T02:20:08Z
2026-08-08T02:20:42+00:00,Coolbet,h2h,manoel sousa,richie miranda,1.32,3.54,2026-08-08T02:19:24Z
2026-08-08T02:20:42+00:00,Pinnacle,h2h,manoel sousa,richie miranda,1.34,3.47,2026-08-08T02:20:39Z
2026-08-08T02:20:42+00:00,Betway,h2h,manoel sousa,richie miranda,1.3,3.5,2026-08-08T02:20:28Z
2026-08-08T02:20:42+00:00,FanDuel,h2h,manoel sousa,richie miranda,1.34,3.4,2026-08-08T02:20:38Z
2026-08-08T02:20:42+00:00,Paddy Power,h2h,manoel sousa,richie miranda,1.33,3.25,2026-08-08T02:19:45Z
2026-08-08T02:20:42+00:00,Betfair Sportsbook,h2h,manoel sousa,richie miranda,1.33,3.25,2026-08-08T02:20:06Z
2026-08-08T02:20:42+00:00,Betfair,h2h,manoel sousa,richie miranda,1.37,3.5,2026-08-08T02:20:28Z
2026-08-08T02:20:42+00:00,Betfair,h2h,manoel sousa,richie miranda,1.37,3.5,2026-08-08T02:20:39Z
2026-08-08T02:20:42+00:00,Bovada,h2h,manoel sousa,richie miranda,1.33,3.5,2026-08-08T02:17:19Z
2026-08-08T02:20:42+00:00,Virgin Bet,h2h,manoel sousa,richie miranda,1.32,3.4,2026-08-08T02:19:45Z
2026-08-08T02:20:42+00:00,BetRivers,h2h,manoel sousa,richie miranda,1.32,3.4,2026-08-08T02:20:06Z
2026-08-08T02:20:42+00:00,LiveScore Bet,h2h,manoel sousa,richie miranda,1.32,3.4,2026-08-08T02:20:17Z
2026-08-08T02:20:42+00:00,Grosvenor,h2h,manoel sousa,richie miranda,1.28,3.15,2026-08-08T02:20:07Z
2026-08-08T02:20:42+00:00,BetUS,h2h,manoel sousa,richie miranda,1.34,3.42,2026-08-08T02:20:28Z
2026-08-08T02:20:42+00:00,Nordic Bet,h2h,manoel sousa,richie miranda,1.31,3.6,2026-08-08T02:20:42Z
2026-08-08T02:20:42+00:00,Betsson,h2h,manoel sousa,richie miranda,1.31,3.6,2026-08-08T02:20:19Z
2026-08-08T02:20:42+00:00,888sport,h2h,manoel sousa,richie miranda,1.3,3.4,2026-08-08T02:20:28Z
2026-08-08T02:20:42+00:00,Matchbook,h2h,manoel sousa,richie miranda,1.37,3.55,2026-08-08T02:20:27Z
2026-08-08T02:20:42+00:00,DraftKings,h2h,manoel sousa,richie miranda,1.32,3.5,2026-08-08T02:19:56Z
2026-08-08T02:20:42+00:00,BetAnything,h2h,manoel sousa,richie miranda,1.32,3.35,2026-08-08T02:19:14Z
2026-08-08T02:20:42+00:00,BetOnline.ag,h2h,mateusz gamrot,quillan salkilld,2.12,1.76,2026-08-08T02:19:52Z
2026-08-08T02:20:42+00:00,Winamax (FR),h2h,mateusz gamrot,quillan salkilld,2.0,1.68,2026-08-08T02:20:18Z
2026-08-08T02:20:42+00:00,Betclic (FR),h2h,mateusz gamrot,quillan salkilld,2.1,1.65,2026-08-08T02:19:17Z
2026-08-08T02:20:42+00:00,1xBet,h2h,mateusz gamrot,quillan salkilld,2.16,1.71,2026-08-08T02:20:28Z
2026-08-08T02:20:42+00:00,Pinnacle,h2h,mateusz gamrot,quillan salkilld,2.18,1.74,2026-08-08T02:20:39Z
2026-08-08T02:20:42+00:00,BetUS,h2h,mateusz gamrot,quillan salkilld,2.14,1.74,2026-08-08T02:20:28Z
2026-08-08T02:20:42+00:00,Unibet (UK),h2h,mateusz gamrot,quillan salkilld,2.1,1.75,2026-08-08T02:20:08Z
2026-08-08T02:20:42+00:00,Nordic Bet,h2h,mateusz gamrot,quillan salkilld,2.25,1.67,2026-08-08T02:20:42Z
2026-08-08T02:20:42+00:00,Betsson,h2h,mateusz gamrot,quillan salkilld,2.25,1.67,2026-08-08T02:20:19Z
2026-08-08T02:20:42+00:00,DraftKings,h2h,mateusz gamrot,quillan salkilld,2.14,1.74,2026-08-08T02:19:56Z
2026-08-08T02:20:42+00:00,LiveScore Bet,h2h,mateusz gamrot,quillan salkilld,2.16,1.7,2026-08-08T02:20:17Z
2026-08-08T02:20:42+00:00,Grosvenor,h2h,mateusz gamrot,quillan salkilld,2.07,1.63,2026-08-08T02:20:07Z
2026-08-08T02:20:42+00:00,Virgin Bet,h2h,mateusz gamrot,quillan salkilld,2.16,1.7,2026-08-08T02:19:45Z
2026-08-08T02:20:42+00:00,BetRivers,h2h,mateusz gamrot,quillan salkilld,2.16,1.7,2026-08-08T02:20:06Z
2026-08-08T02:20:42+00:00,Coolbet,h2h,mateusz gamrot,quillan salkilld,2.13,1.75,2026-08-08T02:19:24Z
2026-08-08T02:20:42+00:00,FanDuel,h2h,mateusz gamrot,quillan salkilld,2.22,1.69,2026-08-08T02:20:38Z
2026-08-08T02:20:42+00:00,Paddy Power,h2h,mateusz gamrot,quillan salkilld,2.2,1.67,2026-08-08T02:19:45Z
2026-08-08T02:20:42+00:00,Bovada,h2h,mateusz gamrot,quillan salkilld,2.17,1.72,2026-08-08T02:17:19Z
2026-08-08T02:20:42+00:00,Betway,h2h,mateusz gamrot,quillan salkilld,2.1,1.73,2026-08-08T02:20:28Z
2026-08-08T02:20:42+00:00,Betfair,h2h,mateusz gamrot,quillan salkilld,2.24,1.78,2026-08-08T02:20:28Z
2026-08-08T02:20:42+00:00,Betfair,h2h,mateusz gamrot,quillan salkilld,2.24,1.78,2026-08-08T02:20:39Z
2026-08-08T02:20:42+00:00,PMU (FR),h2h,mateusz gamrot,quillan salkilld,2.16,1.7,2026-08-08T02:20:28Z
2026-08-08T02:20:42+00:00,BetAnything,h2h,mateusz gamrot,quillan salkilld,2.05,1.74,2026-08-08T02:19:14Z
2026-08-08T02:20:42+00:00,Matchbook,h2h,mateusz gamrot,quillan salkilld,2.26,1.78,2026-08-08T02:20:27Z
2026-08-08T02:20:42+00:00,Unibet (FR),h2h,mateusz gamrot,quillan salkilld,2.05,1.68,2026-08-08T02:19:56Z
2026-08-08T02:20:42+00:00,Marathon Bet,h2h,mateusz gamrot,quillan salkilld,2.13,1.68,2026-08-08T02:20:39Z
2026-08-08T02:20:42+00:00,BetOnline.ag,h2h,max holloway,paddy pimblett,1.56,2.55,2026-08-08T02:19:52Z
2026-08-08T02:20:42+00:00,BetOnline.ag,h2h,merab dvalishvili,petr yan,2.5,1.57,2026-08-08T02:19:52Z
2026-08-08T02:20:42+00:00,BetOnline.ag,h2h,nassourdine imavov,sean strickland,1.88,1.94,2026-08-08T02:19:52Z
2026-08-08T02:20:42+00:00,BetOnline.ag,h2h,natalia silva,valentina shevchenko,3.1,1.4,2026-08-08T02:19:52Z
2026-08-08T02:20:42+00:00,BetOnline.ag,h2h,neil magny,ramiz brahimaj,1.91,1.91,2026-08-08T02:19:52Z
2026-08-08T02:20:42+00:00,1xBet,h2h,neil magny,ramiz brahimaj,1.96,1.96,2026-08-08T02:20:28Z
2026-08-08T02:20:42+00:00,Pinnacle,h2h,neil magny,ramiz brahimaj,1.88,1.97,2026-08-08T02:20:39Z
2026-08-08T02:20:42+00:00,888sport,h2h,neil magny,ramiz brahimaj,1.91,1.91,2026-08-08T02:20:28Z
2026-08-08T02:20:42+00:00,Nordic Bet,h2h,neil magny,ramiz brahimaj,1.88,1.88,2026-08-08T02:20:42Z
2026-08-08T02:20:42+00:00,Betsson,h2h,neil magny,ramiz brahimaj,1.88,1.88,2026-08-08T02:20:19Z
2026-08-08T02:20:42+00:00,DraftKings,h2h,neil magny,ramiz brahimaj,1.87,1.95,2026-08-08T02:19:56Z
2026-08-08T02:20:42+00:00,LiveScore Bet,h2h,neil magny,ramiz brahimaj,1.9,1.9,2026-08-08T02:20:17Z
2026-08-08T02:20:42+00:00,Virgin Bet,h2h,neil magny,ramiz brahimaj,1.9,1.9,2026-08-08T02:19:45Z
2026-08-08T02:20:42+00:00,Grosvenor,h2h,neil magny,ramiz brahimaj,1.82,1.82,2026-08-08T02:20:07Z
2026-08-08T02:20:42+00:00,BetRivers,h2h,neil magny,ramiz brahimaj,1.89,1.89,2026-08-08T02:20:06Z
2026-08-08T02:20:42+00:00,Coolbet,h2h,neil magny,ramiz brahimaj,1.92,1.92,2026-08-08T02:19:24Z
2026-08-08T02:20:42+00:00,DraftKings,h2h,robelis despaigne,tai tuivasa,1.2,4.8,2026-08-08T02:19:56Z
2026-08-08T02:20:42+00:00,1xBet,h2h,robelis despaigne,tai tuivasa,1.23,4.66,2026-08-08T02:20:28Z
2026-08-08T02:20:42+00:00,BetOnline.ag,h2h,song yadong,umar nurmagomedov,4.5,1.22,2026-08-08T02:19:52Z
2026-08-08T02:20:42+00:00,Betclic (FR),h2h,song yadong,umar nurmagomedov,4.45,1.17,2026-08-08T02:19:17Z
2026-08-08T02:20:42+00:00,1xBet,h2h,song yadong,umar nurmagomedov,5.19,1.19,2026-08-08T02:20:28Z
2026-08-08T02:20:42+00:00,BetUS,h2h,song yadong,umar nurmagomedov,4.39,1.22,2026-08-08T02:20:28Z
2026-08-08T02:20:42+00:00,DraftKings,h2h,song yadong,umar nurmagomedov,4.5,1.22,2026-08-08T02:19:56Z
2026-08-08T02:20:42+00:00,Betway,h2h,song yadong,umar nurmagomedov,4.5,1.2,2026-08-08T02:20:28Z
2026-08-08T02:20:42+00:00,FanDuel,h2h,song yadong,umar nurmagomedov,4.5,1.19,2026-08-08T02:20:38Z
2026-08-08T02:20:42+00:00,Paddy Power,h2h,song yadong,umar nurmagomedov,4.5,1.2,2026-08-08T02:19:45Z
2026-08-08T02:20:42+00:00,Winamax (FR),h2h,song yadong,umar nurmagomedov,4.0,1.2,2026-08-08T02:20:18Z
2026-08-08T02:20:42+00:00,LiveScore Bet,h2h,song yadong,umar nurmagomedov,4.35,1.21,2026-08-08T02:20:17Z
2026-08-08T02:20:42+00:00,BetRivers,h2h,song yadong,umar nurmagomedov,4.35,1.21,2026-08-08T02:20:06Z
2026-08-08T02:20:42+00:00,Virgin Bet,h2h,song yadong,umar nurmagomedov,4.35,1.21,2026-08-08T02:19:45Z
2026-08-08T02:20:42+00:00,Grosvenor,h2h,song yadong,umar nurmagomedov,4.1,1.17,2026-08-08T02:20:07Z
2026-08-08T02:20:42+00:00,Coolbet,h2h,song yadong,umar nurmagomedov,4.5,1.22,2026-08-08T02:19:24Z
2026-08-08T02:20:42+00:00,BetOnline.ag,h2h,tresean gore,vicente luque,1.83,2.0,2026-08-08T02:19:52Z
2026-08-08T02:20:42+00:00,1xBet,h2h,tresean gore,vicente luque,1.81,2.2,2026-08-08T02:20:28Z
2026-08-08T02:20:42+00:00,Pinnacle,h2h,tresean gore,vicente luque,1.71,2.19,2026-08-08T02:20:39Z
2026-08-08T02:20:42+00:00,Unibet (UK),h2h,tresean gore,vicente luque,1.78,1.98,2026-08-08T02:20:08Z
2026-08-08T02:20:42+00:00,Nordic Bet,h2h,tresean gore,vicente luque,1.7,2.1,2026-08-08T02:20:42Z
2026-08-08T02:20:42+00:00,Betsson,h2h,tresean gore,vicente luque,1.7,2.1,2026-08-08T02:20:19Z
2026-08-08T02:20:42+00:00,DraftKings,h2h,tresean gore,vicente luque,1.7,2.2,2026-08-08T02:19:56Z
2026-08-08T02:20:42+00:00,Grosvenor,h2h,tresean gore,vicente luque,1.7,1.96,2026-08-08T02:20:07Z
2026-08-08T02:20:42+00:00,LiveScore Bet,h2h,tresean gore,vicente luque,1.76,2.07,2026-08-08T02:20:17Z
2026-08-08T02:20:42+00:00,BetRivers,h2h,tresean gore,vicente luque,1.76,2.07,2026-08-08T02:20:06Z
2026-08-08T02:20:42+00:00,Virgin Bet,h2h,tresean gore,vicente luque,1.76,2.07,2026-08-08T02:19:45Z
2026-08-08T02:20:42+00:00,Coolbet,h2h,tresean gore,vicente luque,1.77,2.1,2026-08-08T02:19:24Z
2026-08-08T02:22:17+00:00,BetOnline.ag,h2h,aaron jeffery,joshua silveira,1.51,2.7,2026-08-08T02:21:09Z
2026-08-08T02:22:17+00:00,FanDuel,h2h,aaron jeffery,joshua silveira,1.54,2.56,2026-08-08T02:21:44Z
2026-08-08T02:22:17+00:00,Winamax (FR),h2h,aaron jeffery,joshua silveira,1.44,2.3,2026-08-08T02:21:24Z
2026-08-08T02:22:17+00:00,Grosvenor,h2h,aaron jeffery,joshua silveira,1.5,2.45,2026-08-08T02:21:12Z
2026-08-08T02:22:17+00:00,BetOnline.ag,h2h,alex pereira,josh hokit,2.4,1.62,2026-08-08T02:21:09Z
2026-08-08T02:22:17+00:00,DraftKings,h2h,alexandre pantoja,joshua van,1.85,1.98,2026-08-08T02:22:06Z
2026-08-08T02:22:17+00:00,Betclic (FR),h2h,alexandre pantoja,joshua van,1.85,1.85,2026-08-08T02:21:36Z
2026-08-08T02:22:17+00:00,1xBet,h2h,alexandre pantoja,joshua van,1.96,1.96,2026-08-08T02:21:33Z
2026-08-08T02:22:17+00:00,BetRivers,h2h,alexandre pantoja,joshua van,1.83,1.97,2026-08-08T02:21:12Z
2026-08-08T02:22:17+00:00,Virgin Bet,h2h,alexandre pantoja,joshua van,1.83,1.98,2026-08-08T02:21:56Z
2026-08-08T02:22:17+00:00,Grosvenor,h2h,alexandre pantoja,joshua van,1.75,1.88,2026-08-08T02:21:12Z
2026-08-08T02:22:17+00:00,LiveScore Bet,h2h,alexandre pantoja,joshua van,1.83,1.98,2026-08-08T02:21:22Z
2026-08-08T02:22:17+00:00,Winamax (FR),h2h,alexandre pantoja,joshua van,1.74,1.84,2026-08-08T02:21:24Z
2026-08-08T02:22:17+00:00,BetOnline.ag,h2h,alexia thainara,amanda lemos,1.38,3.15,2026-08-08T02:21:10Z
2026-08-08T02:22:17+00:00,1xBet,h2h,alexia thainara,amanda lemos,1.37,3.15,2026-08-08T02:21:33Z
2026-08-08T02:22:17+00:00,Pinnacle,h2h,alexia thainara,amanda lemos,1.4,3.15,2026-08-08T02:22:06Z
2026-08-08T02:22:17+00:00,BetUS,h2h,alexia thainara,amanda lemos,1.38,3.14,2026-08-08T02:21:33Z
2026-08-08T02:22:17+00:00,Unibet (UK),h2h,alexia thainara,amanda lemos,1.36,3.15,2026-08-08T02:21:14Z
2026-08-08T02:22:17+00:00,Nordic Bet,h2h,alexia thainara,amanda lemos,1.35,3.35,2026-08-08T02:21:44Z
2026-08-08T02:22:17+00:00,Betsson,h2h,alexia thainara,amanda lemos,1.35,3.35,2026-08-08T02:21:23Z
2026-08-08T02:22:17+00:00,DraftKings,h2h,alexia thainara,amanda lemos,1.38,3.15,2026-08-08T02:22:06Z
2026-08-08T02:22:17+00:00,Virgin Bet,h2h,alexia thainara,amanda lemos,1.37,3.1,2026-08-08T02:21:56Z
2026-08-08T02:22:17+00:00,LiveScore Bet,h2h,alexia thainara,amanda lemos,1.37,3.1,2026-08-08T02:21:22Z
2026-08-08T02:22:17+00:00,BetRivers,h2h,alexia thainara,amanda lemos,1.36,3.1,2026-08-08T02:21:12Z
2026-08-08T02:22:17+00:00,Grosvenor,h2h,alexia thainara,amanda lemos,1.33,2.9,2026-08-08T02:21:12Z
2026-08-08T02:22:17+00:00,Coolbet,h2h,alexia thainara,amanda lemos,1.37,3.22,2026-08-08T02:19:24Z
2026-08-08T02:22:17+00:00,FanDuel,h2h,alexia thainara,amanda lemos,1.4,3.05,2026-08-08T02:21:44Z
2026-08-08T02:22:17+00:00,Betfair Sportsbook,h2h,alexia thainara,amanda lemos,1.4,2.88,2026-08-08T02:21:12Z
2026-08-08T02:22:17+00:00,Paddy Power,h2h,alexia thainara,amanda lemos,1.4,2.88,2026-08-08T02:21:55Z
2026-08-08T02:22:17+00:00,Bovada,h2h,alexia thainara,amanda lemos,1.38,3.15,2026-08-08T02:17:19Z
2026-08-08T02:22:17+00:00,Betclic (FR),h2h,alexia thainara,amanda lemos,1.32,3.1,2026-08-08T02:21:36Z
2026-08-08T02:22:17+00:00,Betway,h2h,alexia thainara,amanda lemos,1.36,3.1,2026-08-08T02:21:34Z
2026-08-08T02:22:17+00:00,Betfair,h2h,alexia thainara,amanda lemos,1.43,3.2,2026-08-08T02:21:55Z
2026-08-08T02:22:17+00:00,Betfair,h2h,alexia thainara,amanda lemos,1.43,3.2,2026-08-08T02:22:06Z
2026-08-08T02:22:17+00:00,PMU (FR),h2h,alexia thainara,amanda lemos,1.36,3.1,2026-08-08T02:21:35Z
2026-08-08T02:22:17+00:00,BetAnything,h2h,alexia thainara,amanda lemos,1.38,3.05,2026-08-08T02:21:23Z
2026-08-08T02:22:17+00:00,Winamax (FR),h2h,alexia thainara,amanda lemos,1.34,2.95,2026-08-08T02:21:24Z
2026-08-08T02:22:17+00:00,Matchbook,h2h,alexia thainara,amanda lemos,1.43,3.2,2026-08-08T02:21:56Z
2026-08-08T02:22:17+00:00,Marathon Bet,h2h,alexia thainara,amanda lemos,1.36,3.04,2026-08-08T02:20:39Z
2026-08-08T02:22:17+00:00,Unibet (FR),h2h,alexia thainara,amanda lemos,1.33,3.05,2026-08-08T02:22:06Z
2026-08-08T02:22:17+00:00,BetOnline.ag,h2h,ananias mulumba,tom pagliarulo,1.59,2.3,2026-08-08T02:21:09Z
2026-08-08T02:22:17+00:00,BetOnline.ag,h2h,arman tsarukyan,justin gaethje,1.2,4.85,2026-08-08T02:21:09Z
2026-08-08T02:22:17+00:00,DraftKings,h2h,arman tsarukyan,mauricio ruffy,1.28,3.85,2026-08-08T02:22:06Z
2026-08-08T02:22:17+00:00,Betclic (FR),h2h,arman tsarukyan,mauricio ruffy,1.21,4.0,2026-08-08T02:21:36Z
2026-08-08T02:22:17+00:00,Winamax (FR),h2h,arman tsarukyan,mauricio ruffy,1.23,3.3,2026-08-08T02:21:24Z
2026-08-08T02:22:17+00:00,1xBet,h2h,arman tsarukyan,mauricio ruffy,1.28,4.14,2026-08-08T02:21:33Z
2026-08-08T02:22:17+00:00,BetOnline.ag,h2h,billy goff,ty miller,4.1,1.26,2026-08-08T02:21:10Z
2026-08-08T02:22:17+00:00,1xBet,h2h,billy goff,ty miller,4.22,1.23,2026-08-08T02:21:33Z
2026-08-08T02:22:17+00:00,Pinnacle,h2h,billy goff,ty miller,4.3,1.25,2026-08-08T02:22:06Z
2026-08-08T02:22:17+00:00,BetUS,h2h,billy goff,ty miller,4.3,1.23,2026-08-08T02:21:33Z
2026-08-08T02:22:17+00:00,Unibet (UK),h2h,billy goff,ty miller,4.1,1.24,2026-08-08T02:21:14Z
2026-08-08T02:22:17+00:00,888sport,h2h,billy goff,ty miller,4.0,1.25,2026-08-08T02:21:33Z
2026-08-08T02:22:17+00:00,Betsson,h2h,billy goff,ty miller,4.15,1.24,2026-08-08T02:21:23Z
2026-08-08T02:22:17+00:00,Nordic Bet,h2h,billy goff,ty miller,4.15,1.24,2026-08-08T02:21:44Z
2026-08-08T02:22:17+00:00,DraftKings,h2h,billy goff,ty miller,4.3,1.24,2026-08-08T02:22:06Z
2026-08-08T02:22:17+00:00,Coolbet,h2h,billy goff,ty miller,3.9,1.28,2026-08-08T02:19:24Z
2026-08-08T02:22:17+00:00,Virgin Bet,h2h,billy goff,ty miller,4.1,1.24,2026-08-08T02:21:56Z
2026-08-08T02:22:17+00:00,BetRivers,h2h,billy goff,ty miller,4.1,1.24,2026-08-08T02:21:12Z
2026-08-08T02:22:17+00:00,Grosvenor,h2h,billy goff,ty miller,3.85,1.19,2026-08-08T02:21:12Z
2026-08-08T02:22:17+00:00,LiveScore Bet,h2h,billy goff,ty miller,4.1,1.24,2026-08-08T02:21:22Z
2026-08-08T02:22:17+00:00,Betfair Sportsbook,h2h,billy goff,ty miller,3.75,1.25,2026-08-08T02:21:12Z
2026-08-08T02:22:17+00:00,Paddy Power,h2h,billy goff,ty miller,3.75,1.25,2026-08-08T02:21:55Z
2026-08-08T02:22:17+00:00,FanDuel,h2h,billy goff,ty miller,4.1,1.26,2026-08-08T02:21:44Z
2026-08-08T02:22:17+00:00,Bovada,h2h,billy goff,ty miller,4.15,1.25,2026-08-08T02:17:19Z
2026-08-08T02:22:17+00:00,Betclic (FR),h2h,billy goff,ty miller,4.0,1.21,2026-08-08T02:21:36Z
2026-08-08T02:22:17+00:00,Betway,h2h,billy goff,ty miller,4.0,1.25,2026-08-08T02:21:34Z
2026-08-08T02:22:17+00:00,Betfair,h2h,billy goff,ty miller,4.5,1.26,2026-08-08T02:21:55Z
2026-08-08T02:22:17+00:00,Betfair,h2h,billy goff,ty miller,4.5,1.26,2026-08-08T02:22:06Z
2026-08-08T02:22:17+00:00,PMU (FR),h2h,billy goff,ty miller,4.1,1.24,2026-08-08T02:21:35Z
2026-08-08T02:22:17+00:00,BetAnything,h2h,billy goff,ty miller,3.65,1.24,2026-08-08T02:21:23Z
2026-08-08T02:22:17+00:00,Winamax (FR),h2h,billy goff,ty miller,3.55,1.2,2026-08-08T02:21:24Z
2026-08-08T02:22:17+00:00,Matchbook,h2h,billy goff,ty miller,4.5,1.26,2026-08-08T02:21:56Z
2026-08-08T02:22:17+00:00,BetOnline.ag,h2h,billy quarantillo,carlos diego ferreira,2.57,1.56,2026-08-08T02:21:10Z
2026-08-08T02:22:17+00:00,1xBet,h2h,billy quarantillo,carlos diego ferreira,2.44,1.56,2026-08-08T02:21:33Z
2026-08-08T02:22:17+00:00,Pinnacle,h2h,billy quarantillo,carlos diego ferreira,2.51,1.57,2026-08-08T02:22:06Z
2026-08-08T02:22:17+00:00,BetUS,h2h,billy quarantillo,carlos diego ferreira,2.48,1.56,2026-08-08T02:21:33Z
2026-08-08T02:22:17+00:00,Unibet (UK),h2h,billy quarantillo,carlos diego ferreira,2.5,1.53,2026-08-08T02:21:14Z
2026-08-08T02:22:17+00:00,888sport,h2h,billy quarantillo,carlos diego ferreira,2.5,1.53,2026-08-08T02:21:33Z
2026-08-08T02:22:17+00:00,Nordic Bet,h2h,billy quarantillo,carlos diego ferreira,2.4,1.6,2026-08-08T02:21:44Z
2026-08-08T02:22:17+00:00,Betsson,h2h,billy quarantillo,carlos diego ferreira,2.4,1.6,2026-08-08T02:21:23Z
2026-08-08T02:22:17+00:00,DraftKings,h2h,billy quarantillo,carlos diego ferreira,2.5,1.56,2026-08-08T02:22:06Z
2026-08-08T02:22:17+00:00,LiveScore Bet,h2h,billy quarantillo,carlos diego ferreira,2.43,1.56,2026-08-08T02:21:22Z
2026-08-08T02:22:17+00:00,Grosvenor,h2h,billy quarantillo,carlos diego ferreira,2.3,1.5,2026-08-08T02:21:12Z
2026-08-08T02:22:17+00:00,Virgin Bet,h2h,billy quarantillo,carlos diego ferreira,2.43,1.56,2026-08-08T02:21:56Z
2026-08-08T02:22:17+00:00,BetRivers,h2h,billy quarantillo,carlos diego ferreira,2.43,1.56,2026-08-08T02:21:12Z
2026-08-08T02:22:17+00:00,Marathon Bet,h2h,billy quarantillo,carlos diego ferreira,2.43,1.53,2026-08-08T02:20:39Z
2026-08-08T02:22:17+00:00,Coolbet,h2h,billy quarantillo,carlos diego ferreira,2.5,1.56,2026-08-08T02:19:24Z
2026-08-08T02:22:17+00:00,Betclic (FR),h2h,billy quarantillo,carlos diego ferreira,2.43,1.5,2026-08-08T02:21:36Z
2026-08-08T02:22:17+00:00,FanDuel,h2h,billy quarantillo,carlos diego ferreira,2.48,1.57,2026-08-08T02:21:44Z
2026-08-08T02:22:17+00:00,Paddy Power,h2h,billy quarantillo,carlos diego ferreira,2.38,1.57,2026-08-08T02:21:55Z
2026-08-08T02:22:17+00:00,Bovada,h2h,billy quarantillo,carlos diego ferreira,2.47,1.58,2026-08-08T02:17:19Z
2026-08-08T02:22:17+00:00,Unibet (FR),h2h,billy quarantillo,carlos diego ferreira,2.45,1.49,2026-08-08T02:22:06Z
2026-08-08T02:22:17+00:00,Betway,h2h,billy quarantillo,carlos diego ferreira,2.4,1.57,2026-08-08T02:21:34Z
2026-08-08T02:22:17+00:00,Betfair,h2h,billy quarantillo,carlos diego ferreira,2.66,1.57,2026-08-08T02:21:55Z
2026-08-08T02:22:17+00:00,Betfair,h2h,billy quarantillo,carlos diego ferreira,2.66,1.57,2026-08-08T02:22:06Z
2026-08-08T02:22:17+00:00,PMU (FR),h2h,billy quarantillo,carlos diego ferreira,2.43,1.56,2026-08-08T02:21:35Z
2026-08-08T02:22:17+00:00,BetAnything,h2h,billy quarantillo,carlos diego ferreira,2.5,1.56,2026-08-08T02:21:23Z
2026-08-08T02:22:17+00:00,Winamax (FR),h2h,billy quarantillo,carlos diego ferreira,2.4,1.5,2026-08-08T02:21:24Z
2026-08-08T02:22:17+00:00,Matchbook,h2h,billy quarantillo,carlos diego ferreira,2.66,1.57,2026-08-08T02:21:56Z
2026-08-08T02:22:17+00:00,BetOnline.ag,h2h,brandon lewis,lewis mcgrillen,11.41,1.05,2026-08-08T02:21:09Z
2026-08-08T02:22:17+00:00,FanDuel,h2h,brandon lewis,lewis mcgrillen,7.6,1.1,2026-08-08T02:21:44Z
2026-08-08T02:22:17+00:00,Winamax (FR),h2h,brandon lewis,lewis mcgrillen,6.25,1.03,2026-08-08T02:21:24Z
2026-08-08T02:22:17+00:00,Grosvenor,h2h,brandon lewis,lewis mcgrillen,6.75,1.1,2026-08-08T02:21:12Z
2026-08-08T02:22:17+00:00,BetOnline.ag,h2h,bruno lopes,diyar nurgozhay,2.3,1.67,2026-08-08T02:21:10Z
2026-08-08T02:22:17+00:00,1xBet,h2h,bruno lopes,diyar nurgozhay,2.22,1.63,2026-08-08T02:21:33Z
2026-08-08T02:22:17+00:00,Pinnacle,h2h,bruno lopes,diyar nurgozhay,2.36,1.64,2026-08-08T02:22:06Z
2026-08-08T02:22:17+00:00,BetUS,h2h,bruno lopes,diyar nurgozhay,2.3,1.65,2026-08-08T02:21:33Z
2026-08-08T02:22:17+00:00,Unibet (UK),h2h,bruno lopes,diyar nurgozhay,2.3,1.63,2026-08-08T02:21:14Z
2026-08-08T02:22:17+00:00,Betsson,h2h,bruno lopes,diyar nurgozhay,2.25,1.67,2026-08-08T02:21:23Z
2026-08-08T02:22:17+00:00,Nordic Bet,h2h,bruno lopes,diyar nurgozhay,2.25,1.67,2026-08-08T02:21:44Z
2026-08-08T02:22:17+00:00,DraftKings,h2h,bruno lopes,diyar nurgozhay,2.3,1.65,2026-08-08T02:22:06Z
2026-08-08T02:22:17+00:00,Coolbet,h2h,bruno lopes,diyar nurgozhay,2.3,1.65,2026-08-08T02:19:24Z
2026-08-08T02:22:17+00:00,FanDuel,h2h,bruno lopes,diyar nurgozhay,2.32,1.64,2026-08-08T02:21:44Z
2026-08-08T02:22:17+00:00,Betfair Sportsbook,h2h,bruno lopes,diyar nurgozhay,2.25,1.62,2026-08-08T02:21:12Z
2026-08-08T02:22:17+00:00,Paddy Power,h2h,bruno lopes,diyar nurgozhay,2.25,1.62,2026-08-08T02:21:55Z
2026-08-08T02:22:17+00:00,Bovada,h2h,bruno lopes,diyar nurgozhay,2.3,1.67,2026-08-08T02:17:19Z
2026-08-08T02:22:17+00:00,LiveScore Bet,h2h,bruno lopes,diyar nurgozhay,2.23,1.65,2026-08-08T02:21:22Z
2026-08-08T02:22:17+00:00,Virgin Bet,h2h,bruno lopes,diyar nurgozhay,2.23,1.65,2026-08-08T02:21:56Z
2026-08-08T02:22:17+00:00,Grosvenor,h2h,bruno lopes,diyar nurgozhay,2.12,1.6,2026-08-08T02:21:12Z
2026-08-08T02:22:17+00:00,BetRivers,h2h,bruno lopes,diyar nurgozhay,2.23,1.65,2026-08-08T02:21:12Z
2026-08-08T02:22:17+00:00,Betway,h2h,bruno lopes,diyar nurgozhay,2.2,1.67,2026-08-08T02:21:34Z
2026-08-08T02:22:17+00:00,Betfair,h2h,bruno lopes,diyar nurgozhay,2.46,1.65,2026-08-08T02:21:55Z
2026-08-08T02:22:17+00:00,Betfair,h2h,bruno lopes,diyar nurgozhay,2.46,1.65,2026-08-08T02:22:06Z
2026-08-08T02:22:17+00:00,BetAnything,h2h,bruno lopes,diyar nurgozhay,2.3,1.62,2026-08-08T02:21:23Z
2026-08-08T02:22:17+00:00,Matchbook,h2h,bruno lopes,diyar nurgozhay,2.46,1.65,2026-08-08T02:21:56Z
2026-08-08T02:22:17+00:00,BetOnline.ag,h2h,bryan battle,dalton rosta,1.74,2.15,2026-08-08T02:21:09Z
2026-08-08T02:22:17+00:00,Winamax (FR),h2h,bryan battle,dalton rosta,1.62,1.96,2026-08-08T02:21:24Z
2026-08-08T02:22:17+00:00,Grosvenor,h2h,bryan battle,dalton rosta,1.68,2.15,2026-08-08T02:21:12Z
2026-08-08T02:22:17+00:00,FanDuel,h2h,bryan battle,dalton rosta,1.74,2.16,2026-08-08T02:21:44Z
2026-08-08T02:22:17+00:00,BetOnline.ag,h2h,carlos ulberg,magomed ankalaev,2.65,1.53,2026-08-08T02:21:09Z
2026-08-08T02:22:17+00:00,BetOnline.ag,h2h,carol foro,giovanna canuto,1.43,2.95,2026-08-08T02:21:10Z
2026-08-08T02:22:17+00:00,1xBet,h2h,carol foro,giovanna canuto,1.37,3.03,2026-08-08T02:21:33Z
2026-08-08T02:22:17+00:00,FanDuel,h2h,carol foro,giovanna canuto,1.38,3.15,2026-08-08T02:21:44Z
2026-08-08T02:22:17+00:00,Betfair Sportsbook,h2h,carol foro,giovanna canuto,1.36,3.0,2026-08-08T02:21:12Z
2026-08-08T02:22:17+00:00,Unibet (UK),h2h,carol foro,giovanna canuto,1.42,2.9,2026-08-08T02:21:14Z
2026-08-08T02:22:17+00:00,Betfair,h2h,carol foro,giovanna canuto,1.41,3.05,2026-08-08T02:21:55Z
2026-08-08T02:22:17+00:00,Paddy Power,h2h,carol foro,giovanna canuto,1.36,3.0,2026-08-08T02:21:55Z
2026-08-08T02:22:17+00:00,Betfair,h2h,carol foro,giovanna canuto,1.41,3.05,2026-08-08T02:22:06Z
2026-08-08T02:22:17+00:00,Betway,h2h,carol foro,giovanna canuto,1.36,3.1,2026-08-08T02:21:34Z
2026-08-08T02:22:17+00:00,Bovada,h2h,carol foro,giovanna canuto,1.41,3.05,2026-08-08T02:17:19Z
2026-08-08T02:22:17+00:00,DraftKings,h2h,carol foro,giovanna canuto,1.41,3.0,2026-08-08T02:22:06Z
2026-08-08T02:22:17+00:00,Betsson,h2h,carol foro,giovanna canuto,1.37,2.95,2026-08-08T02:21:23Z
2026-08-08T02:22:17+00:00,Nordic Bet,h2h,carol foro,giovanna canuto,1.37,2.95,2026-08-08T02:21:44Z
2026-08-08T02:22:17+00:00,Coolbet,h2h,carol foro,giovanna canuto,1.39,3.1,2026-08-08T02:19:24Z
2026-08-08T02:22:17+00:00,BetRivers,h2h,carol foro,giovanna canuto,1.38,3.05,2026-08-08T02:21:12Z
2026-08-08T02:22:17+00:00,Virgin Bet,h2h,carol foro,giovanna canuto,1.38,3.05,2026-08-08T02:21:56Z
2026-08-08T02:22:17+00:00,Grosvenor,h2h,carol foro,giovanna canuto,1.33,2.88,2026-08-08T02:21:12Z
2026-08-08T02:22:17+00:00,LiveScore Bet,h2h,carol foro,giovanna canuto,1.38,3.05,2026-08-08T02:21:22Z
2026-08-08T02:22:17+00:00,BetUS,h2h,carol foro,giovanna canuto,1.4,3.07,2026-08-08T02:21:33Z
2026-08-08T02:22:17+00:00,BetAnything,h2h,carol foro,giovanna canuto,1.38,3.0,2026-08-08T02:21:23Z
2026-08-08T02:22:17+00:00,888sport,h2h,carol foro,giovanna canuto,1.4,2.95,2026-08-08T02:21:33Z
2026-08-08T02:22:17+00:00,Matchbook,h2h,carol foro,giovanna canuto,1.41,3.05,2026-08-08T02:21:56Z
2026-08-08T02:22:17+00:00,Pinnacle,h2h,carol foro,giovanna canuto,1.41,3.07,2026-08-08T02:22:06Z
2026-08-08T02:22:17+00:00,BetOnline.ag,h2h,charles johnson,jose ochoa,3.89,1.28,2026-08-08T02:21:09Z
2026-08-08T02:22:17+00:00,Pinnacle,h2h,charles johnson,jose ochoa,3.67,1.31,2026-08-08T02:22:06Z
2026-08-08T02:22:17+00:00,1xBet,h2h,charles johnson,jose ochoa,3.69,1.3,2026-08-08T02:21:33Z
2026-08-08T02:22:17+00:00,Betsson,h2h,charles johnson,jose ochoa,3.75,1.25,2026-08-08T02:21:23Z
2026-08-08T02:22:17+00:00,Nordic Bet,h2h,charles johnson,jose ochoa,3.75,1.25,2026-08-08T02:21:44Z
2026-08-08T02:22:17+00:00,DraftKings,h2h,charles johnson,jose ochoa,3.6,1.31,2026-08-08T02:22:06Z
2026-08-08T02:22:17+00:00,Betclic (FR),h2h,charles johnson,jose ochoa,3.7,1.24,2026-08-08T02:21:36Z
2026-08-08T02:22:17+00:00,BetRivers,h2h,charles johnson,jose ochoa,3.8,1.26,2026-08-08T02:21:12Z
2026-08-08T02:22:17+00:00,Virgin Bet,h2h,charles johnson,jose ochoa,3.8,1.26,2026-08-08T02:21:56Z
2026-08-08T02:22:17+00:00,Grosvenor,h2h,charles johnson,jose ochoa,3.65,1.21,2026-08-08T02:21:12Z
2026-08-08T02:22:17+00:00,LiveScore Bet,h2h,charles johnson,jose ochoa,3.8,1.26,2026-08-08T02:21:22Z
2026-08-08T02:22:17+00:00,Coolbet,h2h,charles johnson,jose ochoa,3.7,1.3,2026-08-08T02:19:24Z
2026-08-08T02:22:17+00:00,BetOnline.ag,h2h,chidi njokuani,joel alvarez,3.19,1.38,2026-08-08T02:21:09Z
2026-08-08T02:22:17+00:00,DraftKings,h2h,chidi njokuani,joel alvarez,3.1,1.39,2026-08-08T02:22:06Z
2026-08-08T02:22:17+00:00,Nordic Bet,h2h,chidi njokuani,joel alvarez,2.85,1.4,2026-08-08T02:21:44Z
2026-08-08T02:22:17+00:00,Betsson,h2h,chidi njokuani,joel alvarez,2.85,1.4,2026-08-08T02:21:23Z
2026-08-08T02:22:17+00:00,1xBet,h2h,chidi njokuani,joel alvarez,3.3,1.41,2026-08-08T02:21:33Z
2026-08-08T02:22:17+00:00,BetRivers,h2h,chidi njokuani,joel alvarez,2.95,1.4,2026-08-08T02:21:12Z
2026-08-08T02:22:17+00:00,Virgin Bet,h2h,chidi njokuani,joel alvarez,2.95,1.4,2026-08-08T02:21:56Z
2026-08-08T02:22:17+00:00,Grosvenor,h2h,chidi njokuani,joel alvarez,2.8,1.35,2026-08-08T02:21:12Z
2026-08-08T02:22:17+00:00,LiveScore Bet,h2h,chidi njokuani,joel alvarez,2.95,1.4,2026-08-08T02:21:22Z
2026-08-08T02:22:17+00:00,888sport,h2h,chidi njokuani,joel alvarez,3.05,1.36,2026-08-08T02:21:33Z
2026-08-08T02:22:17+00:00,Coolbet,h2h,chidi njokuani,joel alvarez,3.05,1.4,2026-08-08T02:19:24Z
2026-08-08T02:22:17+00:00,Unibet (UK),h2h,chidi njokuani,joel alvarez,3.0,1.36,2026-08-08T02:21:14Z
2026-08-08T02:22:17+00:00,BetOnline.ag,h2h,ciryl gane,josh hokit,1.4,3.1,2026-08-08T02:21:09Z
2026-08-08T02:22:17+00:00,BetOnline.ag,h2h,ciryl gane,tom aspinall,2.05,1.8,2026-08-08T02:21:09Z
2026-08-08T02:22:17+00:00,BetOnline.ag,h2h,conor mcgregor,jorge masvidal,1.69,2.25,2026-08-08T02:21:09Z
2026-08-08T02:22:17+00:00,BetOnline.ag,h2h,conor mcgregor,paddy pimblett,2.3,1.67,2026-08-08T02:21:09Z
2026-08-08T02:22:17+00:00,BetOnline.ag,h2h,darren elkins,yadier delvalle,6.71,1.12,2026-08-08T02:21:10Z
2026-08-08T02:22:17+00:00,1xBet,h2h,darren elkins,yadier delvalle,6.6,1.11,2026-08-08T02:21:33Z
2026-08-08T02:22:17+00:00,Pinnacle,h2h,darren elkins,yadier delvalle,6.99,1.12,2026-08-08T02:22:06Z
2026-08-08T02:22:17+00:00,BetUS,h2h,darren elkins,yadier delvalle,6.35,1.12,2026-08-08T02:21:33Z
2026-08-08T02:22:17+00:00,Unibet (UK),h2h,darren elkins,yadier delvalle,6.5,1.12,2026-08-08T02:21:14Z
2026-08-08T02:22:17+00:00,888sport,h2h,darren elkins,yadier delvalle,6.7,1.1,2026-08-08T02:21:33Z
2026-08-08T02:22:17+00:00,Nordic Bet,h2h,darren elkins,yadier delvalle,7.0,1.11,2026-08-08T02:21:44Z
2026-08-08T02:22:17+00:00,Betsson,h2h,darren elkins,yadier delvalle,7.0,1.11,2026-08-08T02:21:23Z
2026-08-08T02:22:17+00:00,DraftKings,h2h,darren elkins,yadier delvalle,6.75,1.12,2026-08-08T02:22:06Z
2026-08-08T02:22:17+00:00,Coolbet,h2h,darren elkins,yadier delvalle,6.75,1.12,2026-08-08T02:19:24Z
2026-08-08T02:22:17+00:00,LiveScore Bet,h2h,darren elkins,yadier delvalle,6.5,1.11,2026-08-08T02:21:22Z
2026-08-08T02:22:17+00:00,Virgin Bet,h2h,darren elkins,yadier delvalle,6.5,1.11,2026-08-08T02:21:56Z
2026-08-08T02:22:17+00:00,BetRivers,h2h,darren elkins,yadier delvalle,6.5,1.11,2026-08-08T02:21:12Z
2026-08-08T02:22:17+00:00,Grosvenor,h2h,darren elkins,yadier delvalle,6.0,1.07,2026-08-08T02:21:12Z
2026-08-08T02:22:17+00:00,FanDuel,h2h,darren elkins,yadier delvalle,6.3,1.13,2026-08-08T02:21:44Z
2026-08-08T02:22:17+00:00,Paddy Power,h2h,darren elkins,yadier delvalle,5.5,1.14,2026-08-08T02:21:55Z
2026-08-08T02:22:17+00:00,Bovada,h2h,darren elkins,yadier delvalle,6.75,1.12,2026-08-08T02:17:19Z
2026-08-08T02:22:17+00:00,Betclic (FR),h2h,darren elkins,yadier delvalle,6.6,1.08,2026-08-08T02:21:36Z
2026-08-08T02:22:17+00:00,Betway,h2h,darren elkins,yadier delvalle,6.0,1.12,2026-08-08T02:21:34Z
2026-08-08T02:22:17+00:00,Betfair,h2h,darren elkins,yadier delvalle,6.8,1.15,2026-08-08T02:21:55Z
2026-08-08T02:22:17+00:00,Betfair,h2h,darren elkins,yadier delvalle,6.8,1.15,2026-08-08T02:22:06Z
2026-08-08T02:22:17+00:00,PMU (FR),h2h,darren elkins,yadier delvalle,6.5,1.11,2026-08-08T02:21:35Z
2026-08-08T02:22:17+00:00,BetAnything,h2h,darren elkins,yadier delvalle,5.75,1.12,2026-08-08T02:21:23Z
2026-08-08T02:22:17+00:00,Winamax (FR),h2h,darren elkins,yadier delvalle,5.8,1.1,2026-08-08T02:21:24Z
2026-08-08T02:22:17+00:00,Matchbook,h2h,darren elkins,yadier delvalle,7.2,1.15,2026-08-08T02:21:56Z
2026-08-08T02:22:17+00:00,Unibet (FR),h2h,darren elkins,yadier delvalle,6.1,1.09,2026-08-08T02:22:06Z
2026-08-08T02:22:17+00:00,BetOnline.ag,h2h,darren till,yoel romero,1.57,2.35,2026-08-08T02:21:09Z
2026-08-08T02:22:17+00:00,BetOnline.ag,h2h,donte johnson,eric mcconico,1.39,3.11,2026-08-08T02:21:09Z
2026-08-08T02:22:17+00:00,1xBet,h2h,donte johnson,eric mcconico,1.49,2.95,2026-08-08T02:21:33Z
2026-08-08T02:22:17+00:00,Pinnacle,h2h,donte johnson,eric mcconico,1.41,3.04,2026-08-08T02:22:06Z
2026-08-08T02:22:17+00:00,Unibet (UK),h2h,donte johnson,eric mcconico,1.36,2.95,2026-08-08T02:21:14Z
2026-08-08T02:22:17+00:00,Nordic Bet,h2h,donte johnson,eric mcconico,1.4,2.9,2026-08-08T02:21:44Z
2026-08-08T02:22:17+00:00,Betsson,h2h,donte johnson,eric mcconico,1.4,2.9,2026-08-08T02:21:23Z
2026-08-08T02:22:17+00:00,DraftKings,h2h,donte johnson,eric mcconico,1.41,3.0,2026-08-08T02:22:06Z
2026-08-08T02:22:17+00:00,BetRivers,h2h,donte johnson,eric mcconico,1.4,2.95,2026-08-08T02:21:12Z
2026-08-08T02:22:17+00:00,Virgin Bet,h2h,donte johnson,eric mcconico,1.4,2.95,2026-08-08T02:21:56Z
2026-08-08T02:22:17+00:00,Grosvenor,h2h,donte johnson,eric mcconico,1.35,2.8,2026-08-08T02:21:12Z
2026-08-08T02:22:17+00:00,LiveScore Bet,h2h,donte johnson,eric mcconico,1.4,2.95,2026-08-08T02:21:22Z
2026-08-08T02:22:17+00:00,Coolbet,h2h,donte johnson,eric mcconico,1.42,3.0,2026-08-08T02:19:24Z
2026-08-08T02:22:17+00:00,BetOnline.ag,h2h,dovletdzhan yagshimuradov,simeon powell,1.62,2.4,2026-08-08T02:21:09Z
2026-08-08T02:22:17+00:00,Unibet (FR),h2h,dovletdzhan yagshimuradov,simeon powell,1.57,2.3,2026-08-08T02:22:06Z
2026-08-08T02:22:17+00:00,FanDuel,h2h,dovletdzhan yagshimuradov,simeon powell,1.61,2.38,2026-08-08T02:21:44Z
2026-08-08T02:22:17+00:00,Winamax (FR),h2h,dovletdzhan yagshimuradov,simeon powell,1.52,2.15,2026-08-08T02:21:24Z
2026-08-08T02:22:17+00:00,Grosvenor,h2h,dovletdzhan yagshimuradov,simeon powell,1.53,2.38,2026-08-08T02:21:12Z
2026-08-08T02:22:17+00:00,BetOnline.ag,h2h,dustin stoltzfus,mansur abdul-malik,5.15,1.18,2026-08-08T02:21:09Z
2026-08-08T02:22:17+00:00,1xBet,h2h,dustin stoltzfus,mansur abdul-malik,5.19,1.22,2026-08-08T02:21:33Z
2026-08-08T02:22:17+00:00,Pinnacle,h2h,dustin stoltzfus,mansur abdul-malik,5.13,1.19,2026-08-08T02:22:06Z
2026-08-08T02:22:17+00:00,Unibet (UK),h2h,dustin stoltzfus,mansur abdul-malik,4.75,1.16,2026-08-08T02:21:14Z
2026-08-08T02:22:17+00:00,Winamax (FR),h2h,dustin stoltzfus,mansur abdul-malik,4.2,1.14,2026-08-08T02:21:24Z
2026-08-08T02:22:17+00:00,Betsson,h2h,dustin stoltzfus,mansur abdul-malik,5.0,1.15,2026-08-08T02:21:23Z
2026-08-08T02:22:17+00:00,Nordic Bet,h2h,dustin stoltzfus,mansur abdul-malik,5.0,1.15,2026-08-08T02:21:44Z
2026-08-08T02:22:17+00:00,DraftKings,h2h,dustin stoltzfus,mansur abdul-malik,5.1,1.18,2026-08-08T02:22:06Z
2026-08-08T02:22:17+00:00,Betclic (FR),h2h,dustin stoltzfus,mansur abdul-malik,4.85,1.15,2026-08-08T02:21:36Z
2026-08-08T02:22:17+00:00,BetRivers,h2h,dustin stoltzfus,mansur abdul-malik,5.2,1.16,2026-08-08T02:21:12Z
2026-08-08T02:22:17+00:00,Virgin Bet,h2h,dustin stoltzfus,mansur abdul-malik,5.2,1.16,2026-08-08T02:21:56Z
2026-08-08T02:22:17+00:00,Grosvenor,h2h,dustin stoltzfus,mansur abdul-malik,4.8,1.12,2026-08-08T02:21:12Z
2026-08-08T02:22:17+00:00,LiveScore Bet,h2h,dustin stoltzfus,mansur abdul-malik,5.2,1.16,2026-08-08T02:21:22Z
2026-08-08T02:22:17+00:00,Coolbet,h2h,dustin stoltzfus,mansur abdul-malik,5.15,1.18,2026-08-08T02:19:24Z
2026-08-08T02:22:17+00:00,BetOnline.ag,h2h,edson barboza,esteban ribovics,4.16,1.25,2026-08-08T02:21:09Z
2026-08-08T02:22:17+00:00,1xBet,h2h,edson barboza,esteban ribovics,4.25,1.29,2026-08-08T02:21:33Z
2026-08-08T02:22:17+00:00,Pinnacle,h2h,edson barboza,esteban ribovics,4.18,1.25,2026-08-08T02:22:06Z
2026-08-08T02:22:17+00:00,Unibet (UK),h2h,edson barboza,esteban ribovics,3.9,1.22,2026-08-08T02:21:14Z
2026-08-08T02:22:17+00:00,888sport,h2h,edson barboza,esteban ribovics,4.2,1.22,2026-08-08T02:21:33Z
2026-08-08T02:22:17+00:00,DraftKings,h2h,edson barboza,esteban ribovics,4.1,1.25,2026-08-08T02:22:06Z
2026-08-08T02:22:17+00:00,Betclic (FR),h2h,edson barboza,esteban ribovics,4.0,1.21,2026-08-08T02:21:36Z
2026-08-08T02:22:17+00:00,Grosvenor,h2h,edson barboza,esteban ribovics,4.0,1.18,2026-08-08T02:21:12Z
2026-08-08T02:22:17+00:00,LiveScore Bet,h2h,edson barboza,esteban ribovics,4.25,1.22,2026-08-08T02:21:22Z
2026-08-08T02:22:17+00:00,Virgin Bet,h2h,edson barboza,esteban ribovics,4.25,1.22,2026-08-08T02:21:56Z
2026-08-08T02:22:17+00:00,BetRivers,h2h,edson barboza,esteban ribovics,4.25,1.22,2026-08-08T02:21:12Z
2026-08-08T02:22:17+00:00,Coolbet,h2h,edson barboza,esteban ribovics,4.15,1.25,2026-08-08T02:19:24Z
2026-08-08T02:22:17+00:00,Winamax (FR),h2h,edson barboza,esteban ribovics,3.55,1.2,2026-08-08T02:21:24Z
2026-08-08T02:22:17+00:00,BetOnline.ag,h2h,gable steveson,sean sharaf,1.07,7.0,2026-08-08T02:21:10Z
2026-08-08T02:22:17+00:00,DraftKings,h2h,gable steveson,sean sharaf,1.09,8.0,2026-08-08T02:22:06Z
2026-08-08T02:22:17+00:00,1xBet,h2h,gable steveson,sean sharaf,1.09,7.55,2026-08-08T02:21:33Z
2026-08-08T02:22:17+00:00,FanDuel,h2h,gianni vazquez,miles johns,2.42,1.6,2026-08-08T02:21:44Z
2026-08-08T02:22:17+00:00,Paddy Power,h2h,gianni vazquez,miles johns,2.38,1.57,2026-08-08T02:21:55Z
2026-08-08T02:22:17+00:00,Betfair Sportsbook,h2h,gianni vazquez,miles johns,2.38,1.57,2026-08-08T02:21:12Z
2026-08-08T02:22:17+00:00,1xBet,h2h,gianni vazquez,miles johns,2.3,1.62,2026-08-08T02:21:33Z
2026-08-08T02:22:17+00:00,BetOnline.ag,h2h,gianni vazquez,miles johns,2.49,1.59,2026-08-08T02:21:10Z
2026-08-08T02:22:17+00:00,Betway,h2h,gianni vazquez,miles johns,2.4,1.57,2026-08-08T02:21:34Z
2026-08-08T02:22:17+00:00,Pinnacle,h2h,gianni vazquez,miles johns,2.42,1.61,2026-08-08T02:22:06Z
2026-08-08T02:22:17+00:00,Unibet (UK),h2h,gianni vazquez,miles johns,2.45,1.56,2026-08-08T02:21:14Z
2026-08-08T02:22:17+00:00,BetRivers,h2h,gianni vazquez,miles johns,2.38,1.57,2026-08-08T02:21:12Z
2026-08-08T02:22:17+00:00,Virgin Bet,h2h,gianni vazquez,miles johns,2.38,1.58,2026-08-08T02:21:56Z
2026-08-08T02:22:17+00:00,Grosvenor,h2h,gianni vazquez,miles johns,2.25,1.51,2026-08-08T02:21:12Z
2026-08-08T02:22:17+00:00,LiveScore Bet,h2h,gianni vazquez,miles johns,2.38,1.58,2026-08-08T02:21:22Z
2026-08-08T02:22:17+00:00,BetAnything,h2h,gianni vazquez,miles johns,2.4,1.59,2026-08-08T02:21:23Z
2026-08-08T02:22:17+00:00,Coolbet,h2h,gianni vazquez,miles johns,2.35,1.63,2026-08-08T02:19:24Z
2026-08-08T02:22:17+00:00,Betfair,h2h,gianni vazquez,miles johns,2.24,1.55,2026-08-08T02:21:55Z
2026-08-08T02:22:17+00:00,Betfair,h2h,gianni vazquez,miles johns,2.24,1.55,2026-08-08T02:22:06Z
2026-08-08T02:22:17+00:00,Matchbook,h2h,gianni vazquez,miles johns,2.5,1.55,2026-08-08T02:21:56Z
2026-08-08T02:22:17+00:00,DraftKings,h2h,gillian robertson,mackenzie dern,3.0,1.41,2026-08-08T02:22:06Z
2026-08-08T02:22:17+00:00,Betclic (FR),h2h,gillian robertson,mackenzie dern,2.97,1.34,2026-08-08T02:21:36Z
2026-08-08T02:22:17+00:00,BetOnline.ag,h2h,gillian robertson,mackenzie dern,3.07,1.4,2026-08-08T02:21:09Z
2026-08-08T02:22:17+00:00,1xBet,h2h,gillian robertson,mackenzie dern,2.95,1.44,2026-08-08T02:21:33Z
2026-08-08T02:22:17+00:00,FanDuel,h2h,gillian robertson,mackenzie dern,3.0,1.38,2026-08-08T02:21:44Z
2026-08-08T02:22:17+00:00,Paddy Power,h2h,gillian robertson,mackenzie dern,2.88,1.4,2026-08-08T02:21:55Z
2026-08-08T02:22:17+00:00,LiveScore Bet,h2h,gillian robertson,mackenzie dern,2.88,1.42,2026-08-08T02:21:22Z
2026-08-08T02:22:17+00:00,Grosvenor,h2h,gillian robertson,mackenzie dern,2.7,1.36,2026-08-08T02:21:12Z
2026-08-08T02:22:17+00:00,Virgin Bet,h2h,gillian robertson,mackenzie dern,2.88,1.42,2026-08-08T02:21:56Z
2026-08-08T02:22:17+00:00,Winamax (FR),h2h,gillian robertson,mackenzie dern,2.85,1.36,2026-08-08T02:21:24Z
2026-08-08T02:22:17+00:00,Marathon Bet,h2h,gillian robertson,mackenzie dern,2.86,1.4,2026-08-08T02:20:39Z
2026-08-08T02:22:17+00:00,Pinnacle,h2h,gillian robertson,mackenzie dern,3.01,1.42,2026-08-08T02:22:06Z
2026-08-08T02:22:17+00:00,Coolbet,h2h,gillian robertson,mackenzie dern,2.9,1.44,2026-08-08T02:19:24Z
2026-08-08T02:22:17+00:00,Unibet (FR),h2h,gillian robertson,mackenzie dern,2.7,1.33,2026-08-08T02:22:06Z
2026-08-08T02:22:17+00:00,Unibet (UK),h2h,gillian robertson,mackenzie dern,2.9,1.38,2026-08-08T02:21:14Z
2026-08-08T02:22:17+00:00,BetRivers,h2h,gillian robertson,mackenzie dern,2.88,1.42,2026-08-08T02:21:12Z
2026-08-08T02:22:17+00:00,888sport,h2h,gillian robertson,mackenzie dern,2.95,1.4,2026-08-08T02:21:33Z
2026-08-08T02:22:17+00:00,BetOnline.ag,h2h,guilherme pat,steven asplund,3.52,1.32,2026-08-08T02:21:10Z
2026-08-08T02:22:17+00:00,1xBet,h2h,guilherme pat,steven asplund,3.26,1.32,2026-08-08T02:21:33Z
2026-08-08T02:22:17+00:00,Pinnacle,h2h,guilherme pat,steven asplund,3.47,1.34,2026-08-08T02:22:06Z
2026-08-08T02:22:17+00:00,BetUS,h2h,guilherme pat,steven asplund,3.54,1.32,2026-08-08T02:21:33Z
2026-08-08T02:22:17+00:00,Unibet (UK),h2h,guilherme pat,steven asplund,3.45,1.32,2026-08-08T02:21:14Z
2026-08-08T02:22:17+00:00,888sport,h2h,guilherme pat,steven asplund,3.4,1.3,2026-08-08T02:21:33Z
2026-08-08T02:22:17+00:00,Nordic Bet,h2h,guilherme pat,steven asplund,3.35,1.34,2026-08-08T02:21:44Z
2026-08-08T02:22:17+00:00,Betsson,h2h,guilherme pat,steven asplund,3.35,1.34,2026-08-08T02:21:23Z
2026-08-08T02:22:17+00:00,DraftKings,h2h,guilherme pat,steven asplund,3.4,1.34,2026-08-08T02:22:06Z
2026-08-08T02:22:17+00:00,Grosvenor,h2h,guilherme pat,steven asplund,3.2,1.27,2026-08-08T02:21:12Z
2026-08-08T02:22:17+00:00,Virgin Bet,h2h,guilherme pat,steven asplund,3.4,1.32,2026-08-08T02:21:56Z
2026-08-08T02:22:17+00:00,BetRivers,h2h,guilherme pat,steven asplund,3.4,1.32,2026-08-08T02:21:12Z
2026-08-08T02:22:17+00:00,LiveScore Bet,h2h,guilherme pat,steven asplund,3.4,1.32,2026-08-08T02:21:22Z
2026-08-08T02:22:17+00:00,Coolbet,h2h,guilherme pat,steven asplund,3.45,1.33,2026-08-08T02:19:24Z
2026-08-08T02:22:17+00:00,FanDuel,h2h,guilherme pat,steven asplund,3.4,1.34,2026-08-08T02:21:44Z
2026-08-08T02:22:17+00:00,Betfair Sportsbook,h2h,guilherme pat,steven asplund,3.25,1.33,2026-08-08T02:21:12Z
2026-08-08T02:22:17+00:00,Paddy Power,h2h,guilherme pat,steven asplund,3.25,1.33,2026-08-08T02:21:55Z
2026-08-08T02:22:17+00:00,Bovada,h2h,guilherme pat,steven asplund,3.55,1.32,2026-08-08T02:17:19Z
2026-08-08T02:22:17+00:00,Betway,h2h,guilherme pat,steven asplund,3.1,1.36,2026-08-08T02:21:34Z
2026-08-08T02:22:17+00:00,Betfair,h2h,guilherme pat,steven asplund,3.6,1.36,2026-08-08T02:21:55Z
2026-08-08T02:22:17+00:00,Betfair,h2h,guilherme pat,steven asplund,3.6,1.36,2026-08-08T02:22:06Z
2026-08-08T02:22:17+00:00,BetAnything,h2h,guilherme pat,steven asplund,3.4,1.32,2026-08-08T02:21:23Z
2026-08-08T02:22:17+00:00,Matchbook,h2h,guilherme pat,steven asplund,3.6,1.37,2026-08-08T02:21:56Z
2026-08-08T02:22:17+00:00,DraftKings,h2h,ian garry,islam makhachev,3.75,1.29,2026-08-08T02:22:06Z
2026-08-08T02:22:17+00:00,Betclic (FR),h2h,ian garry,islam makhachev,3.9,1.22,2026-08-08T02:21:36Z
2026-08-08T02:22:17+00:00,BetOnline.ag,h2h,ian garry,islam makhachev,4.03,1.26,2026-08-08T02:21:09Z
2026-08-08T02:22:17+00:00,FanDuel,h2h,ian garry,islam makhachev,3.8,1.26,2026-08-08T02:21:44Z
2026-08-08T02:22:17+00:00,Paddy Power,h2h,ian garry,islam makhachev,3.5,1.29,2026-08-08T02:21:55Z
2026-08-08T02:22:17+00:00,1xBet,h2h,ian garry,islam makhachev,4.55,1.21,2026-08-08T02:21:33Z
2026-08-08T02:22:17+00:00,Winamax (FR),h2h,ian garry,islam makhachev,3.65,1.23,2026-08-08T02:21:24Z
2026-08-08T02:22:17+00:00,Virgin Bet,h2h,ian garry,islam makhachev,3.7,1.28,2026-08-08T02:21:56Z
2026-08-08T02:22:17+00:00,LiveScore Bet,h2h,ian garry,islam makhachev,3.7,1.28,2026-08-08T02:21:22Z
2026-08-08T02:22:17+00:00,Grosvenor,h2h,ian garry,islam makhachev,3.45,1.24,2026-08-08T02:21:12Z
2026-08-08T02:22:17+00:00,Pinnacle,h2h,ian garry,islam makhachev,3.81,1.29,2026-08-08T02:22:06Z
2026-08-08T02:22:17+00:00,Coolbet,h2h,ian garry,islam makhachev,3.7,1.3,2026-08-08T02:19:24Z
2026-08-08T02:22:17+00:00,BetRivers,h2h,ian garry,islam makhachev,3.7,1.28,2026-08-08T02:21:12Z
2026-08-08T02:22:17+00:00,888sport,h2h,ian garry,islam makhachev,3.6,1.29,2026-08-08T02:21:33Z
2026-08-08T02:22:17+00:00,Betfair,h2h,ian garry,islam makhachev,3.9,1.32,2026-08-08T02:22:06Z
2026-08-08T02:22:17+00:00,Betfair,h2h,ian garry,islam makhachev,3.9,1.32,2026-08-08T02:21:55Z
2026-08-08T02:22:17+00:00,Matchbook,h2h,ian garry,islam makhachev,3.9,1.32,2026-08-08T02:21:56Z
2026-08-08T02:22:17+00:00,BetOnline.ag,h2h,ilia topuria,justin gaethje,1.4,3.1,2026-08-08T02:21:09Z
2026-08-08T02:22:17+00:00,BetOnline.ag,h2h,islam makhachev,kamaru usman,1.3,3.7,2026-08-08T02:21:09Z
2026-08-08T02:22:17+00:00,BetOnline.ag,h2h,jalin turner,kaue fernandes,1.65,2.35,2026-08-08T02:21:09Z
2026-08-08T02:22:17+00:00,1xBet,h2h,jalin turner,kaue fernandes,1.61,2.14,2026-08-08T02:21:33Z
2026-08-08T02:22:17+00:00,Pinnacle,h2h,jalin turner,kaue fernandes,1.69,2.24,2026-08-08T02:22:06Z
2026-08-08T02:22:17+00:00,Unibet (UK),h2h,jalin turner,kaue fernandes,1.6,2.25,2026-08-08T02:21:14Z
2026-08-08T02:22:17+00:00,Betsson,h2h,jalin turner,kaue fernandes,1.65,2.2,2026-08-08T02:21:23Z
2026-08-08T02:22:17+00:00,Nordic Bet,h2h,jalin turner,kaue fernandes,1.65,2.2,2026-08-08T02:21:44Z
2026-08-08T02:22:17+00:00,DraftKings,h2h,jalin turner,kaue fernandes,1.68,2.24,2026-08-08T02:22:06Z
2026-08-08T02:22:17+00:00,BetRivers,h2h,jalin turner,kaue fernandes,1.65,2.23,2026-08-08T02:21:12Z
2026-08-08T02:22:17+00:00,Virgin Bet,h2h,jalin turner,kaue fernandes,1.65,2.23,2026-08-08T02:21:56Z
2026-08-08T02:22:17+00:00,Grosvenor,h2h,jalin turner,kaue fernandes,1.6,2.12,2026-08-08T02:21:12Z
2026-08-08T02:22:17+00:00,LiveScore Bet,h2h,jalin turner,kaue fernandes,1.65,2.23,2026-08-08T02:21:22Z
2026-08-08T02:22:17+00:00,Coolbet,h2h,jalin turner,kaue fernandes,1.65,2.3,2026-08-08T02:19:24Z
2026-08-08T02:22:17+00:00,BetOnline.ag,h2h,jean silva,yair rodriguez,1.29,3.8,2026-08-08T02:21:09Z
2026-08-08T02:22:17+00:00,Betclic (FR),h2h,jean silva,yair rodriguez,1.28,3.3,2026-08-08T02:21:36Z
2026-08-08T02:22:17+00:00,1xBet,h2h,jean silva,yair rodriguez,1.36,3.63,2026-08-08T02:21:33Z
2026-08-08T02:22:17+00:00,DraftKings,h2h,jean silva,yair rodriguez,1.28,3.8,2026-08-08T02:22:06Z
2026-08-08T02:22:17+00:00,Winamax (FR),h2h,jean silva,yair rodriguez,1.28,2.95,2026-08-08T02:21:24Z
2026-08-08T02:22:17+00:00,Virgin Bet,h2h,jean silva,yair rodriguez,1.27,3.75,2026-08-08T02:21:56Z
2026-08-08T02:22:17+00:00,Grosvenor,h2h,jean silva,yair rodriguez,1.23,3.5,2026-08-08T02:21:12Z
2026-08-08T02:22:17+00:00,LiveScore Bet,h2h,jean silva,yair rodriguez,1.27,3.75,2026-08-08T02:21:22Z
2026-08-08T02:22:17+00:00,BetRivers,h2h,jean silva,yair rodriguez,1.27,3.75,2026-08-08T02:21:12Z
2026-08-08T02:22:17+00:00,Betway,h2h,jean silva,yair rodriguez,1.29,3.5,2026-08-08T02:21:34Z
2026-08-08T02:22:17+00:00,BetOnline.ag,h2h,jeremiah wells,myktybek orolbai,5.46,1.17,2026-08-08T02:21:09Z
2026-08-08T02:22:17+00:00,1xBet,h2h,jeremiah wells,myktybek orolbai,5.47,1.21,2026-08-08T02:21:33Z
2026-08-08T02:22:17+00:00,Pinnacle,h2h,jeremiah wells,myktybek orolbai,5.11,1.19,2026-08-08T02:22:06Z
2026-08-08T02:22:17+00:00,Betsson,h2h,jeremiah wells,myktybek orolbai,5.25,1.14,2026-08-08T02:21:23Z
2026-08-08T02:22:17+00:00,Nordic Bet,h2h,jeremiah wells,myktybek orolbai,5.25,1.14,2026-08-08T02:21:44Z
2026-08-08T02:22:17+00:00,DraftKings,h2h,jeremiah wells,myktybek orolbai,5.1,1.18,2026-08-08T02:22:06Z
2026-08-08T02:22:17+00:00,LiveScore Bet,h2h,jeremiah wells,myktybek orolbai,5.3,1.16,2026-08-08T02:21:22Z
2026-08-08T02:22:17+00:00,Virgin Bet,h2h,jeremiah wells,myktybek orolbai,5.3,1.16,2026-08-08T02:21:56Z
2026-08-08T02:22:17+00:00,BetRivers,h2h,jeremiah wells,myktybek orolbai,5.3,1.16,2026-08-08T02:21:12Z
2026-08-08T02:22:17+00:00,Grosvenor,h2h,jeremiah wells,myktybek orolbai,4.9,1.12,2026-08-08T02:21:12Z
2026-08-08T02:22:17+00:00,Coolbet,h2h,jeremiah wells,myktybek orolbai,5.4,1.17,2026-08-08T02:19:24Z
2026-08-08T02:22:17+00:00,BetOnline.ag,h2h,jiri prochazka,magomed ankalaev,2.74,1.5,2026-08-08T02:21:09Z
2026-08-08T02:22:17+00:00,Pinnacle,h2h,jose montanha,louie sutherland,2.7,1.51,2026-08-08T02:22:06Z
2026-08-08T02:22:17+00:00,DraftKings,h2h,jose montanha,louie sutherland,2.64,1.51,2026-08-08T02:22:06Z
2026-08-08T02:22:17+00:00,1xBet,h2h,jose montanha,louie sutherland,2.53,1.5,2026-08-08T02:21:33Z
2026-08-08T02:22:17+00:00,BetUS,h2h,jose montanha,louie sutherland,2.74,1.48,2026-08-08T02:21:33Z
2026-08-08T02:22:17+00:00,BetOnline.ag,h2h,jose montanha,louie sutherland,2.8,1.48,2026-08-08T02:21:10Z
2026-08-08T02:22:17+00:00,Coolbet,h2h,jose montanha,louie sutherland,2.62,1.52,2026-08-08T02:19:24Z
2026-08-08T02:22:17+00:00,Bovada,h2h,jose montanha,louie sutherland,2.68,1.51,2026-08-08T02:17:19Z
2026-08-08T02:22:17+00:00,Unibet (UK),h2h,jose montanha,louie sutherland,2.7,1.48,2026-08-08T02:21:14Z
2026-08-08T02:22:17+00:00,FanDuel,h2h,jose montanha,louie sutherland,2.54,1.54,2026-08-08T02:21:44Z
2026-08-08T02:22:17+00:00,Paddy Power,h2h,jose montanha,louie sutherland,2.5,1.53,2026-08-08T02:21:55Z
2026-08-08T02:22:17+00:00,Betfair Sportsbook,h2h,jose montanha,louie sutherland,2.5,1.53,2026-08-08T02:21:12Z
2026-08-08T02:22:17+00:00,Betway,h2h,jose montanha,louie sutherland,2.5,1.53,2026-08-08T02:21:34Z
2026-08-08T02:22:17+00:00,Betfair,h2h,jose montanha,louie sutherland,2.74,1.51,2026-08-08T02:21:55Z
2026-08-08T02:22:17+00:00,Betfair,h2h,jose montanha,louie sutherland,2.74,1.51,2026-08-08T02:22:06Z
2026-08-08T02:22:17+00:00,BetAnything,h2h,jose montanha,louie sutherland,2.6,1.53,2026-08-08T02:21:23Z
2026-08-08T02:22:17+00:00,Grosvenor,h2h,jose montanha,louie sutherland,2.43,1.45,2026-08-08T02:21:12Z
2026-08-08T02:22:17+00:00,Virgin Bet,h2h,jose montanha,louie sutherland,2.55,1.52,2026-08-08T02:21:56Z
2026-08-08T02:22:17+00:00,BetRivers,h2h,jose montanha,louie sutherland,2.55,1.51,2026-08-08T02:21:12Z
2026-08-08T02:22:17+00:00,LiveScore Bet,h2h,jose montanha,louie sutherland,2.55,1.52,2026-08-08T02:21:22Z
2026-08-08T02:22:17+00:00,Matchbook,h2h,jose montanha,louie sutherland,2.78,1.51,2026-08-08T02:21:56Z
2026-08-08T02:22:17+00:00,BetOnline.ag,h2h,joshua van,manel kape,2.65,1.53,2026-08-08T02:21:09Z
2026-08-08T02:22:17+00:00,BetOnline.ag,h2h,juliana miller,ravena oliveira,1.33,3.49,2026-08-08T02:21:10Z
2026-08-08T02:22:17+00:00,1xBet,h2h,juliana miller,ravena oliveira,1.29,3.42,2026-08-08T02:21:33Z
2026-08-08T02:22:17+00:00,Pinnacle,h2h,juliana miller,ravena oliveira,1.34,3.45,2026-08-08T02:22:06Z
2026-08-08T02:22:17+00:00,BetUS,h2h,juliana miller,ravena oliveira,1.33,3.5,2026-08-08T02:21:33Z
2026-08-08T02:22:17+00:00,Unibet (UK),h2h,juliana miller,ravena oliveira,1.32,3.45,2026-08-08T02:21:14Z
2026-08-08T02:22:17+00:00,888sport,h2h,juliana miller,ravena oliveira,1.3,3.4,2026-08-08T02:21:33Z
2026-08-08T02:22:17+00:00,Betsson,h2h,juliana miller,ravena oliveira,1.32,3.5,2026-08-08T02:21:23Z
2026-08-08T02:22:17+00:00,Nordic Bet,h2h,juliana miller,ravena oliveira,1.32,3.5,2026-08-08T02:21:44Z
2026-08-08T02:22:17+00:00,DraftKings,h2h,juliana miller,ravena oliveira,1.34,3.4,2026-08-08T02:22:06Z
2026-08-08T02:22:17+00:00,Grosvenor,h2h,juliana miller,ravena oliveira,1.28,3.15,2026-08-08T02:21:12Z
2026-08-08T02:22:17+00:00,Virgin Bet,h2h,juliana miller,ravena oliveira,1.33,3.35,2026-08-08T02:21:56Z
2026-08-08T02:22:17+00:00,BetRivers,h2h,juliana miller,ravena oliveira,1.33,3.35,2026-08-08T02:21:12Z
2026-08-08T02:22:17+00:00,LiveScore Bet,h2h,juliana miller,ravena oliveira,1.33,3.35,2026-08-08T02:21:22Z
2026-08-08T02:22:17+00:00,Coolbet,h2h,juliana miller,ravena oliveira,1.34,3.37,2026-08-08T02:19:24Z
2026-08-08T02:22:17+00:00,FanDuel,h2h,juliana miller,ravena oliveira,1.33,3.45,2026-08-08T02:21:44Z
2026-08-08T02:22:17+00:00,Betfair Sportsbook,h2h,juliana miller,ravena oliveira,1.33,3.25,2026-08-08T02:21:12Z
2026-08-08T02:22:17+00:00,Paddy Power,h2h,juliana miller,ravena oliveira,1.33,3.25,2026-08-08T02:21:55Z
2026-08-08T02:22:17+00:00,Bovada,h2h,juliana miller,ravena oliveira,1.32,3.55,2026-08-08T02:17:19Z
2026-08-08T02:22:17+00:00,Betway,h2h,juliana miller,ravena oliveira,1.3,3.5,2026-08-08T02:21:34Z
2026-08-08T02:22:17+00:00,Betfair,h2h,juliana miller,ravena oliveira,1.36,3.4,2026-08-08T02:21:55Z
2026-08-08T02:22:17+00:00,Betfair,h2h,juliana miller,ravena oliveira,1.36,3.4,2026-08-08T02:22:06Z
2026-08-08T02:22:17+00:00,BetAnything,h2h,juliana miller,ravena oliveira,1.32,3.4,2026-08-08T02:21:23Z
2026-08-08T02:22:17+00:00,Matchbook,h2h,juliana miller,ravena oliveira,1.36,3.4,2026-08-08T02:21:56Z
2026-08-08T02:22:17+00:00,BetOnline.ag,h2h,khamzat chimaev,paulo henrique costa,1.2,4.75,2026-08-08T02:21:09Z
2026-08-08T02:22:17+00:00,BetOnline.ag,h2h,khamzat chimaev,sean strickland,1.49,2.75,2026-08-08T02:21:09Z
2026-08-08T02:22:17+00:00,BetOnline.ag,h2h,lucas fernando,rafael tobias,1.43,2.92,2026-08-08T02:21:09Z
2026-08-08T02:22:17+00:00,Pinnacle,h2h,lucas fernando,rafael tobias,1.42,3.0,2026-08-08T02:22:06Z
2026-08-08T02:22:17+00:00,1xBet,h2h,lucas fernando,rafael tobias,1.43,2.94,2026-08-08T02:21:33Z
2026-08-08T02:22:17+00:00,Nordic Bet,h2h,lucas fernando,rafael tobias,1.44,2.7,2026-08-08T02:21:44Z
2026-08-08T02:22:17+00:00,Betsson,h2h,lucas fernando,rafael tobias,1.44,2.7,2026-08-08T02:21:23Z
2026-08-08T02:22:17+00:00,DraftKings,h2h,lucas fernando,rafael tobias,1.42,2.95,2026-08-08T02:22:06Z
2026-08-08T02:22:17+00:00,Virgin Bet,h2h,lucas fernando,rafael tobias,1.41,2.9,2026-08-08T02:21:56Z
2026-08-08T02:22:17+00:00,Grosvenor,h2h,lucas fernando,rafael tobias,1.36,2.75,2026-08-08T02:21:12Z
2026-08-08T02:22:17+00:00,LiveScore Bet,h2h,lucas fernando,rafael tobias,1.41,2.9,2026-08-08T02:21:22Z
2026-08-08T02:22:17+00:00,BetRivers,h2h,lucas fernando,rafael tobias,1.41,2.9,2026-08-08T02:21:12Z
2026-08-08T02:22:17+00:00,Coolbet,h2h,lucas fernando,rafael tobias,1.44,2.9,2026-08-08T02:19:24Z
2026-08-08T02:22:17+00:00,Unibet (UK),h2h,lucas fernando,rafael tobias,1.4,2.8,2026-08-08T02:21:14Z
2026-08-08T02:22:17+00:00,BetOnline.ag,h2h,manoel sousa,richie miranda,1.31,3.6,2026-08-08T02:21:10Z
2026-08-08T02:22:17+00:00,1xBet,h2h,manoel sousa,richie miranda,1.32,3.26,2026-08-08T02:21:33Z
2026-08-08T02:22:17+00:00,Unibet (UK),h2h,manoel sousa,richie miranda,1.3,3.5,2026-08-08T02:21:14Z
2026-08-08T02:22:17+00:00,Coolbet,h2h,manoel sousa,richie miranda,1.32,3.54,2026-08-08T02:19:24Z
2026-08-08T02:22:17+00:00,Pinnacle,h2h,manoel sousa,richie miranda,1.34,3.47,2026-08-08T02:22:06Z
2026-08-08T02:22:17+00:00,Betway,h2h,manoel sousa,richie miranda,1.3,3.5,2026-08-08T02:21:34Z
2026-08-08T02:22:17+00:00,FanDuel,h2h,manoel sousa,richie miranda,1.34,3.4,2026-08-08T02:21:44Z
2026-08-08T02:22:17+00:00,Paddy Power,h2h,manoel sousa,richie miranda,1.33,3.25,2026-08-08T02:21:55Z
2026-08-08T02:22:17+00:00,Betfair Sportsbook,h2h,manoel sousa,richie miranda,1.33,3.25,2026-08-08T02:21:12Z
2026-08-08T02:22:17+00:00,Betfair,h2h,manoel sousa,richie miranda,1.37,3.5,2026-08-08T02:21:55Z
2026-08-08T02:22:17+00:00,Betfair,h2h,manoel sousa,richie miranda,1.37,3.5,2026-08-08T02:22:06Z
2026-08-08T02:22:17+00:00,Bovada,h2h,manoel sousa,richie miranda,1.33,3.5,2026-08-08T02:17:19Z
2026-08-08T02:22:17+00:00,Virgin Bet,h2h,manoel sousa,richie miranda,1.32,3.4,2026-08-08T02:21:56Z
2026-08-08T02:22:17+00:00,BetRivers,h2h,manoel sousa,richie miranda,1.32,3.4,2026-08-08T02:21:12Z
2026-08-08T02:22:17+00:00,LiveScore Bet,h2h,manoel sousa,richie miranda,1.32,3.4,2026-08-08T02:21:22Z
2026-08-08T02:22:17+00:00,Grosvenor,h2h,manoel sousa,richie miranda,1.28,3.15,2026-08-08T02:21:12Z
2026-08-08T02:22:17+00:00,BetUS,h2h,manoel sousa,richie miranda,1.34,3.42,2026-08-08T02:21:33Z
2026-08-08T02:22:17+00:00,Nordic Bet,h2h,manoel sousa,richie miranda,1.31,3.6,2026-08-08T02:21:44Z
2026-08-08T02:22:17+00:00,Betsson,h2h,manoel sousa,richie miranda,1.31,3.6,2026-08-08T02:21:23Z
2026-08-08T02:22:17+00:00,888sport,h2h,manoel sousa,richie miranda,1.3,3.4,2026-08-08T02:21:33Z
2026-08-08T02:22:17+00:00,Matchbook,h2h,manoel sousa,richie miranda,1.37,3.55,2026-08-08T02:21:56Z
2026-08-08T02:22:17+00:00,DraftKings,h2h,manoel sousa,richie miranda,1.32,3.5,2026-08-08T02:22:06Z
2026-08-08T02:22:17+00:00,BetAnything,h2h,manoel sousa,richie miranda,1.32,3.35,2026-08-08T02:21:23Z
2026-08-08T02:22:17+00:00,BetOnline.ag,h2h,mateusz gamrot,quillan salkilld,2.12,1.76,2026-08-08T02:21:10Z
2026-08-08T02:22:17+00:00,Winamax (FR),h2h,mateusz gamrot,quillan salkilld,2.0,1.68,2026-08-08T02:21:24Z
2026-08-08T02:22:17+00:00,Betclic (FR),h2h,mateusz gamrot,quillan salkilld,2.1,1.65,2026-08-08T02:21:36Z
2026-08-08T02:22:17+00:00,1xBet,h2h,mateusz gamrot,quillan salkilld,2.16,1.71,2026-08-08T02:21:33Z
2026-08-08T02:22:17+00:00,Pinnacle,h2h,mateusz gamrot,quillan salkilld,2.18,1.74,2026-08-08T02:22:06Z
2026-08-08T02:22:17+00:00,BetUS,h2h,mateusz gamrot,quillan salkilld,2.14,1.74,2026-08-08T02:21:33Z
2026-08-08T02:22:17+00:00,Unibet (UK),h2h,mateusz gamrot,quillan salkilld,2.1,1.75,2026-08-08T02:21:14Z
2026-08-08T02:22:17+00:00,Nordic Bet,h2h,mateusz gamrot,quillan salkilld,2.25,1.67,2026-08-08T02:21:44Z
2026-08-08T02:22:17+00:00,Betsson,h2h,mateusz gamrot,quillan salkilld,2.25,1.67,2026-08-08T02:21:23Z
2026-08-08T02:22:17+00:00,DraftKings,h2h,mateusz gamrot,quillan salkilld,2.14,1.74,2026-08-08T02:22:06Z
2026-08-08T02:22:17+00:00,LiveScore Bet,h2h,mateusz gamrot,quillan salkilld,2.16,1.7,2026-08-08T02:21:22Z
2026-08-08T02:22:17+00:00,Grosvenor,h2h,mateusz gamrot,quillan salkilld,2.07,1.63,2026-08-08T02:21:12Z
2026-08-08T02:22:17+00:00,Virgin Bet,h2h,mateusz gamrot,quillan salkilld,2.16,1.7,2026-08-08T02:21:56Z
2026-08-08T02:22:17+00:00,BetRivers,h2h,mateusz gamrot,quillan salkilld,2.16,1.7,2026-08-08T02:21:12Z
2026-08-08T02:22:17+00:00,Coolbet,h2h,mateusz gamrot,quillan salkilld,2.13,1.75,2026-08-08T02:19:24Z
2026-08-08T02:22:17+00:00,FanDuel,h2h,mateusz gamrot,quillan salkilld,2.22,1.69,2026-08-08T02:21:44Z
2026-08-08T02:22:17+00:00,Paddy Power,h2h,mateusz gamrot,quillan salkilld,2.2,1.67,2026-08-08T02:21:55Z
2026-08-08T02:22:17+00:00,Bovada,h2h,mateusz gamrot,quillan salkilld,2.17,1.72,2026-08-08T02:17:19Z
2026-08-08T02:22:17+00:00,Betway,h2h,mateusz gamrot,quillan salkilld,2.1,1.73,2026-08-08T02:21:34Z
2026-08-08T02:22:17+00:00,Betfair,h2h,mateusz gamrot,quillan salkilld,2.24,1.78,2026-08-08T02:21:55Z
2026-08-08T02:22:17+00:00,Betfair,h2h,mateusz gamrot,quillan salkilld,2.24,1.78,2026-08-08T02:22:06Z
2026-08-08T02:22:17+00:00,PMU (FR),h2h,mateusz gamrot,quillan salkilld,2.16,1.7,2026-08-08T02:21:35Z
2026-08-08T02:22:17+00:00,BetAnything,h2h,mateusz gamrot,quillan salkilld,2.05,1.74,2026-08-08T02:21:23Z
2026-08-08T02:22:17+00:00,Matchbook,h2h,mateusz gamrot,quillan salkilld,2.26,1.78,2026-08-08T02:21:56Z
2026-08-08T02:22:17+00:00,Unibet (FR),h2h,mateusz gamrot,quillan salkilld,2.05,1.68,2026-08-08T02:22:06Z
2026-08-08T02:22:17+00:00,Marathon Bet,h2h,mateusz gamrot,quillan salkilld,2.13,1.68,2026-08-08T02:20:39Z
2026-08-08T02:22:17+00:00,BetOnline.ag,h2h,max holloway,paddy pimblett,1.56,2.55,2026-08-08T02:21:09Z
2026-08-08T02:22:17+00:00,BetOnline.ag,h2h,merab dvalishvili,petr yan,2.5,1.57,2026-08-08T02:21:09Z
2026-08-08T02:22:17+00:00,BetOnline.ag,h2h,nassourdine imavov,sean strickland,1.88,1.94,2026-08-08T02:21:09Z
2026-08-08T02:22:17+00:00,BetOnline.ag,h2h,natalia silva,valentina shevchenko,3.1,1.4,2026-08-08T02:21:09Z
2026-08-08T02:22:17+00:00,BetOnline.ag,h2h,neil magny,ramiz brahimaj,1.91,1.91,2026-08-08T02:21:09Z
2026-08-08T02:22:17+00:00,1xBet,h2h,neil magny,ramiz brahimaj,1.96,1.96,2026-08-08T02:21:33Z
2026-08-08T02:22:17+00:00,Pinnacle,h2h,neil magny,ramiz brahimaj,1.88,1.97,2026-08-08T02:22:06Z
2026-08-08T02:22:17+00:00,888sport,h2h,neil magny,ramiz brahimaj,1.91,1.91,2026-08-08T02:21:33Z
2026-08-08T02:22:17+00:00,Nordic Bet,h2h,neil magny,ramiz brahimaj,1.88,1.88,2026-08-08T02:21:44Z
2026-08-08T02:22:17+00:00,Betsson,h2h,neil magny,ramiz brahimaj,1.88,1.88,2026-08-08T02:21:23Z
2026-08-08T02:22:17+00:00,DraftKings,h2h,neil magny,ramiz brahimaj,1.87,1.95,2026-08-08T02:22:06Z
2026-08-08T02:22:17+00:00,LiveScore Bet,h2h,neil magny,ramiz brahimaj,1.9,1.9,2026-08-08T02:21:22Z
2026-08-08T02:22:17+00:00,Virgin Bet,h2h,neil magny,ramiz brahimaj,1.9,1.9,2026-08-08T02:21:56Z
2026-08-08T02:22:17+00:00,Grosvenor,h2h,neil magny,ramiz brahimaj,1.82,1.82,2026-08-08T02:21:12Z
2026-08-08T02:22:17+00:00,BetRivers,h2h,neil magny,ramiz brahimaj,1.89,1.89,2026-08-08T02:21:12Z
2026-08-08T02:22:17+00:00,Coolbet,h2h,neil magny,ramiz brahimaj,1.92,1.92,2026-08-08T02:19:24Z
2026-08-08T02:22:17+00:00,DraftKings,h2h,robelis despaigne,tai tuivasa,1.2,4.8,2026-08-08T02:22:06Z
2026-08-08T02:22:17+00:00,1xBet,h2h,robelis despaigne,tai tuivasa,1.23,4.66,2026-08-08T02:21:33Z
2026-08-08T02:22:17+00:00,BetOnline.ag,h2h,song yadong,umar nurmagomedov,4.5,1.22,2026-08-08T02:21:10Z
2026-08-08T02:22:17+00:00,Betclic (FR),h2h,song yadong,umar nurmagomedov,4.45,1.17,2026-08-08T02:21:36Z
2026-08-08T02:22:17+00:00,1xBet,h2h,song yadong,umar nurmagomedov,5.19,1.19,2026-08-08T02:21:33Z
2026-08-08T02:22:17+00:00,BetUS,h2h,song yadong,umar nurmagomedov,4.39,1.22,2026-08-08T02:21:33Z
2026-08-08T02:22:17+00:00,DraftKings,h2h,song yadong,umar nurmagomedov,4.5,1.22,2026-08-08T02:22:06Z
2026-08-08T02:22:17+00:00,Betway,h2h,song yadong,umar nurmagomedov,4.5,1.2,2026-08-08T02:21:34Z
2026-08-08T02:22:17+00:00,FanDuel,h2h,song yadong,umar nurmagomedov,4.5,1.19,2026-08-08T02:21:44Z
2026-08-08T02:22:17+00:00,Paddy Power,h2h,song yadong,umar nurmagomedov,4.5,1.2,2026-08-08T02:21:55Z
2026-08-08T02:22:17+00:00,Winamax (FR),h2h,song yadong,umar nurmagomedov,4.0,1.2,2026-08-08T02:21:24Z
2026-08-08T02:22:17+00:00,LiveScore Bet,h2h,song yadong,umar nurmagomedov,4.35,1.21,2026-08-08T02:21:22Z
2026-08-08T02:22:17+00:00,BetRivers,h2h,song yadong,umar nurmagomedov,4.35,1.21,2026-08-08T02:21:12Z
2026-08-08T02:22:17+00:00,Virgin Bet,h2h,song yadong,umar nurmagomedov,4.35,1.21,2026-08-08T02:21:56Z
2026-08-08T02:22:17+00:00,Grosvenor,h2h,song yadong,umar nurmagomedov,4.1,1.17,2026-08-08T02:21:12Z
2026-08-08T02:22:17+00:00,Coolbet,h2h,song yadong,umar nurmagomedov,4.5,1.22,2026-08-08T02:19:24Z
2026-08-08T02:22:17+00:00,BetOnline.ag,h2h,tresean gore,vicente luque,1.83,2.0,2026-08-08T02:21:09Z
2026-08-08T02:22:17+00:00,1xBet,h2h,tresean gore,vicente luque,1.81,2.2,2026-08-08T02:21:33Z
2026-08-08T02:22:17+00:00,Pinnacle,h2h,tresean gore,vicente luque,1.71,2.19,2026-08-08T02:22:06Z
2026-08-08T02:22:17+00:00,Unibet (UK),h2h,tresean gore,vicente luque,1.78,1.98,2026-08-08T02:21:14Z
2026-08-08T02:22:17+00:00,Nordic Bet,h2h,tresean gore,vicente luque,1.7,2.1,2026-08-08T02:21:44Z
2026-08-08T02:22:17+00:00,Betsson,h2h,tresean gore,vicente luque,1.7,2.1,2026-08-08T02:21:23Z
2026-08-08T02:22:17+00:00,DraftKings,h2h,tresean gore,vicente luque,1.7,2.2,2026-08-08T02:22:06Z
2026-08-08T02:22:17+00:00,Grosvenor,h2h,tresean gore,vicente luque,1.7,1.96,2026-08-08T02:21:12Z
2026-08-08T02:22:17+00:00,LiveScore Bet,h2h,tresean gore,vicente luque,1.76,2.07,2026-08-08T02:21:22Z
2026-08-08T02:22:17+00:00,BetRivers,h2h,tresean gore,vicente luque,1.76,2.07,2026-08-08T02:21:12Z
2026-08-08T02:22:17+00:00,Virgin Bet,h2h,tresean gore,vicente luque,1.76,2.07,2026-08-08T02:21:56Z
2026-08-08T02:22:17+00:00,Coolbet,h2h,tresean gore,vicente luque,1.77,2.1,2026-08-08T02:19:24Z
2026-08-08T03:06:59+00:00,BetOnline.ag,h2h,aaron jeffery,joshua silveira,1.54,2.61,2026-08-08T02:55:10Z
2026-08-08T03:06:59+00:00,FanDuel,h2h,aaron jeffery,joshua silveira,1.04,9.3,2026-08-08T03:05:10Z
2026-08-08T03:06:59+00:00,Winamax (FR),h2h,aaron jeffery,joshua silveira,1.06,6.5,2026-08-08T03:06:48Z
2026-08-08T03:06:59+00:00,Grosvenor,h2h,aaron jeffery,joshua silveira,1.13,5.4,2026-08-08T03:06:03Z
2026-08-08T03:06:59+00:00,BetOnline.ag,h2h,alex pereira,josh hokit,2.4,1.62,2026-08-08T03:06:34Z
2026-08-08T03:06:59+00:00,DraftKings,h2h,alexandre pantoja,joshua van,1.85,1.98,2026-08-08T03:06:03Z
2026-08-08T03:06:59+00:00,Betclic (FR),h2h,alexandre pantoja,joshua van,1.85,1.85,2026-08-08T03:03:16Z
2026-08-08T03:06:59+00:00,1xBet,h2h,alexandre pantoja,joshua van,1.96,1.96,2026-08-08T03:06:26Z
2026-08-08T03:06:59+00:00,BetRivers,h2h,alexandre pantoja,joshua van,1.83,1.97,2026-08-08T03:06:03Z
2026-08-08T03:06:59+00:00,Virgin Bet,h2h,alexandre pantoja,joshua van,1.83,1.98,2026-08-08T03:06:46Z
2026-08-08T03:06:59+00:00,Grosvenor,h2h,alexandre pantoja,joshua van,1.75,1.88,2026-08-08T03:06:03Z
2026-08-08T03:06:59+00:00,LiveScore Bet,h2h,alexandre pantoja,joshua van,1.83,1.98,2026-08-08T03:06:13Z
2026-08-08T03:06:59+00:00,Winamax (FR),h2h,alexandre pantoja,joshua van,1.74,1.84,2026-08-08T03:06:48Z
2026-08-08T03:06:59+00:00,BetOnline.ag,h2h,alexia thainara,amanda lemos,1.38,3.15,2026-08-08T03:06:34Z
2026-08-08T03:06:59+00:00,1xBet,h2h,alexia thainara,amanda lemos,1.37,3.15,2026-08-08T03:06:26Z
2026-08-08T03:06:59+00:00,Pinnacle,h2h,alexia thainara,amanda lemos,1.4,3.15,2026-08-08T03:06:56Z
2026-08-08T03:06:59+00:00,BetUS,h2h,alexia thainara,amanda lemos,1.38,3.14,2026-08-08T03:06:24Z
2026-08-08T03:06:59+00:00,Unibet (UK),h2h,alexia thainara,amanda lemos,1.36,3.15,2026-08-08T03:06:26Z
2026-08-08T03:06:59+00:00,Nordic Bet,h2h,alexia thainara,amanda lemos,1.35,3.35,2026-08-08T03:06:14Z
2026-08-08T03:06:59+00:00,Betsson,h2h,alexia thainara,amanda lemos,1.35,3.35,2026-08-08T03:06:15Z
2026-08-08T03:06:59+00:00,DraftKings,h2h,alexia thainara,amanda lemos,1.38,3.15,2026-08-08T03:06:03Z
2026-08-08T03:06:59+00:00,Virgin Bet,h2h,alexia thainara,amanda lemos,1.37,3.1,2026-08-08T03:06:46Z
2026-08-08T03:06:59+00:00,LiveScore Bet,h2h,alexia thainara,amanda lemos,1.37,3.1,2026-08-08T03:06:13Z
2026-08-08T03:06:59+00:00,BetRivers,h2h,alexia thainara,amanda lemos,1.36,3.1,2026-08-08T03:06:03Z
2026-08-08T03:06:59+00:00,Grosvenor,h2h,alexia thainara,amanda lemos,1.33,2.9,2026-08-08T03:06:03Z
2026-08-08T03:06:59+00:00,Coolbet,h2h,alexia thainara,amanda lemos,1.37,3.22,2026-08-08T03:06:25Z
2026-08-08T03:06:59+00:00,FanDuel,h2h,alexia thainara,amanda lemos,1.4,3.05,2026-08-08T03:06:47Z
2026-08-08T03:06:59+00:00,Betfair Sportsbook,h2h,alexia thainara,amanda lemos,1.4,2.88,2026-08-08T03:06:13Z
2026-08-08T03:06:59+00:00,Paddy Power,h2h,alexia thainara,amanda lemos,1.4,2.88,2026-08-08T03:04:38Z
2026-08-08T03:06:59+00:00,Bovada,h2h,alexia thainara,amanda lemos,1.38,3.15,2026-08-08T03:03:49Z
2026-08-08T03:06:59+00:00,Betclic (FR),h2h,alexia thainara,amanda lemos,1.32,3.1,2026-08-08T03:03:16Z
2026-08-08T03:06:59+00:00,Betway,h2h,alexia thainara,amanda lemos,1.36,3.1,2026-08-08T03:06:25Z
2026-08-08T03:06:59+00:00,Betfair,h2h,alexia thainara,amanda lemos,1.43,3.2,2026-08-08T03:06:47Z
2026-08-08T03:06:59+00:00,Betfair,h2h,alexia thainara,amanda lemos,1.43,3.2,2026-08-08T03:06:48Z
2026-08-08T03:06:59+00:00,PMU (FR),h2h,alexia thainara,amanda lemos,1.36,3.1,2026-08-08T03:06:24Z
2026-08-08T03:06:59+00:00,BetAnything,h2h,alexia thainara,amanda lemos,1.38,3.05,2026-08-08T03:06:14Z
2026-08-08T03:06:59+00:00,Winamax (FR),h2h,alexia thainara,amanda lemos,1.34,2.95,2026-08-08T03:06:48Z
2026-08-08T03:06:59+00:00,Matchbook,h2h,alexia thainara,amanda lemos,1.43,3.2,2026-08-08T03:06:57Z
2026-08-08T03:06:59+00:00,Marathon Bet,h2h,alexia thainara,amanda lemos,1.36,3.04,2026-08-08T03:06:46Z
2026-08-08T03:06:59+00:00,Unibet (FR),h2h,alexia thainara,amanda lemos,1.33,3.05,2026-08-08T03:06:56Z
2026-08-08T03:06:59+00:00,BetOnline.ag,h2h,ananias mulumba,tom pagliarulo,1.59,2.3,2026-08-08T03:06:34Z
2026-08-08T03:06:59+00:00,BetOnline.ag,h2h,arman tsarukyan,justin gaethje,1.2,4.85,2026-08-08T03:06:34Z
2026-08-08T03:06:59+00:00,DraftKings,h2h,arman tsarukyan,mauricio ruffy,1.28,3.85,2026-08-08T03:06:03Z
2026-08-08T03:06:59+00:00,Betclic (FR),h2h,arman tsarukyan,mauricio ruffy,1.21,4.0,2026-08-08T03:03:16Z
2026-08-08T03:06:59+00:00,Winamax (FR),h2h,arman tsarukyan,mauricio ruffy,1.23,3.3,2026-08-08T03:06:48Z
2026-08-08T03:06:59+00:00,1xBet,h2h,arman tsarukyan,mauricio ruffy,1.28,4.14,2026-08-08T03:06:26Z
2026-08-08T03:06:59+00:00,BetOnline.ag,h2h,billy goff,ty miller,4.1,1.26,2026-08-08T03:06:34Z
2026-08-08T03:06:59+00:00,1xBet,h2h,billy goff,ty miller,4.22,1.23,2026-08-08T03:06:26Z
2026-08-08T03:06:59+00:00,Pinnacle,h2h,billy goff,ty miller,4.3,1.25,2026-08-08T03:06:56Z
2026-08-08T03:06:59+00:00,BetUS,h2h,billy goff,ty miller,4.3,1.23,2026-08-08T03:06:24Z
2026-08-08T03:06:59+00:00,Unibet (UK),h2h,billy goff,ty miller,4.1,1.24,2026-08-08T03:06:26Z
2026-08-08T03:06:59+00:00,888sport,h2h,billy goff,ty miller,4.0,1.25,2026-08-08T03:06:24Z
2026-08-08T03:06:59+00:00,Betsson,h2h,billy goff,ty miller,4.15,1.24,2026-08-08T03:06:15Z
2026-08-08T03:06:59+00:00,Nordic Bet,h2h,billy goff,ty miller,4.15,1.24,2026-08-08T03:06:14Z
2026-08-08T03:06:59+00:00,DraftKings,h2h,billy goff,ty miller,4.3,1.24,2026-08-08T03:06:03Z
2026-08-08T03:06:59+00:00,Coolbet,h2h,billy goff,ty miller,3.9,1.28,2026-08-08T03:06:25Z
2026-08-08T03:06:59+00:00,Virgin Bet,h2h,billy goff,ty miller,4.1,1.24,2026-08-08T03:06:46Z
2026-08-08T03:06:59+00:00,BetRivers,h2h,billy goff,ty miller,4.1,1.24,2026-08-08T03:06:03Z
2026-08-08T03:06:59+00:00,Grosvenor,h2h,billy goff,ty miller,3.85,1.19,2026-08-08T03:06:03Z
2026-08-08T03:06:59+00:00,LiveScore Bet,h2h,billy goff,ty miller,4.1,1.24,2026-08-08T03:06:13Z
2026-08-08T03:06:59+00:00,Betfair Sportsbook,h2h,billy goff,ty miller,3.75,1.25,2026-08-08T03:06:13Z
2026-08-08T03:06:59+00:00,Paddy Power,h2h,billy goff,ty miller,3.75,1.25,2026-08-08T03:04:38Z
2026-08-08T03:06:59+00:00,FanDuel,h2h,billy goff,ty miller,4.1,1.26,2026-08-08T03:06:47Z
2026-08-08T03:06:59+00:00,Bovada,h2h,billy goff,ty miller,4.15,1.25,2026-08-08T03:03:49Z
2026-08-08T03:06:59+00:00,Betclic (FR),h2h,billy goff,ty miller,4.0,1.21,2026-08-08T03:03:16Z
2026-08-08T03:06:59+00:00,Betway,h2h,billy goff,ty miller,4.0,1.25,2026-08-08T03:06:25Z
2026-08-08T03:06:59+00:00,Betfair,h2h,billy goff,ty miller,4.5,1.26,2026-08-08T03:06:47Z
2026-08-08T03:06:59+00:00,Betfair,h2h,billy goff,ty miller,4.5,1.26,2026-08-08T03:06:48Z
2026-08-08T03:06:59+00:00,PMU (FR),h2h,billy goff,ty miller,4.1,1.24,2026-08-08T03:06:24Z
2026-08-08T03:06:59+00:00,BetAnything,h2h,billy goff,ty miller,3.65,1.24,2026-08-08T03:06:14Z
2026-08-08T03:06:59+00:00,Winamax (FR),h2h,billy goff,ty miller,3.55,1.2,2026-08-08T03:06:48Z
2026-08-08T03:06:59+00:00,Matchbook,h2h,billy goff,ty miller,4.5,1.26,2026-08-08T03:06:57Z
2026-08-08T03:06:59+00:00,BetOnline.ag,h2h,billy quarantillo,carlos diego ferreira,2.57,1.56,2026-08-08T03:06:34Z
2026-08-08T03:06:59+00:00,1xBet,h2h,billy quarantillo,carlos diego ferreira,2.44,1.56,2026-08-08T03:06:26Z
2026-08-08T03:06:59+00:00,Pinnacle,h2h,billy quarantillo,carlos diego ferreira,2.51,1.57,2026-08-08T03:06:56Z
2026-08-08T03:06:59+00:00,BetUS,h2h,billy quarantillo,carlos diego ferreira,2.48,1.56,2026-08-08T03:06:24Z
2026-08-08T03:06:59+00:00,Unibet (UK),h2h,billy quarantillo,carlos diego ferreira,2.5,1.53,2026-08-08T03:06:26Z
2026-08-08T03:06:59+00:00,888sport,h2h,billy quarantillo,carlos diego ferreira,2.5,1.53,2026-08-08T03:06:24Z
2026-08-08T03:06:59+00:00,Nordic Bet,h2h,billy quarantillo,carlos diego ferreira,2.4,1.6,2026-08-08T03:06:14Z
2026-08-08T03:06:59+00:00,Betsson,h2h,billy quarantillo,carlos diego ferreira,2.4,1.6,2026-08-08T03:06:15Z
2026-08-08T03:06:59+00:00,DraftKings,h2h,billy quarantillo,carlos diego ferreira,2.5,1.56,2026-08-08T03:06:03Z
2026-08-08T03:06:59+00:00,LiveScore Bet,h2h,billy quarantillo,carlos diego ferreira,2.43,1.56,2026-08-08T03:06:13Z
2026-08-08T03:06:59+00:00,Grosvenor,h2h,billy quarantillo,carlos diego ferreira,2.3,1.5,2026-08-08T03:06:03Z
2026-08-08T03:06:59+00:00,Virgin Bet,h2h,billy quarantillo,carlos diego ferreira,2.43,1.56,2026-08-08T03:06:46Z
2026-08-08T03:06:59+00:00,BetRivers,h2h,billy quarantillo,carlos diego ferreira,2.43,1.56,2026-08-08T03:06:03Z
2026-08-08T03:06:59+00:00,Marathon Bet,h2h,billy quarantillo,carlos diego ferreira,2.43,1.53,2026-08-08T03:06:46Z
2026-08-08T03:06:59+00:00,Coolbet,h2h,billy quarantillo,carlos diego ferreira,2.5,1.56,2026-08-08T03:06:25Z
2026-08-08T03:06:59+00:00,Betclic (FR),h2h,billy quarantillo,carlos diego ferreira,2.43,1.5,2026-08-08T03:03:16Z
2026-08-08T03:06:59+00:00,FanDuel,h2h,billy quarantillo,carlos diego ferreira,2.48,1.57,2026-08-08T03:06:47Z
2026-08-08T03:06:59+00:00,Paddy Power,h2h,billy quarantillo,carlos diego ferreira,2.38,1.57,2026-08-08T03:04:38Z
2026-08-08T03:06:59+00:00,Bovada,h2h,billy quarantillo,carlos diego ferreira,2.47,1.58,2026-08-08T03:03:49Z
2026-08-08T03:06:59+00:00,Unibet (FR),h2h,billy quarantillo,carlos diego ferreira,2.45,1.49,2026-08-08T03:06:56Z
2026-08-08T03:06:59+00:00,Betway,h2h,billy quarantillo,carlos diego ferreira,2.4,1.57,2026-08-08T03:06:25Z
2026-08-08T03:06:59+00:00,Betfair,h2h,billy quarantillo,carlos diego ferreira,2.66,1.57,2026-08-08T03:06:47Z
2026-08-08T03:06:59+00:00,Betfair,h2h,billy quarantillo,carlos diego ferreira,2.66,1.57,2026-08-08T03:06:48Z
2026-08-08T03:06:59+00:00,PMU (FR),h2h,billy quarantillo,carlos diego ferreira,2.43,1.56,2026-08-08T03:06:24Z
2026-08-08T03:06:59+00:00,BetAnything,h2h,billy quarantillo,carlos diego ferreira,2.5,1.56,2026-08-08T03:06:14Z
2026-08-08T03:06:59+00:00,Winamax (FR),h2h,billy quarantillo,carlos diego ferreira,2.4,1.5,2026-08-08T03:06:48Z
2026-08-08T03:06:59+00:00,Matchbook,h2h,billy quarantillo,carlos diego ferreira,2.66,1.57,2026-08-08T03:06:57Z
2026-08-08T03:06:59+00:00,BetOnline.ag,h2h,bruno lopes,diyar nurgozhay,2.3,1.67,2026-08-08T03:06:34Z
2026-08-08T03:06:59+00:00,1xBet,h2h,bruno lopes,diyar nurgozhay,2.22,1.63,2026-08-08T03:06:26Z
2026-08-08T03:06:59+00:00,Pinnacle,h2h,bruno lopes,diyar nurgozhay,2.36,1.64,2026-08-08T03:06:56Z
2026-08-08T03:06:59+00:00,BetUS,h2h,bruno lopes,diyar nurgozhay,2.3,1.65,2026-08-08T03:06:24Z
2026-08-08T03:06:59+00:00,Unibet (UK),h2h,bruno lopes,diyar nurgozhay,2.3,1.63,2026-08-08T03:06:26Z
2026-08-08T03:06:59+00:00,Betsson,h2h,bruno lopes,diyar nurgozhay,2.25,1.67,2026-08-08T03:06:15Z
2026-08-08T03:06:59+00:00,Nordic Bet,h2h,bruno lopes,diyar nurgozhay,2.25,1.67,2026-08-08T03:06:14Z
2026-08-08T03:06:59+00:00,DraftKings,h2h,bruno lopes,diyar nurgozhay,2.3,1.65,2026-08-08T03:06:03Z
2026-08-08T03:06:59+00:00,Coolbet,h2h,bruno lopes,diyar nurgozhay,2.3,1.65,2026-08-08T03:06:25Z
2026-08-08T03:06:59+00:00,FanDuel,h2h,bruno lopes,diyar nurgozhay,2.32,1.64,2026-08-08T03:06:47Z
2026-08-08T03:06:59+00:00,Betfair Sportsbook,h2h,bruno lopes,diyar nurgozhay,2.25,1.62,2026-08-08T03:06:13Z
2026-08-08T03:06:59+00:00,Paddy Power,h2h,bruno lopes,diyar nurgozhay,2.25,1.62,2026-08-08T03:04:38Z
2026-08-08T03:06:59+00:00,Bovada,h2h,bruno lopes,diyar nurgozhay,2.3,1.67,2026-08-08T03:03:49Z
2026-08-08T03:06:59+00:00,LiveScore Bet,h2h,bruno lopes,diyar nurgozhay,2.23,1.65,2026-08-08T03:06:13Z
2026-08-08T03:06:59+00:00,Virgin Bet,h2h,bruno lopes,diyar nurgozhay,2.23,1.65,2026-08-08T03:06:46Z
2026-08-08T03:06:59+00:00,Grosvenor,h2h,bruno lopes,diyar nurgozhay,2.12,1.6,2026-08-08T03:06:03Z
2026-08-08T03:06:59+00:00,BetRivers,h2h,bruno lopes,diyar nurgozhay,2.23,1.65,2026-08-08T03:06:03Z
2026-08-08T03:06:59+00:00,Betway,h2h,bruno lopes,diyar nurgozhay,2.2,1.67,2026-08-08T03:06:25Z
2026-08-08T03:06:59+00:00,Betfair,h2h,bruno lopes,diyar nurgozhay,2.46,1.65,2026-08-08T03:06:47Z
2026-08-08T03:06:59+00:00,Betfair,h2h,bruno lopes,diyar nurgozhay,2.46,1.65,2026-08-08T03:06:48Z
2026-08-08T03:06:59+00:00,BetAnything,h2h,bruno lopes,diyar nurgozhay,2.3,1.62,2026-08-08T03:06:14Z
2026-08-08T03:06:59+00:00,Matchbook,h2h,bruno lopes,diyar nurgozhay,2.46,1.65,2026-08-08T03:06:57Z
2026-08-08T03:06:59+00:00,BetOnline.ag,h2h,bryan battle,dalton rosta,1.74,2.15,2026-08-08T03:06:34Z
2026-08-08T03:06:59+00:00,Winamax (FR),h2h,bryan battle,dalton rosta,1.62,1.96,2026-08-08T03:06:48Z
2026-08-08T03:06:59+00:00,Grosvenor,h2h,bryan battle,dalton rosta,1.68,2.15,2026-08-08T03:06:03Z
2026-08-08T03:06:59+00:00,FanDuel,h2h,bryan battle,dalton rosta,1.74,2.16,2026-08-08T03:06:47Z
2026-08-08T03:06:59+00:00,BetOnline.ag,h2h,carlos ulberg,magomed ankalaev,2.65,1.53,2026-08-08T03:06:34Z
2026-08-08T03:06:59+00:00,BetOnline.ag,h2h,carol foro,giovanna canuto,1.43,2.95,2026-08-08T03:06:34Z
2026-08-08T03:06:59+00:00,1xBet,h2h,carol foro,giovanna canuto,1.37,3.03,2026-08-08T03:06:26Z
2026-08-08T03:06:59+00:00,FanDuel,h2h,carol foro,giovanna canuto,1.42,2.94,2026-08-08T03:06:47Z
2026-08-08T03:06:59+00:00,Betfair Sportsbook,h2h,carol foro,giovanna canuto,1.4,2.88,2026-08-08T03:06:13Z
2026-08-08T03:06:59+00:00,Unibet (UK),h2h,carol foro,giovanna canuto,1.42,2.9,2026-08-08T03:06:26Z
2026-08-08T03:06:59+00:00,Betfair,h2h,carol foro,giovanna canuto,1.41,3.05,2026-08-08T03:06:47Z
2026-08-08T03:06:59+00:00,Paddy Power,h2h,carol foro,giovanna canuto,1.4,2.88,2026-08-08T03:04:38Z
2026-08-08T03:06:59+00:00,Betfair,h2h,carol foro,giovanna canuto,1.41,3.05,2026-08-08T03:06:48Z
2026-08-08T03:06:59+00:00,Betway,h2h,carol foro,giovanna canuto,1.36,3.1,2026-08-08T03:06:25Z
2026-08-08T03:06:59+00:00,Bovada,h2h,carol foro,giovanna canuto,1.41,3.05,2026-08-08T03:03:49Z
2026-08-08T03:06:59+00:00,DraftKings,h2h,carol foro,giovanna canuto,1.41,3.0,2026-08-08T03:06:03Z
2026-08-08T03:06:59+00:00,Betsson,h2h,carol foro,giovanna canuto,1.37,2.95,2026-08-08T03:06:15Z
2026-08-08T03:06:59+00:00,Nordic Bet,h2h,carol foro,giovanna canuto,1.37,2.95,2026-08-08T03:06:14Z
2026-08-08T03:06:59+00:00,Coolbet,h2h,carol foro,giovanna canuto,1.39,3.1,2026-08-08T03:06:25Z
2026-08-08T03:06:59+00:00,BetRivers,h2h,carol foro,giovanna canuto,1.38,3.05,2026-08-08T03:06:03Z
2026-08-08T03:06:59+00:00,Virgin Bet,h2h,carol foro,giovanna canuto,1.38,3.05,2026-08-08T03:06:46Z
2026-08-08T03:06:59+00:00,Grosvenor,h2h,carol foro,giovanna canuto,1.33,2.88,2026-08-08T03:06:03Z
2026-08-08T03:06:59+00:00,LiveScore Bet,h2h,carol foro,giovanna canuto,1.38,3.05,2026-08-08T03:06:13Z
2026-08-08T03:06:59+00:00,BetUS,h2h,carol foro,giovanna canuto,1.4,3.07,2026-08-08T03:06:24Z
2026-08-08T03:06:59+00:00,BetAnything,h2h,carol foro,giovanna canuto,1.38,3.0,2026-08-08T03:06:14Z
2026-08-08T03:06:59+00:00,888sport,h2h,carol foro,giovanna canuto,1.4,2.95,2026-08-08T03:06:24Z
2026-08-08T03:06:59+00:00,Matchbook,h2h,carol foro,giovanna canuto,1.41,3.05,2026-08-08T03:06:57Z
2026-08-08T03:06:59+00:00,Pinnacle,h2h,carol foro,giovanna canuto,1.41,3.07,2026-08-08T03:06:56Z
2026-08-08T03:06:59+00:00,BetOnline.ag,h2h,charles johnson,jose ochoa,3.89,1.28,2026-08-08T03:06:34Z
2026-08-08T03:06:59+00:00,Pinnacle,h2h,charles johnson,jose ochoa,3.67,1.31,2026-08-08T03:06:56Z
2026-08-08T03:06:59+00:00,1xBet,h2h,charles johnson,jose ochoa,3.69,1.3,2026-08-08T03:06:26Z
2026-08-08T03:06:59+00:00,Betsson,h2h,charles johnson,jose ochoa,3.75,1.25,2026-08-08T03:06:15Z
2026-08-08T03:06:59+00:00,Nordic Bet,h2h,charles johnson,jose ochoa,3.75,1.25,2026-08-08T03:06:14Z
2026-08-08T03:06:59+00:00,DraftKings,h2h,charles johnson,jose ochoa,3.6,1.31,2026-08-08T03:06:03Z
2026-08-08T03:06:59+00:00,Betclic (FR),h2h,charles johnson,jose ochoa,3.7,1.24,2026-08-08T03:03:16Z
2026-08-08T03:06:59+00:00,BetRivers,h2h,charles johnson,jose ochoa,3.8,1.26,2026-08-08T03:06:03Z
2026-08-08T03:06:59+00:00,Virgin Bet,h2h,charles johnson,jose ochoa,3.8,1.26,2026-08-08T03:06:46Z
2026-08-08T03:06:59+00:00,Grosvenor,h2h,charles johnson,jose ochoa,3.65,1.21,2026-08-08T03:06:03Z
2026-08-08T03:06:59+00:00,LiveScore Bet,h2h,charles johnson,jose ochoa,3.8,1.26,2026-08-08T03:06:13Z
2026-08-08T03:06:59+00:00,Coolbet,h2h,charles johnson,jose ochoa,3.7,1.3,2026-08-08T03:06:25Z
2026-08-08T03:06:59+00:00,BetOnline.ag,h2h,chidi njokuani,joel alvarez,3.19,1.38,2026-08-08T03:06:34Z
2026-08-08T03:06:59+00:00,DraftKings,h2h,chidi njokuani,joel alvarez,3.1,1.39,2026-08-08T03:06:03Z
2026-08-08T03:06:59+00:00,Nordic Bet,h2h,chidi njokuani,joel alvarez,2.85,1.4,2026-08-08T03:06:14Z
2026-08-08T03:06:59+00:00,Betsson,h2h,chidi njokuani,joel alvarez,2.85,1.4,2026-08-08T03:06:15Z
2026-08-08T03:06:59+00:00,1xBet,h2h,chidi njokuani,joel alvarez,3.3,1.41,2026-08-08T03:06:26Z
2026-08-08T03:06:59+00:00,BetRivers,h2h,chidi njokuani,joel alvarez,2.95,1.4,2026-08-08T03:06:03Z
2026-08-08T03:06:59+00:00,Virgin Bet,h2h,chidi njokuani,joel alvarez,2.95,1.4,2026-08-08T03:06:46Z
2026-08-08T03:06:59+00:00,Grosvenor,h2h,chidi njokuani,joel alvarez,2.8,1.35,2026-08-08T03:06:03Z
2026-08-08T03:06:59+00:00,LiveScore Bet,h2h,chidi njokuani,joel alvarez,2.95,1.4,2026-08-08T03:06:13Z
2026-08-08T03:06:59+00:00,888sport,h2h,chidi njokuani,joel alvarez,3.05,1.36,2026-08-08T03:06:24Z
2026-08-08T03:06:59+00:00,Coolbet,h2h,chidi njokuani,joel alvarez,3.05,1.4,2026-08-08T03:06:25Z
2026-08-08T03:06:59+00:00,Unibet (UK),h2h,chidi njokuani,joel alvarez,3.0,1.36,2026-08-08T03:06:26Z
2026-08-08T03:06:59+00:00,BetOnline.ag,h2h,ciryl gane,josh hokit,1.4,3.1,2026-08-08T03:06:34Z
2026-08-08T03:06:59+00:00,BetOnline.ag,h2h,ciryl gane,tom aspinall,2.05,1.8,2026-08-08T03:06:34Z
2026-08-08T03:06:59+00:00,BetOnline.ag,h2h,conor mcgregor,jorge masvidal,1.69,2.25,2026-08-08T03:06:34Z
2026-08-08T03:06:59+00:00,BetOnline.ag,h2h,conor mcgregor,paddy pimblett,2.3,1.67,2026-08-08T03:06:34Z
2026-08-08T03:06:59+00:00,BetOnline.ag,h2h,darren elkins,yadier delvalle,6.71,1.12,2026-08-08T03:06:34Z
2026-08-08T03:06:59+00:00,1xBet,h2h,darren elkins,yadier delvalle,6.6,1.11,2026-08-08T03:06:26Z
2026-08-08T03:06:59+00:00,Pinnacle,h2h,darren elkins,yadier delvalle,6.99,1.12,2026-08-08T03:06:56Z
2026-08-08T03:06:59+00:00,BetUS,h2h,darren elkins,yadier delvalle,6.35,1.12,2026-08-08T03:06:24Z
2026-08-08T03:06:59+00:00,Unibet (UK),h2h,darren elkins,yadier delvalle,6.5,1.12,2026-08-08T03:06:26Z
2026-08-08T03:06:59+00:00,888sport,h2h,darren elkins,yadier delvalle,6.7,1.1,2026-08-08T03:06:24Z
2026-08-08T03:06:59+00:00,Nordic Bet,h2h,darren elkins,yadier delvalle,7.0,1.11,2026-08-08T03:06:14Z
2026-08-08T03:06:59+00:00,Betsson,h2h,darren elkins,yadier delvalle,7.0,1.11,2026-08-08T03:06:15Z
2026-08-08T03:06:59+00:00,DraftKings,h2h,darren elkins,yadier delvalle,6.75,1.12,2026-08-08T03:06:03Z
2026-08-08T03:06:59+00:00,Coolbet,h2h,darren elkins,yadier delvalle,6.75,1.12,2026-08-08T03:06:25Z
2026-08-08T03:06:59+00:00,LiveScore Bet,h2h,darren elkins,yadier delvalle,6.5,1.11,2026-08-08T03:06:13Z
2026-08-08T03:06:59+00:00,Virgin Bet,h2h,darren elkins,yadier delvalle,6.5,1.11,2026-08-08T03:06:46Z
2026-08-08T03:06:59+00:00,BetRivers,h2h,darren elkins,yadier delvalle,6.5,1.11,2026-08-08T03:06:03Z
2026-08-08T03:06:59+00:00,Grosvenor,h2h,darren elkins,yadier delvalle,6.0,1.07,2026-08-08T03:06:03Z
2026-08-08T03:06:59+00:00,FanDuel,h2h,darren elkins,yadier delvalle,6.3,1.13,2026-08-08T03:06:47Z
2026-08-08T03:06:59+00:00,Paddy Power,h2h,darren elkins,yadier delvalle,5.5,1.14,2026-08-08T03:04:38Z
2026-08-08T03:06:59+00:00,Bovada,h2h,darren elkins,yadier delvalle,6.75,1.12,2026-08-08T03:03:49Z
2026-08-08T03:06:59+00:00,Betclic (FR),h2h,darren elkins,yadier delvalle,6.6,1.08,2026-08-08T03:03:16Z
2026-08-08T03:06:59+00:00,Betway,h2h,darren elkins,yadier delvalle,6.0,1.12,2026-08-08T03:06:25Z
2026-08-08T03:06:59+00:00,Betfair,h2h,darren elkins,yadier delvalle,6.8,1.15,2026-08-08T03:06:47Z
2026-08-08T03:06:59+00:00,Betfair,h2h,darren elkins,yadier delvalle,6.8,1.15,2026-08-08T03:06:48Z
2026-08-08T03:06:59+00:00,PMU (FR),h2h,darren elkins,yadier delvalle,6.5,1.11,2026-08-08T03:06:24Z
2026-08-08T03:06:59+00:00,BetAnything,h2h,darren elkins,yadier delvalle,5.75,1.12,2026-08-08T03:06:14Z
2026-08-08T03:06:59+00:00,Winamax (FR),h2h,darren elkins,yadier delvalle,5.8,1.1,2026-08-08T03:06:48Z
2026-08-08T03:06:59+00:00,Matchbook,h2h,darren elkins,yadier delvalle,7.4,1.15,2026-08-08T03:06:57Z
2026-08-08T03:06:59+00:00,Unibet (FR),h2h,darren elkins,yadier delvalle,6.1,1.09,2026-08-08T03:06:56Z
2026-08-08T03:06:59+00:00,BetOnline.ag,h2h,darren till,yoel romero,1.57,2.35,2026-08-08T03:06:34Z
2026-08-08T03:06:59+00:00,BetOnline.ag,h2h,donte johnson,eric mcconico,1.39,3.11,2026-08-08T03:06:34Z
2026-08-08T03:06:59+00:00,1xBet,h2h,donte johnson,eric mcconico,1.49,2.95,2026-08-08T03:06:26Z
2026-08-08T03:06:59+00:00,Pinnacle,h2h,donte johnson,eric mcconico,1.41,3.04,2026-08-08T03:06:56Z
2026-08-08T03:06:59+00:00,Unibet (UK),h2h,donte johnson,eric mcconico,1.36,2.95,2026-08-08T03:06:26Z
2026-08-08T03:06:59+00:00,Nordic Bet,h2h,donte johnson,eric mcconico,1.4,2.9,2026-08-08T03:06:14Z
2026-08-08T03:06:59+00:00,Betsson,h2h,donte johnson,eric mcconico,1.4,2.9,2026-08-08T03:06:15Z
2026-08-08T03:06:59+00:00,DraftKings,h2h,donte johnson,eric mcconico,1.41,3.0,2026-08-08T03:06:03Z
2026-08-08T03:06:59+00:00,BetRivers,h2h,donte johnson,eric mcconico,1.4,2.95,2026-08-08T03:06:03Z
2026-08-08T03:06:59+00:00,Virgin Bet,h2h,donte johnson,eric mcconico,1.4,2.95,2026-08-08T03:06:46Z
2026-08-08T03:06:59+00:00,Grosvenor,h2h,donte johnson,eric mcconico,1.35,2.8,2026-08-08T03:06:03Z
2026-08-08T03:06:59+00:00,LiveScore Bet,h2h,donte johnson,eric mcconico,1.4,2.95,2026-08-08T03:06:13Z
2026-08-08T03:06:59+00:00,Coolbet,h2h,donte johnson,eric mcconico,1.42,3.0,2026-08-08T03:06:25Z
2026-08-08T03:06:59+00:00,BetOnline.ag,h2h,dovletdzhan yagshimuradov,simeon powell,1.62,2.4,2026-08-08T03:06:34Z
2026-08-08T03:06:59+00:00,Unibet (FR),h2h,dovletdzhan yagshimuradov,simeon powell,1.57,2.25,2026-08-08T03:06:56Z
2026-08-08T03:06:59+00:00,FanDuel,h2h,dovletdzhan yagshimuradov,simeon powell,1.61,2.38,2026-08-08T03:06:47Z
2026-08-08T03:06:59+00:00,Winamax (FR),h2h,dovletdzhan yagshimuradov,simeon powell,1.52,2.15,2026-08-08T03:06:48Z
2026-08-08T03:06:59+00:00,Grosvenor,h2h,dovletdzhan yagshimuradov,simeon powell,1.53,2.38,2026-08-08T03:06:03Z
2026-08-08T03:06:59+00:00,BetOnline.ag,h2h,dustin stoltzfus,mansur abdul-malik,5.15,1.18,2026-08-08T03:06:34Z
2026-08-08T03:06:59+00:00,1xBet,h2h,dustin stoltzfus,mansur abdul-malik,5.19,1.22,2026-08-08T03:06:26Z
2026-08-08T03:06:59+00:00,Pinnacle,h2h,dustin stoltzfus,mansur abdul-malik,5.13,1.19,2026-08-08T03:06:56Z
2026-08-08T03:06:59+00:00,Unibet (UK),h2h,dustin stoltzfus,mansur abdul-malik,4.75,1.16,2026-08-08T03:06:26Z
2026-08-08T03:06:59+00:00,Winamax (FR),h2h,dustin stoltzfus,mansur abdul-malik,4.2,1.14,2026-08-08T03:06:48Z
2026-08-08T03:06:59+00:00,Betsson,h2h,dustin stoltzfus,mansur abdul-malik,5.0,1.15,2026-08-08T03:06:15Z
2026-08-08T03:06:59+00:00,Nordic Bet,h2h,dustin stoltzfus,mansur abdul-malik,5.0,1.15,2026-08-08T03:06:14Z
2026-08-08T03:06:59+00:00,DraftKings,h2h,dustin stoltzfus,mansur abdul-malik,5.1,1.18,2026-08-08T03:06:03Z
2026-08-08T03:06:59+00:00,Betclic (FR),h2h,dustin stoltzfus,mansur abdul-malik,4.85,1.15,2026-08-08T03:03:16Z
2026-08-08T03:06:59+00:00,BetRivers,h2h,dustin stoltzfus,mansur abdul-malik,5.2,1.16,2026-08-08T03:06:03Z
2026-08-08T03:06:59+00:00,Virgin Bet,h2h,dustin stoltzfus,mansur abdul-malik,5.2,1.16,2026-08-08T03:06:46Z
2026-08-08T03:06:59+00:00,Grosvenor,h2h,dustin stoltzfus,mansur abdul-malik,4.8,1.12,2026-08-08T03:06:03Z
2026-08-08T03:06:59+00:00,LiveScore Bet,h2h,dustin stoltzfus,mansur abdul-malik,5.2,1.16,2026-08-08T03:06:13Z
2026-08-08T03:06:59+00:00,Coolbet,h2h,dustin stoltzfus,mansur abdul-malik,5.15,1.18,2026-08-08T03:06:25Z
2026-08-08T03:06:59+00:00,BetOnline.ag,h2h,edson barboza,esteban ribovics,4.16,1.25,2026-08-08T03:06:34Z
2026-08-08T03:06:59+00:00,1xBet,h2h,edson barboza,esteban ribovics,4.25,1.29,2026-08-08T03:06:26Z
2026-08-08T03:06:59+00:00,Pinnacle,h2h,edson barboza,esteban ribovics,4.18,1.25,2026-08-08T03:06:56Z
2026-08-08T03:06:59+00:00,Unibet (UK),h2h,edson barboza,esteban ribovics,3.9,1.22,2026-08-08T03:06:26Z
2026-08-08T03:06:59+00:00,888sport,h2h,edson barboza,esteban ribovics,4.2,1.22,2026-08-08T03:06:24Z
2026-08-08T03:06:59+00:00,DraftKings,h2h,edson barboza,esteban ribovics,4.1,1.25,2026-08-08T03:06:03Z
2026-08-08T03:06:59+00:00,Betclic (FR),h2h,edson barboza,esteban ribovics,4.0,1.21,2026-08-08T03:03:16Z
2026-08-08T03:06:59+00:00,Grosvenor,h2h,edson barboza,esteban ribovics,4.0,1.18,2026-08-08T03:06:03Z
2026-08-08T03:06:59+00:00,LiveScore Bet,h2h,edson barboza,esteban ribovics,4.25,1.22,2026-08-08T03:06:13Z
2026-08-08T03:06:59+00:00,Virgin Bet,h2h,edson barboza,esteban ribovics,4.25,1.22,2026-08-08T03:06:46Z
2026-08-08T03:06:59+00:00,BetRivers,h2h,edson barboza,esteban ribovics,4.25,1.22,2026-08-08T03:06:03Z
2026-08-08T03:06:59+00:00,Coolbet,h2h,edson barboza,esteban ribovics,4.15,1.25,2026-08-08T03:06:25Z
2026-08-08T03:06:59+00:00,Winamax (FR),h2h,edson barboza,esteban ribovics,3.55,1.2,2026-08-08T03:06:48Z
2026-08-08T03:06:59+00:00,BetOnline.ag,h2h,gable steveson,sean sharaf,1.07,7.0,2026-08-08T03:06:34Z
2026-08-08T03:06:59+00:00,DraftKings,h2h,gable steveson,sean sharaf,1.09,8.0,2026-08-08T03:06:03Z
2026-08-08T03:06:59+00:00,1xBet,h2h,gable steveson,sean sharaf,1.09,7.55,2026-08-08T03:06:26Z
2026-08-08T03:06:59+00:00,FanDuel,h2h,gianni vazquez,miles johns,2.42,1.6,2026-08-08T03:06:47Z
2026-08-08T03:06:59+00:00,Paddy Power,h2h,gianni vazquez,miles johns,2.38,1.57,2026-08-08T03:04:38Z
2026-08-08T03:06:59+00:00,Betfair Sportsbook,h2h,gianni vazquez,miles johns,2.38,1.57,2026-08-08T03:06:13Z
2026-08-08T03:06:59+00:00,1xBet,h2h,gianni vazquez,miles johns,2.3,1.62,2026-08-08T03:06:26Z
2026-08-08T03:06:59+00:00,BetOnline.ag,h2h,gianni vazquez,miles johns,2.49,1.59,2026-08-08T03:06:34Z
2026-08-08T03:06:59+00:00,Betway,h2h,gianni vazquez,miles johns,2.4,1.57,2026-08-08T03:06:25Z
2026-08-08T03:06:59+00:00,Pinnacle,h2h,gianni vazquez,miles johns,2.42,1.61,2026-08-08T03:06:56Z
2026-08-08T03:06:59+00:00,Unibet (UK),h2h,gianni vazquez,miles johns,2.45,1.56,2026-08-08T03:06:26Z
2026-08-08T03:06:59+00:00,BetRivers,h2h,gianni vazquez,miles johns,2.38,1.57,2026-08-08T03:06:03Z
2026-08-08T03:06:59+00:00,Virgin Bet,h2h,gianni vazquez,miles johns,2.38,1.58,2026-08-08T03:06:46Z
2026-08-08T03:06:59+00:00,Grosvenor,h2h,gianni vazquez,miles johns,2.25,1.51,2026-08-08T03:06:03Z
2026-08-08T03:06:59+00:00,LiveScore Bet,h2h,gianni vazquez,miles johns,2.38,1.58,2026-08-08T03:06:13Z
2026-08-08T03:06:59+00:00,BetAnything,h2h,gianni vazquez,miles johns,2.4,1.59,2026-08-08T03:06:14Z
2026-08-08T03:06:59+00:00,Coolbet,h2h,gianni vazquez,miles johns,2.35,1.63,2026-08-08T03:06:25Z
2026-08-08T03:06:59+00:00,Betfair,h2h,gianni vazquez,miles johns,2.24,1.55,2026-08-08T03:06:47Z
2026-08-08T03:06:59+00:00,Betfair,h2h,gianni vazquez,miles johns,2.24,1.55,2026-08-08T03:06:48Z
2026-08-08T03:06:59+00:00,Matchbook,h2h,gianni vazquez,miles johns,2.5,1.56,2026-08-08T03:06:57Z
2026-08-08T03:06:59+00:00,DraftKings,h2h,gillian robertson,mackenzie dern,3.0,1.41,2026-08-08T03:06:03Z
2026-08-08T03:06:59+00:00,Betclic (FR),h2h,gillian robertson,mackenzie dern,2.97,1.34,2026-08-08T03:03:16Z
2026-08-08T03:06:59+00:00,BetOnline.ag,h2h,gillian robertson,mackenzie dern,3.07,1.4,2026-08-08T03:06:34Z
2026-08-08T03:06:59+00:00,1xBet,h2h,gillian robertson,mackenzie dern,2.95,1.44,2026-08-08T03:06:26Z
2026-08-08T03:06:59+00:00,FanDuel,h2h,gillian robertson,mackenzie dern,3.0,1.38,2026-08-08T03:06:47Z
2026-08-08T03:06:59+00:00,Paddy Power,h2h,gillian robertson,mackenzie dern,2.88,1.4,2026-08-08T03:04:38Z
2026-08-08T03:06:59+00:00,LiveScore Bet,h2h,gillian robertson,mackenzie dern,2.88,1.42,2026-08-08T03:06:13Z
2026-08-08T03:06:59+00:00,Grosvenor,h2h,gillian robertson,mackenzie dern,2.7,1.36,2026-08-08T03:06:03Z
2026-08-08T03:06:59+00:00,Virgin Bet,h2h,gillian robertson,mackenzie dern,2.88,1.42,2026-08-08T03:06:46Z
2026-08-08T03:06:59+00:00,Winamax (FR),h2h,gillian robertson,mackenzie dern,2.85,1.36,2026-08-08T03:06:48Z
2026-08-08T03:06:59+00:00,Marathon Bet,h2h,gillian robertson,mackenzie dern,2.86,1.4,2026-08-08T03:06:46Z
2026-08-08T03:06:59+00:00,Pinnacle,h2h,gillian robertson,mackenzie dern,3.01,1.42,2026-08-08T03:06:56Z
2026-08-08T03:06:59+00:00,Coolbet,h2h,gillian robertson,mackenzie dern,2.9,1.44,2026-08-08T03:06:25Z
2026-08-08T03:06:59+00:00,Unibet (FR),h2h,gillian robertson,mackenzie dern,2.7,1.33,2026-08-08T03:06:56Z
2026-08-08T03:06:59+00:00,Unibet (UK),h2h,gillian robertson,mackenzie dern,2.9,1.38,2026-08-08T03:06:26Z
2026-08-08T03:06:59+00:00,BetRivers,h2h,gillian robertson,mackenzie dern,2.88,1.42,2026-08-08T03:06:03Z
2026-08-08T03:06:59+00:00,888sport,h2h,gillian robertson,mackenzie dern,2.95,1.4,2026-08-08T03:06:24Z
2026-08-08T03:06:59+00:00,BetOnline.ag,h2h,guilherme pat,steven asplund,3.52,1.32,2026-08-08T03:06:34Z
2026-08-08T03:06:59+00:00,1xBet,h2h,guilherme pat,steven asplund,3.26,1.32,2026-08-08T03:06:26Z
2026-08-08T03:06:59+00:00,Pinnacle,h2h,guilherme pat,steven asplund,3.47,1.34,2026-08-08T03:06:56Z
2026-08-08T03:06:59+00:00,BetUS,h2h,guilherme pat,steven asplund,3.54,1.32,2026-08-08T03:06:24Z
2026-08-08T03:06:59+00:00,Unibet (UK),h2h,guilherme pat,steven asplund,3.45,1.32,2026-08-08T03:06:26Z
2026-08-08T03:06:59+00:00,888sport,h2h,guilherme pat,steven asplund,3.4,1.3,2026-08-08T03:06:24Z
2026-08-08T03:06:59+00:00,Nordic Bet,h2h,guilherme pat,steven asplund,3.35,1.34,2026-08-08T03:06:14Z
2026-08-08T03:06:59+00:00,Betsson,h2h,guilherme pat,steven asplund,3.35,1.34,2026-08-08T03:06:15Z
2026-08-08T03:06:59+00:00,DraftKings,h2h,guilherme pat,steven asplund,3.4,1.34,2026-08-08T03:06:03Z
2026-08-08T03:06:59+00:00,Grosvenor,h2h,guilherme pat,steven asplund,3.2,1.27,2026-08-08T03:06:03Z
2026-08-08T03:06:59+00:00,Virgin Bet,h2h,guilherme pat,steven asplund,3.4,1.32,2026-08-08T03:06:46Z
2026-08-08T03:06:59+00:00,BetRivers,h2h,guilherme pat,steven asplund,3.4,1.32,2026-08-08T03:06:03Z
2026-08-08T03:06:59+00:00,LiveScore Bet,h2h,guilherme pat,steven asplund,3.4,1.32,2026-08-08T03:06:13Z
2026-08-08T03:06:59+00:00,Coolbet,h2h,guilherme pat,steven asplund,3.45,1.33,2026-08-08T03:06:25Z
2026-08-08T03:06:59+00:00,FanDuel,h2h,guilherme pat,steven asplund,3.4,1.34,2026-08-08T03:06:47Z
2026-08-08T03:06:59+00:00,Betfair Sportsbook,h2h,guilherme pat,steven asplund,3.25,1.33,2026-08-08T03:06:13Z
2026-08-08T03:06:59+00:00,Paddy Power,h2h,guilherme pat,steven asplund,3.25,1.33,2026-08-08T03:04:38Z
2026-08-08T03:06:59+00:00,Bovada,h2h,guilherme pat,steven asplund,3.55,1.32,2026-08-08T03:03:49Z
2026-08-08T03:06:59+00:00,Betway,h2h,guilherme pat,steven asplund,3.1,1.36,2026-08-08T03:06:25Z
2026-08-08T03:06:59+00:00,Betfair,h2h,guilherme pat,steven asplund,3.6,1.36,2026-08-08T03:06:47Z
2026-08-08T03:06:59+00:00,Betfair,h2h,guilherme pat,steven asplund,3.6,1.36,2026-08-08T03:06:48Z
2026-08-08T03:06:59+00:00,BetAnything,h2h,guilherme pat,steven asplund,3.4,1.32,2026-08-08T03:06:14Z
2026-08-08T03:06:59+00:00,Matchbook,h2h,guilherme pat,steven asplund,3.6,1.37,2026-08-08T03:06:57Z
2026-08-08T03:06:59+00:00,DraftKings,h2h,ian garry,islam makhachev,3.75,1.29,2026-08-08T03:06:03Z
2026-08-08T03:06:59+00:00,Betclic (FR),h2h,ian garry,islam makhachev,3.9,1.22,2026-08-08T03:03:16Z
2026-08-08T03:06:59+00:00,BetOnline.ag,h2h,ian garry,islam makhachev,4.03,1.26,2026-08-08T03:06:34Z
2026-08-08T03:06:59+00:00,FanDuel,h2h,ian garry,islam makhachev,3.8,1.26,2026-08-08T03:06:47Z
2026-08-08T03:06:59+00:00,Paddy Power,h2h,ian garry,islam makhachev,3.5,1.29,2026-08-08T03:04:38Z
2026-08-08T03:06:59+00:00,1xBet,h2h,ian garry,islam makhachev,4.55,1.21,2026-08-08T03:06:26Z
2026-08-08T03:06:59+00:00,Winamax (FR),h2h,ian garry,islam makhachev,3.65,1.23,2026-08-08T03:06:48Z
2026-08-08T03:06:59+00:00,Virgin Bet,h2h,ian garry,islam makhachev,3.7,1.28,2026-08-08T03:06:46Z
2026-08-08T03:06:59+00:00,LiveScore Bet,h2h,ian garry,islam makhachev,3.7,1.28,2026-08-08T03:06:13Z
2026-08-08T03:06:59+00:00,Grosvenor,h2h,ian garry,islam makhachev,3.45,1.24,2026-08-08T03:06:03Z
2026-08-08T03:06:59+00:00,Pinnacle,h2h,ian garry,islam makhachev,3.81,1.29,2026-08-08T03:06:56Z
2026-08-08T03:06:59+00:00,Coolbet,h2h,ian garry,islam makhachev,3.7,1.3,2026-08-08T03:06:25Z
2026-08-08T03:06:59+00:00,BetRivers,h2h,ian garry,islam makhachev,3.7,1.28,2026-08-08T03:06:03Z
2026-08-08T03:06:59+00:00,888sport,h2h,ian garry,islam makhachev,3.6,1.29,2026-08-08T03:06:24Z
2026-08-08T03:06:59+00:00,Betfair,h2h,ian garry,islam makhachev,3.9,1.32,2026-08-08T03:06:48Z
2026-08-08T03:06:59+00:00,Betfair,h2h,ian garry,islam makhachev,3.9,1.32,2026-08-08T03:06:47Z
2026-08-08T03:06:59+00:00,Matchbook,h2h,ian garry,islam makhachev,3.9,1.32,2026-08-08T03:06:57Z
2026-08-08T03:06:59+00:00,BetOnline.ag,h2h,ilia topuria,justin gaethje,1.4,3.1,2026-08-08T03:06:34Z
2026-08-08T03:06:59+00:00,BetOnline.ag,h2h,islam makhachev,kamaru usman,1.3,3.7,2026-08-08T03:06:34Z
2026-08-08T03:06:59+00:00,BetOnline.ag,h2h,jalin turner,kaue fernandes,1.65,2.35,2026-08-08T03:06:34Z
2026-08-08T03:06:59+00:00,1xBet,h2h,jalin turner,kaue fernandes,1.61,2.14,2026-08-08T03:06:26Z
2026-08-08T03:06:59+00:00,Pinnacle,h2h,jalin turner,kaue fernandes,1.69,2.24,2026-08-08T03:06:56Z
2026-08-08T03:06:59+00:00,Unibet (UK),h2h,jalin turner,kaue fernandes,1.6,2.25,2026-08-08T03:06:26Z
2026-08-08T03:06:59+00:00,Betsson,h2h,jalin turner,kaue fernandes,1.65,2.2,2026-08-08T03:06:15Z
2026-08-08T03:06:59+00:00,Nordic Bet,h2h,jalin turner,kaue fernandes,1.65,2.2,2026-08-08T03:06:14Z
2026-08-08T03:06:59+00:00,DraftKings,h2h,jalin turner,kaue fernandes,1.68,2.24,2026-08-08T03:06:03Z
2026-08-08T03:06:59+00:00,BetRivers,h2h,jalin turner,kaue fernandes,1.65,2.23,2026-08-08T03:06:03Z
2026-08-08T03:06:59+00:00,Virgin Bet,h2h,jalin turner,kaue fernandes,1.65,2.23,2026-08-08T03:06:46Z
2026-08-08T03:06:59+00:00,Grosvenor,h2h,jalin turner,kaue fernandes,1.6,2.12,2026-08-08T03:06:03Z
2026-08-08T03:06:59+00:00,LiveScore Bet,h2h,jalin turner,kaue fernandes,1.65,2.23,2026-08-08T03:06:13Z
2026-08-08T03:06:59+00:00,Coolbet,h2h,jalin turner,kaue fernandes,1.65,2.3,2026-08-08T03:06:25Z
2026-08-08T03:06:59+00:00,BetOnline.ag,h2h,jean silva,yair rodriguez,1.29,3.8,2026-08-08T03:06:34Z
2026-08-08T03:06:59+00:00,Betclic (FR),h2h,jean silva,yair rodriguez,1.28,3.3,2026-08-08T03:03:16Z
2026-08-08T03:06:59+00:00,1xBet,h2h,jean silva,yair rodriguez,1.36,3.63,2026-08-08T03:06:26Z
2026-08-08T03:06:59+00:00,DraftKings,h2h,jean silva,yair rodriguez,1.28,3.8,2026-08-08T03:06:03Z
2026-08-08T03:06:59+00:00,Winamax (FR),h2h,jean silva,yair rodriguez,1.28,2.95,2026-08-08T03:06:48Z
2026-08-08T03:06:59+00:00,Virgin Bet,h2h,jean silva,yair rodriguez,1.27,3.75,2026-08-08T03:06:46Z
2026-08-08T03:06:59+00:00,Grosvenor,h2h,jean silva,yair rodriguez,1.23,3.5,2026-08-08T03:06:03Z
2026-08-08T03:06:59+00:00,LiveScore Bet,h2h,jean silva,yair rodriguez,1.27,3.75,2026-08-08T03:06:13Z
2026-08-08T03:06:59+00:00,BetRivers,h2h,jean silva,yair rodriguez,1.27,3.75,2026-08-08T03:06:03Z
2026-08-08T03:06:59+00:00,Betway,h2h,jean silva,yair rodriguez,1.29,3.5,2026-08-08T03:06:25Z
2026-08-08T03:06:59+00:00,BetOnline.ag,h2h,jeremiah wells,myktybek orolbai,5.46,1.17,2026-08-08T03:06:34Z
2026-08-08T03:06:59+00:00,1xBet,h2h,jeremiah wells,myktybek orolbai,5.47,1.21,2026-08-08T03:06:26Z
2026-08-08T03:06:59+00:00,Pinnacle,h2h,jeremiah wells,myktybek orolbai,5.11,1.19,2026-08-08T03:06:56Z
2026-08-08T03:06:59+00:00,Betsson,h2h,jeremiah wells,myktybek orolbai,5.25,1.14,2026-08-08T03:06:15Z
2026-08-08T03:06:59+00:00,Nordic Bet,h2h,jeremiah wells,myktybek orolbai,5.25,1.14,2026-08-08T03:06:14Z
2026-08-08T03:06:59+00:00,DraftKings,h2h,jeremiah wells,myktybek orolbai,5.1,1.18,2026-08-08T03:06:03Z
2026-08-08T03:06:59+00:00,LiveScore Bet,h2h,jeremiah wells,myktybek orolbai,5.3,1.16,2026-08-08T03:06:13Z
2026-08-08T03:06:59+00:00,Virgin Bet,h2h,jeremiah wells,myktybek orolbai,5.3,1.16,2026-08-08T03:06:46Z
2026-08-08T03:06:59+00:00,BetRivers,h2h,jeremiah wells,myktybek orolbai,5.3,1.16,2026-08-08T03:06:03Z
2026-08-08T03:06:59+00:00,Grosvenor,h2h,jeremiah wells,myktybek orolbai,4.9,1.12,2026-08-08T03:06:03Z
2026-08-08T03:06:59+00:00,Coolbet,h2h,jeremiah wells,myktybek orolbai,5.4,1.17,2026-08-08T03:06:25Z
2026-08-08T03:06:59+00:00,BetOnline.ag,h2h,jiri prochazka,magomed ankalaev,2.74,1.5,2026-08-08T03:06:34Z
2026-08-08T03:06:59+00:00,Pinnacle,h2h,jose montanha,louie sutherland,2.7,1.51,2026-08-08T03:06:56Z
2026-08-08T03:06:59+00:00,DraftKings,h2h,jose montanha,louie sutherland,2.64,1.51,2026-08-08T03:06:03Z
2026-08-08T03:06:59+00:00,1xBet,h2h,jose montanha,louie sutherland,2.53,1.5,2026-08-08T03:06:26Z
2026-08-08T03:06:59+00:00,BetUS,h2h,jose montanha,louie sutherland,2.74,1.48,2026-08-08T03:06:24Z
2026-08-08T03:06:59+00:00,BetOnline.ag,h2h,jose montanha,louie sutherland,2.8,1.48,2026-08-08T03:06:34Z
2026-08-08T03:06:59+00:00,Coolbet,h2h,jose montanha,louie sutherland,2.62,1.52,2026-08-08T03:06:25Z
2026-08-08T03:06:59+00:00,Bovada,h2h,jose montanha,louie sutherland,2.68,1.51,2026-08-08T03:03:49Z
2026-08-08T03:06:59+00:00,Unibet (UK),h2h,jose montanha,louie sutherland,2.7,1.48,2026-08-08T03:06:26Z
2026-08-08T03:06:59+00:00,FanDuel,h2h,jose montanha,louie sutherland,2.54,1.54,2026-08-08T03:06:47Z
2026-08-08T03:06:59+00:00,Paddy Power,h2h,jose montanha,louie sutherland,2.5,1.53,2026-08-08T03:04:38Z
2026-08-08T03:06:59+00:00,Betfair Sportsbook,h2h,jose montanha,louie sutherland,2.5,1.53,2026-08-08T03:06:13Z
2026-08-08T03:06:59+00:00,Betway,h2h,jose montanha,louie sutherland,2.5,1.53,2026-08-08T03:06:25Z
2026-08-08T03:06:59+00:00,Betfair,h2h,jose montanha,louie sutherland,2.74,1.51,2026-08-08T03:06:47Z
2026-08-08T03:06:59+00:00,Betfair,h2h,jose montanha,louie sutherland,2.74,1.51,2026-08-08T03:06:48Z
2026-08-08T03:06:59+00:00,BetAnything,h2h,jose montanha,louie sutherland,2.6,1.53,2026-08-08T03:06:14Z
2026-08-08T03:06:59+00:00,Grosvenor,h2h,jose montanha,louie sutherland,2.43,1.45,2026-08-08T03:06:03Z
2026-08-08T03:06:59+00:00,Virgin Bet,h2h,jose montanha,louie sutherland,2.55,1.52,2026-08-08T03:06:46Z
2026-08-08T03:06:59+00:00,BetRivers,h2h,jose montanha,louie sutherland,2.55,1.51,2026-08-08T03:06:03Z
2026-08-08T03:06:59+00:00,LiveScore Bet,h2h,jose montanha,louie sutherland,2.55,1.52,2026-08-08T03:06:13Z
2026-08-08T03:06:59+00:00,Matchbook,h2h,jose montanha,louie sutherland,2.74,1.51,2026-08-08T03:06:57Z
2026-08-08T03:06:59+00:00,BetOnline.ag,h2h,joshua van,manel kape,2.65,1.53,2026-08-08T03:06:34Z
2026-08-08T03:06:59+00:00,BetOnline.ag,h2h,juliana miller,ravena oliveira,1.33,3.49,2026-08-08T03:06:34Z
2026-08-08T03:06:59+00:00,1xBet,h2h,juliana miller,ravena oliveira,1.29,3.42,2026-08-08T03:06:26Z
2026-08-08T03:06:59+00:00,Pinnacle,h2h,juliana miller,ravena oliveira,1.34,3.45,2026-08-08T03:06:56Z
2026-08-08T03:06:59+00:00,BetUS,h2h,juliana miller,ravena oliveira,1.33,3.5,2026-08-08T03:06:24Z
2026-08-08T03:06:59+00:00,Unibet (UK),h2h,juliana miller,ravena oliveira,1.32,3.45,2026-08-08T03:06:26Z
2026-08-08T03:06:59+00:00,888sport,h2h,juliana miller,ravena oliveira,1.3,3.4,2026-08-08T03:06:24Z
2026-08-08T03:06:59+00:00,Betsson,h2h,juliana miller,ravena oliveira,1.32,3.5,2026-08-08T03:06:15Z
2026-08-08T03:06:59+00:00,Nordic Bet,h2h,juliana miller,ravena oliveira,1.32,3.5,2026-08-08T03:06:14Z
2026-08-08T03:06:59+00:00,DraftKings,h2h,juliana miller,ravena oliveira,1.34,3.4,2026-08-08T03:06:03Z
2026-08-08T03:06:59+00:00,Grosvenor,h2h,juliana miller,ravena oliveira,1.28,3.15,2026-08-08T03:06:03Z
2026-08-08T03:06:59+00:00,Virgin Bet,h2h,juliana miller,ravena oliveira,1.33,3.35,2026-08-08T03:06:46Z
2026-08-08T03:06:59+00:00,BetRivers,h2h,juliana miller,ravena oliveira,1.33,3.35,2026-08-08T03:06:03Z
2026-08-08T03:06:59+00:00,LiveScore Bet,h2h,juliana miller,ravena oliveira,1.33,3.35,2026-08-08T03:06:13Z
2026-08-08T03:06:59+00:00,Coolbet,h2h,juliana miller,ravena oliveira,1.34,3.37,2026-08-08T03:06:25Z
2026-08-08T03:06:59+00:00,FanDuel,h2h,juliana miller,ravena oliveira,1.33,3.45,2026-08-08T03:06:47Z
2026-08-08T03:06:59+00:00,Betfair Sportsbook,h2h,juliana miller,ravena oliveira,1.33,3.25,2026-08-08T03:06:13Z
2026-08-08T03:06:59+00:00,Paddy Power,h2h,juliana miller,ravena oliveira,1.33,3.25,2026-08-08T03:04:38Z
2026-08-08T03:06:59+00:00,Bovada,h2h,juliana miller,ravena oliveira,1.32,3.55,2026-08-08T03:03:49Z
2026-08-08T03:06:59+00:00,Betway,h2h,juliana miller,ravena oliveira,1.3,3.5,2026-08-08T03:06:25Z
2026-08-08T03:06:59+00:00,Betfair,h2h,juliana miller,ravena oliveira,1.36,3.4,2026-08-08T03:06:47Z
2026-08-08T03:06:59+00:00,Betfair,h2h,juliana miller,ravena oliveira,1.36,3.4,2026-08-08T03:06:48Z
2026-08-08T03:06:59+00:00,BetAnything,h2h,juliana miller,ravena oliveira,1.32,3.4,2026-08-08T03:06:14Z
2026-08-08T03:06:59+00:00,Matchbook,h2h,juliana miller,ravena oliveira,1.36,3.4,2026-08-08T03:06:57Z
2026-08-08T03:06:59+00:00,BetOnline.ag,h2h,khamzat chimaev,paulo henrique costa,1.2,4.75,2026-08-08T03:06:34Z
2026-08-08T03:06:59+00:00,BetOnline.ag,h2h,khamzat chimaev,sean strickland,1.49,2.75,2026-08-08T03:06:34Z
2026-08-08T03:06:59+00:00,BetOnline.ag,h2h,lucas fernando,rafael tobias,1.43,2.92,2026-08-08T03:06:34Z
2026-08-08T03:06:59+00:00,Pinnacle,h2h,lucas fernando,rafael tobias,1.42,3.0,2026-08-08T03:06:56Z
2026-08-08T03:06:59+00:00,1xBet,h2h,lucas fernando,rafael tobias,1.43,2.94,2026-08-08T03:06:26Z
2026-08-08T03:06:59+00:00,Nordic Bet,h2h,lucas fernando,rafael tobias,1.44,2.7,2026-08-08T03:06:14Z
2026-08-08T03:06:59+00:00,Betsson,h2h,lucas fernando,rafael tobias,1.44,2.7,2026-08-08T03:06:15Z
2026-08-08T03:06:59+00:00,DraftKings,h2h,lucas fernando,rafael tobias,1.42,2.95,2026-08-08T03:06:03Z
2026-08-08T03:06:59+00:00,Virgin Bet,h2h,lucas fernando,rafael tobias,1.41,2.9,2026-08-08T03:06:46Z
2026-08-08T03:06:59+00:00,Grosvenor,h2h,lucas fernando,rafael tobias,1.36,2.75,2026-08-08T03:06:03Z
2026-08-08T03:06:59+00:00,LiveScore Bet,h2h,lucas fernando,rafael tobias,1.41,2.9,2026-08-08T03:06:13Z
2026-08-08T03:06:59+00:00,BetRivers,h2h,lucas fernando,rafael tobias,1.41,2.9,2026-08-08T03:06:03Z
2026-08-08T03:06:59+00:00,Coolbet,h2h,lucas fernando,rafael tobias,1.44,2.9,2026-08-08T03:06:25Z
2026-08-08T03:06:59+00:00,Unibet (UK),h2h,lucas fernando,rafael tobias,1.4,2.8,2026-08-08T03:06:26Z
2026-08-08T03:06:59+00:00,BetOnline.ag,h2h,manoel sousa,richie miranda,1.31,3.6,2026-08-08T03:06:34Z
2026-08-08T03:06:59+00:00,1xBet,h2h,manoel sousa,richie miranda,1.32,3.26,2026-08-08T03:06:26Z
2026-08-08T03:06:59+00:00,Unibet (UK),h2h,manoel sousa,richie miranda,1.3,3.5,2026-08-08T03:06:26Z
2026-08-08T03:06:59+00:00,Coolbet,h2h,manoel sousa,richie miranda,1.32,3.54,2026-08-08T03:06:25Z
2026-08-08T03:06:59+00:00,Pinnacle,h2h,manoel sousa,richie miranda,1.34,3.47,2026-08-08T03:06:56Z
2026-08-08T03:06:59+00:00,Betway,h2h,manoel sousa,richie miranda,1.3,3.5,2026-08-08T03:06:25Z
2026-08-08T03:06:59+00:00,FanDuel,h2h,manoel sousa,richie miranda,1.34,3.4,2026-08-08T03:06:47Z
2026-08-08T03:06:59+00:00,Paddy Power,h2h,manoel sousa,richie miranda,1.33,3.25,2026-08-08T03:04:38Z
2026-08-08T03:06:59+00:00,Betfair Sportsbook,h2h,manoel sousa,richie miranda,1.33,3.25,2026-08-08T03:06:13Z
2026-08-08T03:06:59+00:00,Betfair,h2h,manoel sousa,richie miranda,1.37,3.55,2026-08-08T03:06:47Z
2026-08-08T03:06:59+00:00,Betfair,h2h,manoel sousa,richie miranda,1.37,3.55,2026-08-08T03:06:48Z
2026-08-08T03:06:59+00:00,Bovada,h2h,manoel sousa,richie miranda,1.33,3.5,2026-08-08T03:03:49Z
2026-08-08T03:06:59+00:00,Virgin Bet,h2h,manoel sousa,richie miranda,1.32,3.4,2026-08-08T03:06:46Z
2026-08-08T03:06:59+00:00,BetRivers,h2h,manoel sousa,richie miranda,1.32,3.4,2026-08-08T03:06:03Z
2026-08-08T03:06:59+00:00,LiveScore Bet,h2h,manoel sousa,richie miranda,1.32,3.4,2026-08-08T03:06:13Z
2026-08-08T03:06:59+00:00,Grosvenor,h2h,manoel sousa,richie miranda,1.28,3.15,2026-08-08T03:06:03Z
2026-08-08T03:06:59+00:00,BetUS,h2h,manoel sousa,richie miranda,1.34,3.42,2026-08-08T03:06:24Z
2026-08-08T03:06:59+00:00,Nordic Bet,h2h,manoel sousa,richie miranda,1.31,3.6,2026-08-08T03:06:14Z
2026-08-08T03:06:59+00:00,Betsson,h2h,manoel sousa,richie miranda,1.31,3.6,2026-08-08T03:06:15Z
2026-08-08T03:06:59+00:00,888sport,h2h,manoel sousa,richie miranda,1.3,3.4,2026-08-08T03:06:24Z
2026-08-08T03:06:59+00:00,Matchbook,h2h,manoel sousa,richie miranda,1.37,3.65,2026-08-08T03:06:57Z
2026-08-08T03:06:59+00:00,DraftKings,h2h,manoel sousa,richie miranda,1.32,3.5,2026-08-08T03:06:03Z
2026-08-08T03:06:59+00:00,BetAnything,h2h,manoel sousa,richie miranda,1.32,3.35,2026-08-08T03:06:14Z
2026-08-08T03:06:59+00:00,BetOnline.ag,h2h,mateusz gamrot,quillan salkilld,2.12,1.76,2026-08-08T03:06:34Z
2026-08-08T03:06:59+00:00,Winamax (FR),h2h,mateusz gamrot,quillan salkilld,2.0,1.68,2026-08-08T03:06:48Z
2026-08-08T03:06:59+00:00,Betclic (FR),h2h,mateusz gamrot,quillan salkilld,2.1,1.65,2026-08-08T03:03:16Z
2026-08-08T03:06:59+00:00,1xBet,h2h,mateusz gamrot,quillan salkilld,2.16,1.71,2026-08-08T03:06:26Z
2026-08-08T03:06:59+00:00,Pinnacle,h2h,mateusz gamrot,quillan salkilld,2.18,1.74,2026-08-08T03:06:56Z
2026-08-08T03:06:59+00:00,BetUS,h2h,mateusz gamrot,quillan salkilld,2.14,1.74,2026-08-08T03:06:24Z
2026-08-08T03:06:59+00:00,Unibet (UK),h2h,mateusz gamrot,quillan salkilld,2.1,1.75,2026-08-08T03:06:26Z
2026-08-08T03:06:59+00:00,Nordic Bet,h2h,mateusz gamrot,quillan salkilld,2.25,1.67,2026-08-08T03:06:14Z
2026-08-08T03:06:59+00:00,Betsson,h2h,mateusz gamrot,quillan salkilld,2.25,1.67,2026-08-08T03:06:15Z
2026-08-08T03:06:59+00:00,DraftKings,h2h,mateusz gamrot,quillan salkilld,2.14,1.74,2026-08-08T03:06:03Z
2026-08-08T03:06:59+00:00,LiveScore Bet,h2h,mateusz gamrot,quillan salkilld,2.16,1.7,2026-08-08T03:06:13Z
2026-08-08T03:06:59+00:00,Grosvenor,h2h,mateusz gamrot,quillan salkilld,2.07,1.63,2026-08-08T03:06:03Z
2026-08-08T03:06:59+00:00,Virgin Bet,h2h,mateusz gamrot,quillan salkilld,2.16,1.7,2026-08-08T03:06:46Z
2026-08-08T03:06:59+00:00,BetRivers,h2h,mateusz gamrot,quillan salkilld,2.16,1.7,2026-08-08T03:06:03Z
2026-08-08T03:06:59+00:00,Coolbet,h2h,mateusz gamrot,quillan salkilld,2.13,1.75,2026-08-08T03:06:25Z
2026-08-08T03:06:59+00:00,FanDuel,h2h,mateusz gamrot,quillan salkilld,2.22,1.69,2026-08-08T03:06:47Z
2026-08-08T03:06:59+00:00,Paddy Power,h2h,mateusz gamrot,quillan salkilld,2.2,1.67,2026-08-08T03:04:38Z
2026-08-08T03:06:59+00:00,Bovada,h2h,mateusz gamrot,quillan salkilld,2.17,1.72,2026-08-08T03:03:49Z
2026-08-08T03:06:59+00:00,Betway,h2h,mateusz gamrot,quillan salkilld,2.1,1.73,2026-08-08T03:06:25Z
2026-08-08T03:06:59+00:00,Betfair,h2h,mateusz gamrot,quillan salkilld,2.24,1.78,2026-08-08T03:06:47Z
2026-08-08T03:06:59+00:00,Betfair,h2h,mateusz gamrot,quillan salkilld,2.24,1.78,2026-08-08T03:06:48Z
2026-08-08T03:06:59+00:00,PMU (FR),h2h,mateusz gamrot,quillan salkilld,2.16,1.7,2026-08-08T03:06:24Z
2026-08-08T03:06:59+00:00,BetAnything,h2h,mateusz gamrot,quillan salkilld,2.05,1.74,2026-08-08T03:06:14Z
2026-08-08T03:06:59+00:00,Matchbook,h2h,mateusz gamrot,quillan salkilld,2.26,1.78,2026-08-08T03:06:57Z
2026-08-08T03:06:59+00:00,Unibet (FR),h2h,mateusz gamrot,quillan salkilld,2.05,1.68,2026-08-08T03:06:56Z
2026-08-08T03:06:59+00:00,Marathon Bet,h2h,mateusz gamrot,quillan salkilld,2.13,1.68,2026-08-08T03:06:46Z
2026-08-08T03:06:59+00:00,BetOnline.ag,h2h,max holloway,paddy pimblett,1.56,2.55,2026-08-08T03:06:34Z
2026-08-08T03:06:59+00:00,BetOnline.ag,h2h,merab dvalishvili,petr yan,2.5,1.57,2026-08-08T03:06:34Z
2026-08-08T03:06:59+00:00,BetOnline.ag,h2h,nassourdine imavov,sean strickland,1.88,1.94,2026-08-08T03:06:34Z
2026-08-08T03:06:59+00:00,BetOnline.ag,h2h,natalia silva,valentina shevchenko,3.1,1.4,2026-08-08T03:06:34Z
2026-08-08T03:06:59+00:00,BetOnline.ag,h2h,neil magny,ramiz brahimaj,1.91,1.91,2026-08-08T03:06:34Z
2026-08-08T03:06:59+00:00,1xBet,h2h,neil magny,ramiz brahimaj,1.96,1.96,2026-08-08T03:06:26Z
2026-08-08T03:06:59+00:00,Pinnacle,h2h,neil magny,ramiz brahimaj,1.88,1.97,2026-08-08T03:06:56Z
2026-08-08T03:06:59+00:00,888sport,h2h,neil magny,ramiz brahimaj,1.91,1.91,2026-08-08T03:06:24Z
2026-08-08T03:06:59+00:00,Nordic Bet,h2h,neil magny,ramiz brahimaj,1.88,1.88,2026-08-08T03:06:14Z
2026-08-08T03:06:59+00:00,Betsson,h2h,neil magny,ramiz brahimaj,1.88,1.88,2026-08-08T03:06:15Z
2026-08-08T03:06:59+00:00,DraftKings,h2h,neil magny,ramiz brahimaj,1.87,1.95,2026-08-08T03:06:03Z
2026-08-08T03:06:59+00:00,LiveScore Bet,h2h,neil magny,ramiz brahimaj,1.9,1.9,2026-08-08T03:06:13Z
2026-08-08T03:06:59+00:00,Virgin Bet,h2h,neil magny,ramiz brahimaj,1.9,1.9,2026-08-08T03:06:46Z
2026-08-08T03:06:59+00:00,Grosvenor,h2h,neil magny,ramiz brahimaj,1.82,1.82,2026-08-08T03:06:03Z
2026-08-08T03:06:59+00:00,BetRivers,h2h,neil magny,ramiz brahimaj,1.89,1.89,2026-08-08T03:06:03Z
2026-08-08T03:06:59+00:00,Coolbet,h2h,neil magny,ramiz brahimaj,1.92,1.92,2026-08-08T03:06:25Z
2026-08-08T03:06:59+00:00,DraftKings,h2h,robelis despaigne,tai tuivasa,1.2,4.8,2026-08-08T03:06:03Z
2026-08-08T03:06:59+00:00,1xBet,h2h,robelis despaigne,tai tuivasa,1.23,4.66,2026-08-08T03:06:26Z
2026-08-08T03:06:59+00:00,BetOnline.ag,h2h,song yadong,umar nurmagomedov,4.5,1.22,2026-08-08T03:06:34Z
2026-08-08T03:06:59+00:00,Betclic (FR),h2h,song yadong,umar nurmagomedov,4.45,1.17,2026-08-08T03:03:16Z
2026-08-08T03:06:59+00:00,1xBet,h2h,song yadong,umar nurmagomedov,5.19,1.19,2026-08-08T03:06:26Z
2026-08-08T03:06:59+00:00,BetUS,h2h,song yadong,umar nurmagomedov,4.39,1.22,2026-08-08T03:06:24Z
2026-08-08T03:06:59+00:00,DraftKings,h2h,song yadong,umar nurmagomedov,4.5,1.22,2026-08-08T03:06:03Z
2026-08-08T03:06:59+00:00,Betway,h2h,song yadong,umar nurmagomedov,4.5,1.2,2026-08-08T03:06:25Z
2026-08-08T03:06:59+00:00,FanDuel,h2h,song yadong,umar nurmagomedov,4.5,1.19,2026-08-08T03:06:47Z
2026-08-08T03:06:59+00:00,Paddy Power,h2h,song yadong,umar nurmagomedov,4.5,1.2,2026-08-08T03:04:38Z
2026-08-08T03:06:59+00:00,Winamax (FR),h2h,song yadong,umar nurmagomedov,4.0,1.2,2026-08-08T03:06:48Z
2026-08-08T03:06:59+00:00,LiveScore Bet,h2h,song yadong,umar nurmagomedov,4.35,1.21,2026-08-08T03:06:13Z
2026-08-08T03:06:59+00:00,BetRivers,h2h,song yadong,umar nurmagomedov,4.35,1.21,2026-08-08T03:06:03Z
2026-08-08T03:06:59+00:00,Virgin Bet,h2h,song yadong,umar nurmagomedov,4.35,1.21,2026-08-08T03:06:46Z
2026-08-08T03:06:59+00:00,Grosvenor,h2h,song yadong,umar nurmagomedov,4.1,1.17,2026-08-08T03:06:03Z
2026-08-08T03:06:59+00:00,Coolbet,h2h,song yadong,umar nurmagomedov,4.5,1.22,2026-08-08T03:06:25Z
2026-08-08T03:06:59+00:00,BetOnline.ag,h2h,tresean gore,vicente luque,1.83,2.0,2026-08-08T03:06:34Z
2026-08-08T03:06:59+00:00,1xBet,h2h,tresean gore,vicente luque,1.81,2.2,2026-08-08T03:06:26Z
2026-08-08T03:06:59+00:00,Pinnacle,h2h,tresean gore,vicente luque,1.71,2.19,2026-08-08T03:06:56Z
2026-08-08T03:06:59+00:00,Unibet (UK),h2h,tresean gore,vicente luque,1.78,1.98,2026-08-08T03:06:26Z
2026-08-08T03:06:59+00:00,Nordic Bet,h2h,tresean gore,vicente luque,1.7,2.1,2026-08-08T03:06:14Z
2026-08-08T03:06:59+00:00,Betsson,h2h,tresean gore,vicente luque,1.7,2.1,2026-08-08T03:06:15Z
2026-08-08T03:06:59+00:00,DraftKings,h2h,tresean gore,vicente luque,1.7,2.2,2026-08-08T03:06:03Z
2026-08-08T03:06:59+00:00,Grosvenor,h2h,tresean gore,vicente luque,1.7,1.96,2026-08-08T03:06:03Z
2026-08-08T03:06:59+00:00,LiveScore Bet,h2h,tresean gore,vicente luque,1.76,2.07,2026-08-08T03:06:13Z
2026-08-08T03:06:59+00:00,BetRivers,h2h,tresean gore,vicente luque,1.76,2.07,2026-08-08T03:06:03Z
2026-08-08T03:06:59+00:00,Virgin Bet,h2h,tresean gore,vicente luque,1.76,2.07,2026-08-08T03:06:46Z
2026-08-08T03:06:59+00:00,Coolbet,h2h,tresean gore,vicente luque,1.77,2.1,2026-08-08T03:06:25Z
2026-08-08T03:07:11+00:00,BetOnline.ag,h2h,aaron jeffery,joshua silveira,1.54,2.61,2026-08-08T02:55:10Z
2026-08-08T03:07:11+00:00,FanDuel,h2h,aaron jeffery,joshua silveira,1.04,9.3,2026-08-08T03:05:10Z
2026-08-08T03:07:11+00:00,Winamax (FR),h2h,aaron jeffery,joshua silveira,1.06,6.5,2026-08-08T03:06:48Z
2026-08-08T03:07:11+00:00,Grosvenor,h2h,aaron jeffery,joshua silveira,1.07,7.5,2026-08-08T03:07:07Z
2026-08-08T03:07:11+00:00,BetOnline.ag,h2h,alex pereira,josh hokit,2.4,1.62,2026-08-08T03:06:34Z
2026-08-08T03:07:11+00:00,DraftKings,h2h,alexandre pantoja,joshua van,1.85,1.98,2026-08-08T03:07:07Z
2026-08-08T03:07:11+00:00,Betclic (FR),h2h,alexandre pantoja,joshua van,1.85,1.85,2026-08-08T03:03:16Z
2026-08-08T03:07:11+00:00,1xBet,h2h,alexandre pantoja,joshua van,1.96,1.96,2026-08-08T03:06:26Z
2026-08-08T03:07:11+00:00,BetRivers,h2h,alexandre pantoja,joshua van,1.83,1.97,2026-08-08T03:07:08Z
2026-08-08T03:07:11+00:00,Virgin Bet,h2h,alexandre pantoja,joshua van,1.83,1.98,2026-08-08T03:06:46Z
2026-08-08T03:07:11+00:00,Grosvenor,h2h,alexandre pantoja,joshua van,1.75,1.88,2026-08-08T03:07:07Z
2026-08-08T03:07:11+00:00,LiveScore Bet,h2h,alexandre pantoja,joshua van,1.83,1.98,2026-08-08T03:06:13Z
2026-08-08T03:07:11+00:00,Winamax (FR),h2h,alexandre pantoja,joshua van,1.74,1.84,2026-08-08T03:06:48Z
2026-08-08T03:07:11+00:00,BetOnline.ag,h2h,alexia thainara,amanda lemos,1.38,3.15,2026-08-08T03:06:34Z
2026-08-08T03:07:11+00:00,1xBet,h2h,alexia thainara,amanda lemos,1.37,3.15,2026-08-08T03:06:26Z
2026-08-08T03:07:11+00:00,Pinnacle,h2h,alexia thainara,amanda lemos,1.4,3.15,2026-08-08T03:06:56Z
2026-08-08T03:07:11+00:00,BetUS,h2h,alexia thainara,amanda lemos,1.38,3.14,2026-08-08T03:06:24Z
2026-08-08T03:07:11+00:00,Unibet (UK),h2h,alexia thainara,amanda lemos,1.36,3.15,2026-08-08T03:06:26Z
2026-08-08T03:07:11+00:00,Nordic Bet,h2h,alexia thainara,amanda lemos,1.35,3.35,2026-08-08T03:06:14Z
2026-08-08T03:07:11+00:00,Betsson,h2h,alexia thainara,amanda lemos,1.35,3.35,2026-08-08T03:06:15Z
2026-08-08T03:07:11+00:00,DraftKings,h2h,alexia thainara,amanda lemos,1.38,3.15,2026-08-08T03:07:07Z
2026-08-08T03:07:11+00:00,Virgin Bet,h2h,alexia thainara,amanda lemos,1.37,3.1,2026-08-08T03:06:46Z
2026-08-08T03:07:11+00:00,LiveScore Bet,h2h,alexia thainara,amanda lemos,1.37,3.1,2026-08-08T03:06:13Z
2026-08-08T03:07:11+00:00,BetRivers,h2h,alexia thainara,amanda lemos,1.36,3.1,2026-08-08T03:07:08Z
2026-08-08T03:07:11+00:00,Grosvenor,h2h,alexia thainara,amanda lemos,1.33,2.9,2026-08-08T03:07:07Z
2026-08-08T03:07:11+00:00,Coolbet,h2h,alexia thainara,amanda lemos,1.37,3.22,2026-08-08T03:06:25Z
2026-08-08T03:07:11+00:00,FanDuel,h2h,alexia thainara,amanda lemos,1.4,3.05,2026-08-08T03:06:47Z
2026-08-08T03:07:11+00:00,Betfair Sportsbook,h2h,alexia thainara,amanda lemos,1.4,2.88,2026-08-08T03:06:13Z
2026-08-08T03:07:11+00:00,Paddy Power,h2h,alexia thainara,amanda lemos,1.4,2.88,2026-08-08T03:04:38Z
2026-08-08T03:07:11+00:00,Bovada,h2h,alexia thainara,amanda lemos,1.38,3.15,2026-08-08T03:03:49Z
2026-08-08T03:07:11+00:00,Betclic (FR),h2h,alexia thainara,amanda lemos,1.32,3.1,2026-08-08T03:03:16Z
2026-08-08T03:07:11+00:00,Betway,h2h,alexia thainara,amanda lemos,1.36,3.1,2026-08-08T03:06:25Z
2026-08-08T03:07:11+00:00,Betfair,h2h,alexia thainara,amanda lemos,1.43,3.2,2026-08-08T03:07:07Z
2026-08-08T03:07:11+00:00,Betfair,h2h,alexia thainara,amanda lemos,1.43,3.2,2026-08-08T03:06:48Z
2026-08-08T03:07:11+00:00,PMU (FR),h2h,alexia thainara,amanda lemos,1.36,3.1,2026-08-08T03:06:24Z
2026-08-08T03:07:11+00:00,BetAnything,h2h,alexia thainara,amanda lemos,1.38,3.05,2026-08-08T03:06:14Z
2026-08-08T03:07:11+00:00,Winamax (FR),h2h,alexia thainara,amanda lemos,1.34,2.95,2026-08-08T03:06:48Z
2026-08-08T03:07:11+00:00,Matchbook,h2h,alexia thainara,amanda lemos,1.43,3.2,2026-08-08T03:06:57Z
2026-08-08T03:07:11+00:00,Marathon Bet,h2h,alexia thainara,amanda lemos,1.36,3.04,2026-08-08T03:06:46Z
2026-08-08T03:07:11+00:00,Unibet (FR),h2h,alexia thainara,amanda lemos,1.33,3.05,2026-08-08T03:06:56Z
2026-08-08T03:07:11+00:00,BetOnline.ag,h2h,ananias mulumba,tom pagliarulo,1.59,2.3,2026-08-08T03:06:34Z
2026-08-08T03:07:11+00:00,BetOnline.ag,h2h,arman tsarukyan,justin gaethje,1.2,4.85,2026-08-08T03:06:34Z
2026-08-08T03:07:11+00:00,DraftKings,h2h,arman tsarukyan,mauricio ruffy,1.28,3.85,2026-08-08T03:07:07Z
2026-08-08T03:07:11+00:00,Betclic (FR),h2h,arman tsarukyan,mauricio ruffy,1.21,4.0,2026-08-08T03:03:16Z
2026-08-08T03:07:11+00:00,Winamax (FR),h2h,arman tsarukyan,mauricio ruffy,1.23,3.3,2026-08-08T03:06:48Z
2026-08-08T03:07:11+00:00,1xBet,h2h,arman tsarukyan,mauricio ruffy,1.28,4.14,2026-08-08T03:06:26Z
2026-08-08T03:07:11+00:00,BetOnline.ag,h2h,billy goff,ty miller,4.1,1.26,2026-08-08T03:06:34Z
2026-08-08T03:07:11+00:00,1xBet,h2h,billy goff,ty miller,4.22,1.23,2026-08-08T03:06:26Z
2026-08-08T03:07:11+00:00,Pinnacle,h2h,billy goff,ty miller,4.3,1.25,2026-08-08T03:06:56Z
2026-08-08T03:07:11+00:00,BetUS,h2h,billy goff,ty miller,4.3,1.23,2026-08-08T03:06:24Z
2026-08-08T03:07:11+00:00,Unibet (UK),h2h,billy goff,ty miller,4.1,1.24,2026-08-08T03:06:26Z
2026-08-08T03:07:11+00:00,888sport,h2h,billy goff,ty miller,4.0,1.25,2026-08-08T03:06:24Z
2026-08-08T03:07:11+00:00,Betsson,h2h,billy goff,ty miller,4.15,1.24,2026-08-08T03:06:15Z
2026-08-08T03:07:11+00:00,Nordic Bet,h2h,billy goff,ty miller,4.15,1.24,2026-08-08T03:06:14Z
2026-08-08T03:07:11+00:00,DraftKings,h2h,billy goff,ty miller,4.3,1.24,2026-08-08T03:07:07Z
2026-08-08T03:07:11+00:00,Coolbet,h2h,billy goff,ty miller,3.9,1.28,2026-08-08T03:06:25Z
2026-08-08T03:07:11+00:00,Virgin Bet,h2h,billy goff,ty miller,4.1,1.24,2026-08-08T03:06:46Z
2026-08-08T03:07:11+00:00,BetRivers,h2h,billy goff,ty miller,4.1,1.24,2026-08-08T03:07:08Z
2026-08-08T03:07:11+00:00,Grosvenor,h2h,billy goff,ty miller,3.85,1.19,2026-08-08T03:07:07Z
2026-08-08T03:07:11+00:00,LiveScore Bet,h2h,billy goff,ty miller,4.1,1.24,2026-08-08T03:06:13Z
2026-08-08T03:07:11+00:00,Betfair Sportsbook,h2h,billy goff,ty miller,3.75,1.25,2026-08-08T03:06:13Z
2026-08-08T03:07:11+00:00,Paddy Power,h2h,billy goff,ty miller,3.75,1.25,2026-08-08T03:04:38Z
2026-08-08T03:07:11+00:00,FanDuel,h2h,billy goff,ty miller,4.1,1.26,2026-08-08T03:06:47Z
2026-08-08T03:07:11+00:00,Bovada,h2h,billy goff,ty miller,4.15,1.25,2026-08-08T03:03:49Z
2026-08-08T03:07:11+00:00,Betclic (FR),h2h,billy goff,ty miller,4.0,1.21,2026-08-08T03:03:16Z
2026-08-08T03:07:11+00:00,Betway,h2h,billy goff,ty miller,4.0,1.25,2026-08-08T03:06:25Z
2026-08-08T03:07:11+00:00,Betfair,h2h,billy goff,ty miller,4.5,1.26,2026-08-08T03:07:07Z
2026-08-08T03:07:11+00:00,Betfair,h2h,billy goff,ty miller,4.5,1.26,2026-08-08T03:06:48Z
2026-08-08T03:07:11+00:00,PMU (FR),h2h,billy goff,ty miller,4.1,1.24,2026-08-08T03:06:24Z
2026-08-08T03:07:11+00:00,BetAnything,h2h,billy goff,ty miller,3.65,1.24,2026-08-08T03:06:14Z
2026-08-08T03:07:11+00:00,Winamax (FR),h2h,billy goff,ty miller,3.55,1.2,2026-08-08T03:06:48Z
2026-08-08T03:07:11+00:00,Matchbook,h2h,billy goff,ty miller,4.5,1.26,2026-08-08T03:06:57Z
2026-08-08T03:07:11+00:00,BetOnline.ag,h2h,billy quarantillo,carlos diego ferreira,2.57,1.56,2026-08-08T03:06:34Z
2026-08-08T03:07:11+00:00,1xBet,h2h,billy quarantillo,carlos diego ferreira,2.44,1.56,2026-08-08T03:06:26Z
2026-08-08T03:07:11+00:00,Pinnacle,h2h,billy quarantillo,carlos diego ferreira,2.51,1.57,2026-08-08T03:06:56Z
2026-08-08T03:07:11+00:00,BetUS,h2h,billy quarantillo,carlos diego ferreira,2.48,1.56,2026-08-08T03:06:24Z
2026-08-08T03:07:11+00:00,Unibet (UK),h2h,billy quarantillo,carlos diego ferreira,2.5,1.53,2026-08-08T03:06:26Z
2026-08-08T03:07:11+00:00,888sport,h2h,billy quarantillo,carlos diego ferreira,2.5,1.53,2026-08-08T03:06:24Z
2026-08-08T03:07:11+00:00,Nordic Bet,h2h,billy quarantillo,carlos diego ferreira,2.4,1.6,2026-08-08T03:06:14Z
2026-08-08T03:07:11+00:00,Betsson,h2h,billy quarantillo,carlos diego ferreira,2.4,1.6,2026-08-08T03:06:15Z
2026-08-08T03:07:11+00:00,DraftKings,h2h,billy quarantillo,carlos diego ferreira,2.5,1.56,2026-08-08T03:07:07Z
2026-08-08T03:07:11+00:00,LiveScore Bet,h2h,billy quarantillo,carlos diego ferreira,2.43,1.56,2026-08-08T03:06:13Z
2026-08-08T03:07:11+00:00,Grosvenor,h2h,billy quarantillo,carlos diego ferreira,2.3,1.5,2026-08-08T03:07:07Z
2026-08-08T03:07:11+00:00,Virgin Bet,h2h,billy quarantillo,carlos diego ferreira,2.43,1.56,2026-08-08T03:06:46Z
2026-08-08T03:07:11+00:00,BetRivers,h2h,billy quarantillo,carlos diego ferreira,2.43,1.56,2026-08-08T03:07:08Z
2026-08-08T03:07:11+00:00,Marathon Bet,h2h,billy quarantillo,carlos diego ferreira,2.43,1.53,2026-08-08T03:06:46Z
2026-08-08T03:07:11+00:00,Coolbet,h2h,billy quarantillo,carlos diego ferreira,2.5,1.56,2026-08-08T03:06:25Z
2026-08-08T03:07:11+00:00,Betclic (FR),h2h,billy quarantillo,carlos diego ferreira,2.43,1.5,2026-08-08T03:03:16Z
2026-08-08T03:07:11+00:00,FanDuel,h2h,billy quarantillo,carlos diego ferreira,2.48,1.57,2026-08-08T03:06:47Z
2026-08-08T03:07:11+00:00,Paddy Power,h2h,billy quarantillo,carlos diego ferreira,2.38,1.57,2026-08-08T03:04:38Z
2026-08-08T03:07:11+00:00,Bovada,h2h,billy quarantillo,carlos diego ferreira,2.47,1.58,2026-08-08T03:03:49Z
2026-08-08T03:07:11+00:00,Unibet (FR),h2h,billy quarantillo,carlos diego ferreira,2.45,1.49,2026-08-08T03:06:56Z
2026-08-08T03:07:11+00:00,Betway,h2h,billy quarantillo,carlos diego ferreira,2.4,1.57,2026-08-08T03:06:25Z
2026-08-08T03:07:11+00:00,Betfair,h2h,billy quarantillo,carlos diego ferreira,2.66,1.57,2026-08-08T03:07:07Z
2026-08-08T03:07:11+00:00,Betfair,h2h,billy quarantillo,carlos diego ferreira,2.66,1.57,2026-08-08T03:06:48Z
2026-08-08T03:07:11+00:00,PMU (FR),h2h,billy quarantillo,carlos diego ferreira,2.43,1.56,2026-08-08T03:06:24Z
2026-08-08T03:07:11+00:00,BetAnything,h2h,billy quarantillo,carlos diego ferreira,2.5,1.56,2026-08-08T03:06:14Z
2026-08-08T03:07:11+00:00,Winamax (FR),h2h,billy quarantillo,carlos diego ferreira,2.4,1.5,2026-08-08T03:06:48Z
2026-08-08T03:07:11+00:00,Matchbook,h2h,billy quarantillo,carlos diego ferreira,2.66,1.57,2026-08-08T03:06:57Z
2026-08-08T03:07:11+00:00,BetOnline.ag,h2h,bruno lopes,diyar nurgozhay,2.3,1.67,2026-08-08T03:06:34Z
2026-08-08T03:07:11+00:00,1xBet,h2h,bruno lopes,diyar nurgozhay,2.22,1.63,2026-08-08T03:06:26Z
2026-08-08T03:07:11+00:00,Pinnacle,h2h,bruno lopes,diyar nurgozhay,2.36,1.64,2026-08-08T03:06:56Z
2026-08-08T03:07:11+00:00,BetUS,h2h,bruno lopes,diyar nurgozhay,2.3,1.65,2026-08-08T03:06:24Z
2026-08-08T03:07:11+00:00,Unibet (UK),h2h,bruno lopes,diyar nurgozhay,2.3,1.63,2026-08-08T03:06:26Z
2026-08-08T03:07:11+00:00,Betsson,h2h,bruno lopes,diyar nurgozhay,2.25,1.67,2026-08-08T03:06:15Z
2026-08-08T03:07:11+00:00,Nordic Bet,h2h,bruno lopes,diyar nurgozhay,2.25,1.67,2026-08-08T03:06:14Z
2026-08-08T03:07:11+00:00,DraftKings,h2h,bruno lopes,diyar nurgozhay,2.3,1.65,2026-08-08T03:07:07Z
2026-08-08T03:07:11+00:00,Coolbet,h2h,bruno lopes,diyar nurgozhay,2.3,1.65,2026-08-08T03:06:25Z
2026-08-08T03:07:11+00:00,FanDuel,h2h,bruno lopes,diyar nurgozhay,2.32,1.64,2026-08-08T03:06:47Z
2026-08-08T03:07:11+00:00,Betfair Sportsbook,h2h,bruno lopes,diyar nurgozhay,2.25,1.62,2026-08-08T03:06:13Z
2026-08-08T03:07:11+00:00,Paddy Power,h2h,bruno lopes,diyar nurgozhay,2.25,1.62,2026-08-08T03:04:38Z
2026-08-08T03:07:11+00:00,Bovada,h2h,bruno lopes,diyar nurgozhay,2.3,1.67,2026-08-08T03:03:49Z
2026-08-08T03:07:11+00:00,LiveScore Bet,h2h,bruno lopes,diyar nurgozhay,2.23,1.65,2026-08-08T03:06:13Z
2026-08-08T03:07:11+00:00,Virgin Bet,h2h,bruno lopes,diyar nurgozhay,2.23,1.65,2026-08-08T03:06:46Z
2026-08-08T03:07:11+00:00,Grosvenor,h2h,bruno lopes,diyar nurgozhay,2.12,1.6,2026-08-08T03:07:07Z
2026-08-08T03:07:11+00:00,BetRivers,h2h,bruno lopes,diyar nurgozhay,2.23,1.65,2026-08-08T03:07:08Z
2026-08-08T03:07:11+00:00,Betway,h2h,bruno lopes,diyar nurgozhay,2.2,1.67,2026-08-08T03:06:25Z
2026-08-08T03:07:11+00:00,Betfair,h2h,bruno lopes,diyar nurgozhay,2.46,1.65,2026-08-08T03:07:07Z
2026-08-08T03:07:11+00:00,Betfair,h2h,bruno lopes,diyar nurgozhay,2.46,1.65,2026-08-08T03:06:48Z
2026-08-08T03:07:11+00:00,BetAnything,h2h,bruno lopes,diyar nurgozhay,2.3,1.62,2026-08-08T03:06:14Z
2026-08-08T03:07:11+00:00,Matchbook,h2h,bruno lopes,diyar nurgozhay,2.46,1.65,2026-08-08T03:06:57Z
2026-08-08T03:07:11+00:00,BetOnline.ag,h2h,bryan battle,dalton rosta,1.74,2.15,2026-08-08T03:06:34Z
2026-08-08T03:07:11+00:00,Winamax (FR),h2h,bryan battle,dalton rosta,1.62,1.96,2026-08-08T03:06:48Z
2026-08-08T03:07:11+00:00,Grosvenor,h2h,bryan battle,dalton rosta,1.68,2.15,2026-08-08T03:07:07Z
2026-08-08T03:07:11+00:00,FanDuel,h2h,bryan battle,dalton rosta,1.74,2.16,2026-08-08T03:06:47Z
2026-08-08T03:07:11+00:00,BetOnline.ag,h2h,carlos ulberg,magomed ankalaev,2.65,1.53,2026-08-08T03:06:34Z
2026-08-08T03:07:11+00:00,BetOnline.ag,h2h,carol foro,giovanna canuto,1.43,2.95,2026-08-08T03:06:34Z
2026-08-08T03:07:11+00:00,1xBet,h2h,carol foro,giovanna canuto,1.37,3.03,2026-08-08T03:06:26Z
2026-08-08T03:07:11+00:00,FanDuel,h2h,carol foro,giovanna canuto,1.42,2.94,2026-08-08T03:06:47Z
2026-08-08T03:07:11+00:00,Betfair Sportsbook,h2h,carol foro,giovanna canuto,1.4,2.88,2026-08-08T03:06:13Z
2026-08-08T03:07:11+00:00,Unibet (UK),h2h,carol foro,giovanna canuto,1.42,2.9,2026-08-08T03:06:26Z
2026-08-08T03:07:11+00:00,Betfair,h2h,carol foro,giovanna canuto,1.41,3.05,2026-08-08T03:07:07Z
2026-08-08T03:07:11+00:00,Paddy Power,h2h,carol foro,giovanna canuto,1.4,2.88,2026-08-08T03:04:38Z
2026-08-08T03:07:11+00:00,Betfair,h2h,carol foro,giovanna canuto,1.41,3.05,2026-08-08T03:06:48Z
2026-08-08T03:07:11+00:00,Betway,h2h,carol foro,giovanna canuto,1.36,3.1,2026-08-08T03:06:25Z
2026-08-08T03:07:11+00:00,Bovada,h2h,carol foro,giovanna canuto,1.41,3.05,2026-08-08T03:03:49Z
2026-08-08T03:07:11+00:00,DraftKings,h2h,carol foro,giovanna canuto,1.41,3.0,2026-08-08T03:07:07Z
2026-08-08T03:07:11+00:00,Betsson,h2h,carol foro,giovanna canuto,1.37,2.95,2026-08-08T03:06:15Z
2026-08-08T03:07:11+00:00,Nordic Bet,h2h,carol foro,giovanna canuto,1.37,2.95,2026-08-08T03:06:14Z
2026-08-08T03:07:11+00:00,Coolbet,h2h,carol foro,giovanna canuto,1.39,3.1,2026-08-08T03:06:25Z
2026-08-08T03:07:11+00:00,BetRivers,h2h,carol foro,giovanna canuto,1.38,3.05,2026-08-08T03:07:08Z
2026-08-08T03:07:11+00:00,Virgin Bet,h2h,carol foro,giovanna canuto,1.38,3.05,2026-08-08T03:06:46Z
2026-08-08T03:07:11+00:00,Grosvenor,h2h,carol foro,giovanna canuto,1.33,2.88,2026-08-08T03:07:07Z
2026-08-08T03:07:11+00:00,LiveScore Bet,h2h,carol foro,giovanna canuto,1.38,3.05,2026-08-08T03:06:13Z
2026-08-08T03:07:11+00:00,BetUS,h2h,carol foro,giovanna canuto,1.4,3.07,2026-08-08T03:06:24Z
2026-08-08T03:07:11+00:00,BetAnything,h2h,carol foro,giovanna canuto,1.38,3.0,2026-08-08T03:06:14Z
2026-08-08T03:07:11+00:00,888sport,h2h,carol foro,giovanna canuto,1.4,2.95,2026-08-08T03:06:24Z
2026-08-08T03:07:11+00:00,Matchbook,h2h,carol foro,giovanna canuto,1.41,3.05,2026-08-08T03:06:57Z
2026-08-08T03:07:11+00:00,Pinnacle,h2h,carol foro,giovanna canuto,1.41,3.07,2026-08-08T03:06:56Z
2026-08-08T03:07:11+00:00,BetOnline.ag,h2h,charles johnson,jose ochoa,3.89,1.28,2026-08-08T03:06:34Z
2026-08-08T03:07:11+00:00,Pinnacle,h2h,charles johnson,jose ochoa,3.67,1.31,2026-08-08T03:06:56Z
2026-08-08T03:07:11+00:00,1xBet,h2h,charles johnson,jose ochoa,3.69,1.3,2026-08-08T03:06:26Z
2026-08-08T03:07:11+00:00,Betsson,h2h,charles johnson,jose ochoa,3.75,1.25,2026-08-08T03:06:15Z
2026-08-08T03:07:11+00:00,Nordic Bet,h2h,charles johnson,jose ochoa,3.75,1.25,2026-08-08T03:06:14Z
2026-08-08T03:07:11+00:00,DraftKings,h2h,charles johnson,jose ochoa,3.6,1.31,2026-08-08T03:07:07Z
2026-08-08T03:07:11+00:00,Betclic (FR),h2h,charles johnson,jose ochoa,3.7,1.24,2026-08-08T03:03:16Z
2026-08-08T03:07:11+00:00,BetRivers,h2h,charles johnson,jose ochoa,3.8,1.26,2026-08-08T03:07:08Z
2026-08-08T03:07:11+00:00,Virgin Bet,h2h,charles johnson,jose ochoa,3.8,1.26,2026-08-08T03:06:46Z
2026-08-08T03:07:11+00:00,Grosvenor,h2h,charles johnson,jose ochoa,3.65,1.21,2026-08-08T03:07:07Z
2026-08-08T03:07:11+00:00,LiveScore Bet,h2h,charles johnson,jose ochoa,3.8,1.26,2026-08-08T03:06:13Z
2026-08-08T03:07:11+00:00,Coolbet,h2h,charles johnson,jose ochoa,3.7,1.3,2026-08-08T03:06:25Z
2026-08-08T03:07:11+00:00,BetOnline.ag,h2h,chidi njokuani,joel alvarez,3.19,1.38,2026-08-08T03:06:34Z
2026-08-08T03:07:11+00:00,DraftKings,h2h,chidi njokuani,joel alvarez,3.1,1.39,2026-08-08T03:07:07Z
2026-08-08T03:07:11+00:00,Nordic Bet,h2h,chidi njokuani,joel alvarez,2.85,1.4,2026-08-08T03:06:14Z
2026-08-08T03:07:11+00:00,Betsson,h2h,chidi njokuani,joel alvarez,2.85,1.4,2026-08-08T03:06:15Z
2026-08-08T03:07:11+00:00,1xBet,h2h,chidi njokuani,joel alvarez,3.3,1.41,2026-08-08T03:06:26Z
2026-08-08T03:07:11+00:00,BetRivers,h2h,chidi njokuani,joel alvarez,2.95,1.4,2026-08-08T03:07:08Z
2026-08-08T03:07:11+00:00,Virgin Bet,h2h,chidi njokuani,joel alvarez,2.95,1.4,2026-08-08T03:06:46Z
2026-08-08T03:07:11+00:00,Grosvenor,h2h,chidi njokuani,joel alvarez,2.8,1.35,2026-08-08T03:07:07Z
2026-08-08T03:07:11+00:00,LiveScore Bet,h2h,chidi njokuani,joel alvarez,2.95,1.4,2026-08-08T03:06:13Z
2026-08-08T03:07:11+00:00,888sport,h2h,chidi njokuani,joel alvarez,3.05,1.36,2026-08-08T03:06:24Z
2026-08-08T03:07:11+00:00,Coolbet,h2h,chidi njokuani,joel alvarez,3.05,1.4,2026-08-08T03:06:25Z
2026-08-08T03:07:11+00:00,Unibet (UK),h2h,chidi njokuani,joel alvarez,3.0,1.36,2026-08-08T03:06:26Z
2026-08-08T03:07:11+00:00,BetOnline.ag,h2h,ciryl gane,josh hokit,1.4,3.1,2026-08-08T03:06:34Z
2026-08-08T03:07:11+00:00,BetOnline.ag,h2h,ciryl gane,tom aspinall,2.05,1.8,2026-08-08T03:06:34Z
2026-08-08T03:07:11+00:00,BetOnline.ag,h2h,conor mcgregor,jorge masvidal,1.69,2.25,2026-08-08T03:06:34Z
2026-08-08T03:07:11+00:00,BetOnline.ag,h2h,conor mcgregor,paddy pimblett,2.3,1.67,2026-08-08T03:06:34Z
2026-08-08T03:07:11+00:00,BetOnline.ag,h2h,darren elkins,yadier delvalle,6.71,1.12,2026-08-08T03:06:34Z
2026-08-08T03:07:11+00:00,1xBet,h2h,darren elkins,yadier delvalle,6.6,1.11,2026-08-08T03:06:26Z
2026-08-08T03:07:11+00:00,Pinnacle,h2h,darren elkins,yadier delvalle,6.99,1.12,2026-08-08T03:06:56Z
2026-08-08T03:07:11+00:00,BetUS,h2h,darren elkins,yadier delvalle,6.35,1.12,2026-08-08T03:06:24Z
2026-08-08T03:07:11+00:00,Unibet (UK),h2h,darren elkins,yadier delvalle,6.5,1.12,2026-08-08T03:06:26Z
2026-08-08T03:07:11+00:00,888sport,h2h,darren elkins,yadier delvalle,6.7,1.1,2026-08-08T03:06:24Z
2026-08-08T03:07:11+00:00,Nordic Bet,h2h,darren elkins,yadier delvalle,7.0,1.11,2026-08-08T03:06:14Z
2026-08-08T03:07:11+00:00,Betsson,h2h,darren elkins,yadier delvalle,7.0,1.11,2026-08-08T03:06:15Z
2026-08-08T03:07:11+00:00,DraftKings,h2h,darren elkins,yadier delvalle,6.75,1.12,2026-08-08T03:07:07Z
2026-08-08T03:07:11+00:00,Coolbet,h2h,darren elkins,yadier delvalle,6.75,1.12,2026-08-08T03:06:25Z
2026-08-08T03:07:11+00:00,LiveScore Bet,h2h,darren elkins,yadier delvalle,6.5,1.11,2026-08-08T03:06:13Z
2026-08-08T03:07:11+00:00,Virgin Bet,h2h,darren elkins,yadier delvalle,6.5,1.11,2026-08-08T03:06:46Z
2026-08-08T03:07:11+00:00,BetRivers,h2h,darren elkins,yadier delvalle,6.5,1.11,2026-08-08T03:07:08Z
2026-08-08T03:07:11+00:00,Grosvenor,h2h,darren elkins,yadier delvalle,6.0,1.07,2026-08-08T03:07:07Z
2026-08-08T03:07:11+00:00,FanDuel,h2h,darren elkins,yadier delvalle,6.3,1.13,2026-08-08T03:06:47Z
2026-08-08T03:07:11+00:00,Paddy Power,h2h,darren elkins,yadier delvalle,5.5,1.14,2026-08-08T03:04:38Z
2026-08-08T03:07:11+00:00,Bovada,h2h,darren elkins,yadier delvalle,6.75,1.12,2026-08-08T03:03:49Z
2026-08-08T03:07:11+00:00,Betclic (FR),h2h,darren elkins,yadier delvalle,6.6,1.08,2026-08-08T03:03:16Z
2026-08-08T03:07:11+00:00,Betway,h2h,darren elkins,yadier delvalle,6.0,1.12,2026-08-08T03:06:25Z
2026-08-08T03:07:11+00:00,Betfair,h2h,darren elkins,yadier delvalle,6.8,1.15,2026-08-08T03:07:07Z
2026-08-08T03:07:11+00:00,Betfair,h2h,darren elkins,yadier delvalle,6.8,1.15,2026-08-08T03:06:48Z
2026-08-08T03:07:11+00:00,PMU (FR),h2h,darren elkins,yadier delvalle,6.5,1.11,2026-08-08T03:06:24Z
2026-08-08T03:07:11+00:00,BetAnything,h2h,darren elkins,yadier delvalle,5.75,1.12,2026-08-08T03:06:14Z
2026-08-08T03:07:11+00:00,Winamax (FR),h2h,darren elkins,yadier delvalle,5.8,1.1,2026-08-08T03:06:48Z
2026-08-08T03:07:11+00:00,Matchbook,h2h,darren elkins,yadier delvalle,7.4,1.15,2026-08-08T03:06:57Z
2026-08-08T03:07:11+00:00,Unibet (FR),h2h,darren elkins,yadier delvalle,6.1,1.09,2026-08-08T03:06:56Z
2026-08-08T03:07:11+00:00,BetOnline.ag,h2h,darren till,yoel romero,1.57,2.35,2026-08-08T03:06:34Z
2026-08-08T03:07:11+00:00,BetOnline.ag,h2h,donte johnson,eric mcconico,1.39,3.11,2026-08-08T03:06:34Z
2026-08-08T03:07:11+00:00,1xBet,h2h,donte johnson,eric mcconico,1.49,2.95,2026-08-08T03:06:26Z
2026-08-08T03:07:11+00:00,Pinnacle,h2h,donte johnson,eric mcconico,1.41,3.04,2026-08-08T03:06:56Z
2026-08-08T03:07:11+00:00,Unibet (UK),h2h,donte johnson,eric mcconico,1.36,2.95,2026-08-08T03:06:26Z
2026-08-08T03:07:11+00:00,Nordic Bet,h2h,donte johnson,eric mcconico,1.4,2.9,2026-08-08T03:06:14Z
2026-08-08T03:07:11+00:00,Betsson,h2h,donte johnson,eric mcconico,1.4,2.9,2026-08-08T03:06:15Z
2026-08-08T03:07:11+00:00,DraftKings,h2h,donte johnson,eric mcconico,1.41,3.0,2026-08-08T03:07:07Z
2026-08-08T03:07:11+00:00,BetRivers,h2h,donte johnson,eric mcconico,1.4,2.95,2026-08-08T03:07:08Z
2026-08-08T03:07:11+00:00,Virgin Bet,h2h,donte johnson,eric mcconico,1.4,2.95,2026-08-08T03:06:46Z
2026-08-08T03:07:11+00:00,Grosvenor,h2h,donte johnson,eric mcconico,1.35,2.8,2026-08-08T03:07:07Z
2026-08-08T03:07:11+00:00,LiveScore Bet,h2h,donte johnson,eric mcconico,1.4,2.95,2026-08-08T03:06:13Z
2026-08-08T03:07:11+00:00,Coolbet,h2h,donte johnson,eric mcconico,1.42,3.0,2026-08-08T03:06:25Z
2026-08-08T03:07:11+00:00,BetOnline.ag,h2h,dovletdzhan yagshimuradov,simeon powell,1.62,2.4,2026-08-08T03:06:34Z
2026-08-08T03:07:11+00:00,Unibet (FR),h2h,dovletdzhan yagshimuradov,simeon powell,1.57,2.25,2026-08-08T03:06:56Z
2026-08-08T03:07:11+00:00,FanDuel,h2h,dovletdzhan yagshimuradov,simeon powell,1.61,2.38,2026-08-08T03:06:47Z
2026-08-08T03:07:11+00:00,Winamax (FR),h2h,dovletdzhan yagshimuradov,simeon powell,1.52,2.15,2026-08-08T03:06:48Z
2026-08-08T03:07:11+00:00,Grosvenor,h2h,dovletdzhan yagshimuradov,simeon powell,1.53,2.38,2026-08-08T03:07:07Z
2026-08-08T03:07:11+00:00,BetOnline.ag,h2h,dustin stoltzfus,mansur abdul-malik,5.15,1.18,2026-08-08T03:06:34Z
2026-08-08T03:07:11+00:00,1xBet,h2h,dustin stoltzfus,mansur abdul-malik,5.19,1.22,2026-08-08T03:06:26Z
2026-08-08T03:07:11+00:00,Pinnacle,h2h,dustin stoltzfus,mansur abdul-malik,5.13,1.19,2026-08-08T03:06:56Z
2026-08-08T03:07:11+00:00,Unibet (UK),h2h,dustin stoltzfus,mansur abdul-malik,4.75,1.16,2026-08-08T03:06:26Z
2026-08-08T03:07:11+00:00,Winamax (FR),h2h,dustin stoltzfus,mansur abdul-malik,4.2,1.14,2026-08-08T03:06:48Z
2026-08-08T03:07:11+00:00,Betsson,h2h,dustin stoltzfus,mansur abdul-malik,5.0,1.15,2026-08-08T03:06:15Z
2026-08-08T03:07:11+00:00,Nordic Bet,h2h,dustin stoltzfus,mansur abdul-malik,5.0,1.15,2026-08-08T03:06:14Z
2026-08-08T03:07:11+00:00,DraftKings,h2h,dustin stoltzfus,mansur abdul-malik,5.1,1.18,2026-08-08T03:07:07Z
2026-08-08T03:07:11+00:00,Betclic (FR),h2h,dustin stoltzfus,mansur abdul-malik,4.85,1.15,2026-08-08T03:03:16Z
2026-08-08T03:07:11+00:00,BetRivers,h2h,dustin stoltzfus,mansur abdul-malik,5.2,1.16,2026-08-08T03:07:08Z
2026-08-08T03:07:11+00:00,Virgin Bet,h2h,dustin stoltzfus,mansur abdul-malik,5.2,1.16,2026-08-08T03:06:46Z
2026-08-08T03:07:11+00:00,Grosvenor,h2h,dustin stoltzfus,mansur abdul-malik,4.8,1.12,2026-08-08T03:07:07Z
2026-08-08T03:07:11+00:00,LiveScore Bet,h2h,dustin stoltzfus,mansur abdul-malik,5.2,1.16,2026-08-08T03:06:13Z
2026-08-08T03:07:11+00:00,Coolbet,h2h,dustin stoltzfus,mansur abdul-malik,5.15,1.18,2026-08-08T03:06:25Z
2026-08-08T03:07:11+00:00,BetOnline.ag,h2h,edson barboza,esteban ribovics,4.16,1.25,2026-08-08T03:06:34Z
2026-08-08T03:07:11+00:00,1xBet,h2h,edson barboza,esteban ribovics,4.25,1.29,2026-08-08T03:06:26Z
2026-08-08T03:07:11+00:00,Pinnacle,h2h,edson barboza,esteban ribovics,4.18,1.25,2026-08-08T03:06:56Z
2026-08-08T03:07:11+00:00,Unibet (UK),h2h,edson barboza,esteban ribovics,3.9,1.22,2026-08-08T03:06:26Z
2026-08-08T03:07:11+00:00,888sport,h2h,edson barboza,esteban ribovics,4.2,1.22,2026-08-08T03:06:24Z
2026-08-08T03:07:11+00:00,DraftKings,h2h,edson barboza,esteban ribovics,4.1,1.25,2026-08-08T03:07:07Z
2026-08-08T03:07:11+00:00,Betclic (FR),h2h,edson barboza,esteban ribovics,4.0,1.21,2026-08-08T03:03:16Z
2026-08-08T03:07:11+00:00,Grosvenor,h2h,edson barboza,esteban ribovics,4.0,1.18,2026-08-08T03:07:07Z
2026-08-08T03:07:11+00:00,LiveScore Bet,h2h,edson barboza,esteban ribovics,4.25,1.22,2026-08-08T03:06:13Z
2026-08-08T03:07:11+00:00,Virgin Bet,h2h,edson barboza,esteban ribovics,4.25,1.22,2026-08-08T03:06:46Z
2026-08-08T03:07:11+00:00,BetRivers,h2h,edson barboza,esteban ribovics,4.25,1.22,2026-08-08T03:07:08Z
2026-08-08T03:07:11+00:00,Coolbet,h2h,edson barboza,esteban ribovics,4.15,1.25,2026-08-08T03:06:25Z
2026-08-08T03:07:11+00:00,Winamax (FR),h2h,edson barboza,esteban ribovics,3.55,1.2,2026-08-08T03:06:48Z
2026-08-08T03:07:11+00:00,BetOnline.ag,h2h,gable steveson,sean sharaf,1.07,7.0,2026-08-08T03:06:34Z
2026-08-08T03:07:11+00:00,DraftKings,h2h,gable steveson,sean sharaf,1.09,8.0,2026-08-08T03:07:07Z
2026-08-08T03:07:11+00:00,1xBet,h2h,gable steveson,sean sharaf,1.09,7.55,2026-08-08T03:06:26Z
2026-08-08T03:07:11+00:00,FanDuel,h2h,gianni vazquez,miles johns,2.42,1.6,2026-08-08T03:06:47Z
2026-08-08T03:07:11+00:00,Paddy Power,h2h,gianni vazquez,miles johns,2.38,1.57,2026-08-08T03:04:38Z
2026-08-08T03:07:11+00:00,Betfair Sportsbook,h2h,gianni vazquez,miles johns,2.38,1.57,2026-08-08T03:06:13Z
2026-08-08T03:07:11+00:00,1xBet,h2h,gianni vazquez,miles johns,2.3,1.62,2026-08-08T03:06:26Z
2026-08-08T03:07:11+00:00,BetOnline.ag,h2h,gianni vazquez,miles johns,2.49,1.59,2026-08-08T03:06:34Z
2026-08-08T03:07:11+00:00,Betway,h2h,gianni vazquez,miles johns,2.4,1.57,2026-08-08T03:06:25Z
2026-08-08T03:07:11+00:00,Pinnacle,h2h,gianni vazquez,miles johns,2.42,1.61,2026-08-08T03:06:56Z
2026-08-08T03:07:11+00:00,Unibet (UK),h2h,gianni vazquez,miles johns,2.45,1.56,2026-08-08T03:06:26Z
2026-08-08T03:07:11+00:00,BetRivers,h2h,gianni vazquez,miles johns,2.38,1.57,2026-08-08T03:07:08Z
2026-08-08T03:07:11+00:00,Virgin Bet,h2h,gianni vazquez,miles johns,2.38,1.58,2026-08-08T03:06:46Z
2026-08-08T03:07:11+00:00,Grosvenor,h2h,gianni vazquez,miles johns,2.25,1.51,2026-08-08T03:07:07Z
2026-08-08T03:07:11+00:00,LiveScore Bet,h2h,gianni vazquez,miles johns,2.38,1.58,2026-08-08T03:06:13Z
2026-08-08T03:07:11+00:00,BetAnything,h2h,gianni vazquez,miles johns,2.4,1.59,2026-08-08T03:06:14Z
2026-08-08T03:07:11+00:00,Coolbet,h2h,gianni vazquez,miles johns,2.35,1.63,2026-08-08T03:06:25Z
2026-08-08T03:07:11+00:00,Betfair,h2h,gianni vazquez,miles johns,2.24,1.55,2026-08-08T03:07:07Z
2026-08-08T03:07:11+00:00,Betfair,h2h,gianni vazquez,miles johns,2.24,1.55,2026-08-08T03:06:48Z
2026-08-08T03:07:11+00:00,Matchbook,h2h,gianni vazquez,miles johns,2.5,1.56,2026-08-08T03:06:57Z
2026-08-08T03:07:11+00:00,DraftKings,h2h,gillian robertson,mackenzie dern,3.0,1.41,2026-08-08T03:07:07Z
2026-08-08T03:07:11+00:00,Betclic (FR),h2h,gillian robertson,mackenzie dern,2.97,1.34,2026-08-08T03:03:16Z
2026-08-08T03:07:11+00:00,BetOnline.ag,h2h,gillian robertson,mackenzie dern,3.07,1.4,2026-08-08T03:06:34Z
2026-08-08T03:07:11+00:00,1xBet,h2h,gillian robertson,mackenzie dern,2.95,1.44,2026-08-08T03:06:26Z
2026-08-08T03:07:11+00:00,FanDuel,h2h,gillian robertson,mackenzie dern,3.0,1.38,2026-08-08T03:06:47Z
2026-08-08T03:07:11+00:00,Paddy Power,h2h,gillian robertson,mackenzie dern,2.88,1.4,2026-08-08T03:04:38Z
2026-08-08T03:07:11+00:00,LiveScore Bet,h2h,gillian robertson,mackenzie dern,2.88,1.42,2026-08-08T03:06:13Z
2026-08-08T03:07:11+00:00,Grosvenor,h2h,gillian robertson,mackenzie dern,2.7,1.36,2026-08-08T03:07:07Z
2026-08-08T03:07:11+00:00,Virgin Bet,h2h,gillian robertson,mackenzie dern,2.88,1.42,2026-08-08T03:06:46Z
2026-08-08T03:07:11+00:00,Winamax (FR),h2h,gillian robertson,mackenzie dern,2.85,1.36,2026-08-08T03:06:48Z
2026-08-08T03:07:11+00:00,Marathon Bet,h2h,gillian robertson,mackenzie dern,2.86,1.4,2026-08-08T03:06:46Z
2026-08-08T03:07:11+00:00,Pinnacle,h2h,gillian robertson,mackenzie dern,3.01,1.42,2026-08-08T03:06:56Z
2026-08-08T03:07:11+00:00,Coolbet,h2h,gillian robertson,mackenzie dern,2.9,1.44,2026-08-08T03:06:25Z
2026-08-08T03:07:11+00:00,Unibet (FR),h2h,gillian robertson,mackenzie dern,2.7,1.33,2026-08-08T03:06:56Z
2026-08-08T03:07:11+00:00,Unibet (UK),h2h,gillian robertson,mackenzie dern,2.9,1.38,2026-08-08T03:06:26Z
2026-08-08T03:07:11+00:00,BetRivers,h2h,gillian robertson,mackenzie dern,2.88,1.42,2026-08-08T03:07:08Z
2026-08-08T03:07:11+00:00,888sport,h2h,gillian robertson,mackenzie dern,2.95,1.4,2026-08-08T03:06:24Z
2026-08-08T03:07:11+00:00,BetOnline.ag,h2h,guilherme pat,steven asplund,3.52,1.32,2026-08-08T03:06:34Z
2026-08-08T03:07:11+00:00,1xBet,h2h,guilherme pat,steven asplund,3.26,1.32,2026-08-08T03:06:26Z
2026-08-08T03:07:11+00:00,Pinnacle,h2h,guilherme pat,steven asplund,3.47,1.34,2026-08-08T03:06:56Z
2026-08-08T03:07:11+00:00,BetUS,h2h,guilherme pat,steven asplund,3.54,1.32,2026-08-08T03:06:24Z
2026-08-08T03:07:11+00:00,Unibet (UK),h2h,guilherme pat,steven asplund,3.45,1.32,2026-08-08T03:06:26Z
2026-08-08T03:07:11+00:00,888sport,h2h,guilherme pat,steven asplund,3.4,1.3,2026-08-08T03:06:24Z
2026-08-08T03:07:11+00:00,Nordic Bet,h2h,guilherme pat,steven asplund,3.35,1.34,2026-08-08T03:06:14Z
2026-08-08T03:07:11+00:00,Betsson,h2h,guilherme pat,steven asplund,3.35,1.34,2026-08-08T03:06:15Z
2026-08-08T03:07:11+00:00,DraftKings,h2h,guilherme pat,steven asplund,3.4,1.34,2026-08-08T03:07:07Z
2026-08-08T03:07:11+00:00,Grosvenor,h2h,guilherme pat,steven asplund,3.2,1.27,2026-08-08T03:07:07Z
2026-08-08T03:07:11+00:00,Virgin Bet,h2h,guilherme pat,steven asplund,3.4,1.32,2026-08-08T03:06:46Z
2026-08-08T03:07:11+00:00,BetRivers,h2h,guilherme pat,steven asplund,3.4,1.32,2026-08-08T03:07:08Z
2026-08-08T03:07:11+00:00,LiveScore Bet,h2h,guilherme pat,steven asplund,3.4,1.32,2026-08-08T03:06:13Z
2026-08-08T03:07:11+00:00,Coolbet,h2h,guilherme pat,steven asplund,3.45,1.33,2026-08-08T03:06:25Z
2026-08-08T03:07:11+00:00,FanDuel,h2h,guilherme pat,steven asplund,3.4,1.34,2026-08-08T03:06:47Z
2026-08-08T03:07:11+00:00,Betfair Sportsbook,h2h,guilherme pat,steven asplund,3.25,1.33,2026-08-08T03:06:13Z
2026-08-08T03:07:11+00:00,Paddy Power,h2h,guilherme pat,steven asplund,3.25,1.33,2026-08-08T03:04:38Z
2026-08-08T03:07:11+00:00,Bovada,h2h,guilherme pat,steven asplund,3.55,1.32,2026-08-08T03:03:49Z
2026-08-08T03:07:11+00:00,Betway,h2h,guilherme pat,steven asplund,3.1,1.36,2026-08-08T03:06:25Z
2026-08-08T03:07:11+00:00,Betfair,h2h,guilherme pat,steven asplund,3.6,1.36,2026-08-08T03:07:07Z
2026-08-08T03:07:11+00:00,Betfair,h2h,guilherme pat,steven asplund,3.6,1.36,2026-08-08T03:06:48Z
2026-08-08T03:07:11+00:00,BetAnything,h2h,guilherme pat,steven asplund,3.4,1.32,2026-08-08T03:06:14Z
2026-08-08T03:07:11+00:00,Matchbook,h2h,guilherme pat,steven asplund,3.6,1.37,2026-08-08T03:06:57Z
2026-08-08T03:07:11+00:00,DraftKings,h2h,ian garry,islam makhachev,3.75,1.29,2026-08-08T03:07:07Z
2026-08-08T03:07:11+00:00,Betclic (FR),h2h,ian garry,islam makhachev,3.9,1.22,2026-08-08T03:03:16Z
2026-08-08T03:07:11+00:00,BetOnline.ag,h2h,ian garry,islam makhachev,4.03,1.26,2026-08-08T03:06:34Z
2026-08-08T03:07:11+00:00,FanDuel,h2h,ian garry,islam makhachev,3.8,1.26,2026-08-08T03:06:47Z
2026-08-08T03:07:11+00:00,Paddy Power,h2h,ian garry,islam makhachev,3.5,1.29,2026-08-08T03:04:38Z
2026-08-08T03:07:11+00:00,1xBet,h2h,ian garry,islam makhachev,4.55,1.21,2026-08-08T03:06:26Z
2026-08-08T03:07:11+00:00,Winamax (FR),h2h,ian garry,islam makhachev,3.65,1.23,2026-08-08T03:06:48Z
2026-08-08T03:07:11+00:00,Virgin Bet,h2h,ian garry,islam makhachev,3.7,1.28,2026-08-08T03:06:46Z
2026-08-08T03:07:11+00:00,LiveScore Bet,h2h,ian garry,islam makhachev,3.7,1.28,2026-08-08T03:06:13Z
2026-08-08T03:07:11+00:00,Grosvenor,h2h,ian garry,islam makhachev,3.45,1.24,2026-08-08T03:07:07Z
2026-08-08T03:07:11+00:00,Pinnacle,h2h,ian garry,islam makhachev,3.81,1.29,2026-08-08T03:06:56Z
2026-08-08T03:07:11+00:00,Coolbet,h2h,ian garry,islam makhachev,3.7,1.3,2026-08-08T03:06:25Z
2026-08-08T03:07:11+00:00,BetRivers,h2h,ian garry,islam makhachev,3.7,1.28,2026-08-08T03:07:08Z
2026-08-08T03:07:11+00:00,888sport,h2h,ian garry,islam makhachev,3.6,1.29,2026-08-08T03:06:24Z
2026-08-08T03:07:11+00:00,Betfair,h2h,ian garry,islam makhachev,3.9,1.32,2026-08-08T03:06:48Z
2026-08-08T03:07:11+00:00,Betfair,h2h,ian garry,islam makhachev,3.9,1.32,2026-08-08T03:07:07Z
2026-08-08T03:07:11+00:00,Matchbook,h2h,ian garry,islam makhachev,3.9,1.32,2026-08-08T03:06:57Z
2026-08-08T03:07:11+00:00,BetOnline.ag,h2h,ilia topuria,justin gaethje,1.4,3.1,2026-08-08T03:06:34Z
2026-08-08T03:07:11+00:00,BetOnline.ag,h2h,islam makhachev,kamaru usman,1.3,3.7,2026-08-08T03:06:34Z
2026-08-08T03:07:11+00:00,BetOnline.ag,h2h,jalin turner,kaue fernandes,1.65,2.35,2026-08-08T03:06:34Z
2026-08-08T03:07:11+00:00,1xBet,h2h,jalin turner,kaue fernandes,1.61,2.14,2026-08-08T03:06:26Z
2026-08-08T03:07:11+00:00,Pinnacle,h2h,jalin turner,kaue fernandes,1.69,2.24,2026-08-08T03:06:56Z
2026-08-08T03:07:11+00:00,Unibet (UK),h2h,jalin turner,kaue fernandes,1.6,2.25,2026-08-08T03:06:26Z
2026-08-08T03:07:11+00:00,Betsson,h2h,jalin turner,kaue fernandes,1.65,2.2,2026-08-08T03:06:15Z
2026-08-08T03:07:11+00:00,Nordic Bet,h2h,jalin turner,kaue fernandes,1.65,2.2,2026-08-08T03:06:14Z
2026-08-08T03:07:11+00:00,DraftKings,h2h,jalin turner,kaue fernandes,1.68,2.24,2026-08-08T03:07:07Z
2026-08-08T03:07:11+00:00,BetRivers,h2h,jalin turner,kaue fernandes,1.65,2.23,2026-08-08T03:07:08Z
2026-08-08T03:07:11+00:00,Virgin Bet,h2h,jalin turner,kaue fernandes,1.65,2.23,2026-08-08T03:06:46Z
2026-08-08T03:07:11+00:00,Grosvenor,h2h,jalin turner,kaue fernandes,1.6,2.12,2026-08-08T03:07:07Z
2026-08-08T03:07:11+00:00,LiveScore Bet,h2h,jalin turner,kaue fernandes,1.65,2.23,2026-08-08T03:06:13Z
2026-08-08T03:07:11+00:00,Coolbet,h2h,jalin turner,kaue fernandes,1.65,2.3,2026-08-08T03:06:25Z
2026-08-08T03:07:11+00:00,BetOnline.ag,h2h,jean silva,yair rodriguez,1.29,3.8,2026-08-08T03:06:34Z
2026-08-08T03:07:11+00:00,Betclic (FR),h2h,jean silva,yair rodriguez,1.28,3.3,2026-08-08T03:03:16Z
2026-08-08T03:07:11+00:00,1xBet,h2h,jean silva,yair rodriguez,1.36,3.63,2026-08-08T03:06:26Z
2026-08-08T03:07:11+00:00,DraftKings,h2h,jean silva,yair rodriguez,1.28,3.8,2026-08-08T03:07:07Z
2026-08-08T03:07:11+00:00,Winamax (FR),h2h,jean silva,yair rodriguez,1.28,2.95,2026-08-08T03:06:48Z
2026-08-08T03:07:11+00:00,Virgin Bet,h2h,jean silva,yair rodriguez,1.27,3.75,2026-08-08T03:06:46Z
2026-08-08T03:07:11+00:00,Grosvenor,h2h,jean silva,yair rodriguez,1.23,3.5,2026-08-08T03:07:07Z
2026-08-08T03:07:11+00:00,LiveScore Bet,h2h,jean silva,yair rodriguez,1.27,3.75,2026-08-08T03:06:13Z
2026-08-08T03:07:11+00:00,BetRivers,h2h,jean silva,yair rodriguez,1.27,3.75,2026-08-08T03:07:08Z
2026-08-08T03:07:11+00:00,Betway,h2h,jean silva,yair rodriguez,1.29,3.5,2026-08-08T03:06:25Z
2026-08-08T03:07:11+00:00,BetOnline.ag,h2h,jeremiah wells,myktybek orolbai,5.46,1.17,2026-08-08T03:06:34Z
2026-08-08T03:07:11+00:00,1xBet,h2h,jeremiah wells,myktybek orolbai,5.47,1.21,2026-08-08T03:06:26Z
2026-08-08T03:07:11+00:00,Pinnacle,h2h,jeremiah wells,myktybek orolbai,5.11,1.19,2026-08-08T03:06:56Z
2026-08-08T03:07:11+00:00,Betsson,h2h,jeremiah wells,myktybek orolbai,5.25,1.14,2026-08-08T03:06:15Z
2026-08-08T03:07:11+00:00,Nordic Bet,h2h,jeremiah wells,myktybek orolbai,5.25,1.14,2026-08-08T03:06:14Z
2026-08-08T03:07:11+00:00,DraftKings,h2h,jeremiah wells,myktybek orolbai,5.1,1.18,2026-08-08T03:07:07Z
2026-08-08T03:07:11+00:00,LiveScore Bet,h2h,jeremiah wells,myktybek orolbai,5.3,1.16,2026-08-08T03:06:13Z
2026-08-08T03:07:11+00:00,Virgin Bet,h2h,jeremiah wells,myktybek orolbai,5.3,1.16,2026-08-08T03:06:46Z
2026-08-08T03:07:11+00:00,BetRivers,h2h,jeremiah wells,myktybek orolbai,5.3,1.16,2026-08-08T03:07:08Z
2026-08-08T03:07:11+00:00,Grosvenor,h2h,jeremiah wells,myktybek orolbai,4.9,1.12,2026-08-08T03:07:07Z
2026-08-08T03:07:11+00:00,Coolbet,h2h,jeremiah wells,myktybek orolbai,5.4,1.17,2026-08-08T03:06:25Z
2026-08-08T03:07:11+00:00,BetOnline.ag,h2h,jiri prochazka,magomed ankalaev,2.74,1.5,2026-08-08T03:06:34Z
2026-08-08T03:07:11+00:00,Pinnacle,h2h,jose montanha,louie sutherland,2.7,1.51,2026-08-08T03:06:56Z
2026-08-08T03:07:11+00:00,DraftKings,h2h,jose montanha,louie sutherland,2.64,1.51,2026-08-08T03:07:07Z
2026-08-08T03:07:11+00:00,1xBet,h2h,jose montanha,louie sutherland,2.53,1.5,2026-08-08T03:06:26Z
2026-08-08T03:07:11+00:00,BetUS,h2h,jose montanha,louie sutherland,2.74,1.48,2026-08-08T03:06:24Z
2026-08-08T03:07:11+00:00,BetOnline.ag,h2h,jose montanha,louie sutherland,2.8,1.48,2026-08-08T03:06:34Z
2026-08-08T03:07:11+00:00,Coolbet,h2h,jose montanha,louie sutherland,2.62,1.52,2026-08-08T03:06:25Z
2026-08-08T03:07:11+00:00,Bovada,h2h,jose montanha,louie sutherland,2.68,1.51,2026-08-08T03:03:49Z
2026-08-08T03:07:11+00:00,Unibet (UK),h2h,jose montanha,louie sutherland,2.7,1.48,2026-08-08T03:06:26Z
2026-08-08T03:07:11+00:00,FanDuel,h2h,jose montanha,louie sutherland,2.54,1.54,2026-08-08T03:06:47Z
2026-08-08T03:07:11+00:00,Paddy Power,h2h,jose montanha,louie sutherland,2.5,1.53,2026-08-08T03:04:38Z
2026-08-08T03:07:11+00:00,Betfair Sportsbook,h2h,jose montanha,louie sutherland,2.5,1.53,2026-08-08T03:06:13Z
2026-08-08T03:07:11+00:00,Betway,h2h,jose montanha,louie sutherland,2.5,1.53,2026-08-08T03:06:25Z
2026-08-08T03:07:11+00:00,Betfair,h2h,jose montanha,louie sutherland,2.74,1.51,2026-08-08T03:07:07Z
2026-08-08T03:07:11+00:00,Betfair,h2h,jose montanha,louie sutherland,2.74,1.51,2026-08-08T03:06:48Z
2026-08-08T03:07:11+00:00,BetAnything,h2h,jose montanha,louie sutherland,2.6,1.53,2026-08-08T03:06:14Z
2026-08-08T03:07:11+00:00,Grosvenor,h2h,jose montanha,louie sutherland,2.43,1.45,2026-08-08T03:07:07Z
2026-08-08T03:07:11+00:00,Virgin Bet,h2h,jose montanha,louie sutherland,2.55,1.52,2026-08-08T03:06:46Z
2026-08-08T03:07:11+00:00,BetRivers,h2h,jose montanha,louie sutherland,2.55,1.51,2026-08-08T03:07:08Z
2026-08-08T03:07:11+00:00,LiveScore Bet,h2h,jose montanha,louie sutherland,2.55,1.52,2026-08-08T03:06:13Z
2026-08-08T03:07:11+00:00,Matchbook,h2h,jose montanha,louie sutherland,2.74,1.51,2026-08-08T03:06:57Z
2026-08-08T03:07:11+00:00,BetOnline.ag,h2h,joshua van,manel kape,2.65,1.53,2026-08-08T03:06:34Z
2026-08-08T03:07:11+00:00,BetOnline.ag,h2h,juliana miller,ravena oliveira,1.33,3.49,2026-08-08T03:06:34Z
2026-08-08T03:07:11+00:00,1xBet,h2h,juliana miller,ravena oliveira,1.29,3.42,2026-08-08T03:06:26Z
2026-08-08T03:07:11+00:00,Pinnacle,h2h,juliana miller,ravena oliveira,1.34,3.45,2026-08-08T03:06:56Z
2026-08-08T03:07:11+00:00,BetUS,h2h,juliana miller,ravena oliveira,1.33,3.5,2026-08-08T03:06:24Z
2026-08-08T03:07:11+00:00,Unibet (UK),h2h,juliana miller,ravena oliveira,1.32,3.45,2026-08-08T03:06:26Z
2026-08-08T03:07:11+00:00,888sport,h2h,juliana miller,ravena oliveira,1.3,3.4,2026-08-08T03:06:24Z
2026-08-08T03:07:11+00:00,Betsson,h2h,juliana miller,ravena oliveira,1.32,3.5,2026-08-08T03:06:15Z
2026-08-08T03:07:11+00:00,Nordic Bet,h2h,juliana miller,ravena oliveira,1.32,3.5,2026-08-08T03:06:14Z
2026-08-08T03:07:11+00:00,DraftKings,h2h,juliana miller,ravena oliveira,1.34,3.4,2026-08-08T03:07:07Z
2026-08-08T03:07:11+00:00,Grosvenor,h2h,juliana miller,ravena oliveira,1.28,3.15,2026-08-08T03:07:07Z
2026-08-08T03:07:11+00:00,Virgin Bet,h2h,juliana miller,ravena oliveira,1.33,3.35,2026-08-08T03:06:46Z
2026-08-08T03:07:11+00:00,BetRivers,h2h,juliana miller,ravena oliveira,1.33,3.35,2026-08-08T03:07:08Z
2026-08-08T03:07:11+00:00,LiveScore Bet,h2h,juliana miller,ravena oliveira,1.33,3.35,2026-08-08T03:06:13Z
2026-08-08T03:07:11+00:00,Coolbet,h2h,juliana miller,ravena oliveira,1.34,3.37,2026-08-08T03:06:25Z
2026-08-08T03:07:11+00:00,FanDuel,h2h,juliana miller,ravena oliveira,1.33,3.45,2026-08-08T03:06:47Z
2026-08-08T03:07:11+00:00,Betfair Sportsbook,h2h,juliana miller,ravena oliveira,1.33,3.25,2026-08-08T03:06:13Z
2026-08-08T03:07:11+00:00,Paddy Power,h2h,juliana miller,ravena oliveira,1.33,3.25,2026-08-08T03:04:38Z
2026-08-08T03:07:11+00:00,Bovada,h2h,juliana miller,ravena oliveira,1.32,3.55,2026-08-08T03:03:49Z
2026-08-08T03:07:11+00:00,Betway,h2h,juliana miller,ravena oliveira,1.3,3.5,2026-08-08T03:06:25Z
2026-08-08T03:07:11+00:00,Betfair,h2h,juliana miller,ravena oliveira,1.36,3.4,2026-08-08T03:07:07Z
2026-08-08T03:07:11+00:00,Betfair,h2h,juliana miller,ravena oliveira,1.36,3.4,2026-08-08T03:06:48Z
2026-08-08T03:07:11+00:00,BetAnything,h2h,juliana miller,ravena oliveira,1.32,3.4,2026-08-08T03:06:14Z
2026-08-08T03:07:11+00:00,Matchbook,h2h,juliana miller,ravena oliveira,1.36,3.4,2026-08-08T03:06:57Z
2026-08-08T03:07:11+00:00,BetOnline.ag,h2h,khamzat chimaev,paulo henrique costa,1.2,4.75,2026-08-08T03:06:34Z
2026-08-08T03:07:11+00:00,BetOnline.ag,h2h,khamzat chimaev,sean strickland,1.49,2.75,2026-08-08T03:06:34Z
2026-08-08T03:07:11+00:00,BetOnline.ag,h2h,lucas fernando,rafael tobias,1.43,2.92,2026-08-08T03:06:34Z
2026-08-08T03:07:11+00:00,Pinnacle,h2h,lucas fernando,rafael tobias,1.42,3.0,2026-08-08T03:06:56Z
2026-08-08T03:07:11+00:00,1xBet,h2h,lucas fernando,rafael tobias,1.43,2.94,2026-08-08T03:06:26Z
2026-08-08T03:07:11+00:00,Nordic Bet,h2h,lucas fernando,rafael tobias,1.44,2.7,2026-08-08T03:06:14Z
2026-08-08T03:07:11+00:00,Betsson,h2h,lucas fernando,rafael tobias,1.44,2.7,2026-08-08T03:06:15Z
2026-08-08T03:07:11+00:00,DraftKings,h2h,lucas fernando,rafael tobias,1.42,2.95,2026-08-08T03:07:07Z
2026-08-08T03:07:11+00:00,Virgin Bet,h2h,lucas fernando,rafael tobias,1.41,2.9,2026-08-08T03:06:46Z
2026-08-08T03:07:11+00:00,Grosvenor,h2h,lucas fernando,rafael tobias,1.36,2.75,2026-08-08T03:07:07Z
2026-08-08T03:07:11+00:00,LiveScore Bet,h2h,lucas fernando,rafael tobias,1.41,2.9,2026-08-08T03:06:13Z
2026-08-08T03:07:11+00:00,BetRivers,h2h,lucas fernando,rafael tobias,1.41,2.9,2026-08-08T03:07:08Z
2026-08-08T03:07:11+00:00,Coolbet,h2h,lucas fernando,rafael tobias,1.44,2.9,2026-08-08T03:06:25Z
2026-08-08T03:07:11+00:00,Unibet (UK),h2h,lucas fernando,rafael tobias,1.4,2.8,2026-08-08T03:06:26Z
2026-08-08T03:07:11+00:00,BetOnline.ag,h2h,manoel sousa,richie miranda,1.31,3.6,2026-08-08T03:06:34Z
2026-08-08T03:07:11+00:00,1xBet,h2h,manoel sousa,richie miranda,1.32,3.26,2026-08-08T03:06:26Z
2026-08-08T03:07:11+00:00,Unibet (UK),h2h,manoel sousa,richie miranda,1.3,3.5,2026-08-08T03:06:26Z
2026-08-08T03:07:11+00:00,Coolbet,h2h,manoel sousa,richie miranda,1.32,3.54,2026-08-08T03:06:25Z
2026-08-08T03:07:11+00:00,Pinnacle,h2h,manoel sousa,richie miranda,1.34,3.47,2026-08-08T03:06:56Z
2026-08-08T03:07:11+00:00,Betway,h2h,manoel sousa,richie miranda,1.3,3.5,2026-08-08T03:06:25Z
2026-08-08T03:07:11+00:00,FanDuel,h2h,manoel sousa,richie miranda,1.34,3.4,2026-08-08T03:06:47Z
2026-08-08T03:07:11+00:00,Paddy Power,h2h,manoel sousa,richie miranda,1.33,3.25,2026-08-08T03:04:38Z
2026-08-08T03:07:11+00:00,Betfair Sportsbook,h2h,manoel sousa,richie miranda,1.33,3.25,2026-08-08T03:06:13Z
2026-08-08T03:07:11+00:00,Betfair,h2h,manoel sousa,richie miranda,1.37,3.55,2026-08-08T03:07:07Z
2026-08-08T03:07:11+00:00,Betfair,h2h,manoel sousa,richie miranda,1.37,3.55,2026-08-08T03:06:48Z
2026-08-08T03:07:11+00:00,Bovada,h2h,manoel sousa,richie miranda,1.33,3.5,2026-08-08T03:03:49Z
2026-08-08T03:07:11+00:00,Virgin Bet,h2h,manoel sousa,richie miranda,1.32,3.4,2026-08-08T03:06:46Z
2026-08-08T03:07:11+00:00,BetRivers,h2h,manoel sousa,richie miranda,1.32,3.4,2026-08-08T03:07:08Z
2026-08-08T03:07:11+00:00,LiveScore Bet,h2h,manoel sousa,richie miranda,1.32,3.4,2026-08-08T03:06:13Z
2026-08-08T03:07:11+00:00,Grosvenor,h2h,manoel sousa,richie miranda,1.28,3.15,2026-08-08T03:07:07Z
2026-08-08T03:07:11+00:00,BetUS,h2h,manoel sousa,richie miranda,1.34,3.42,2026-08-08T03:06:24Z
2026-08-08T03:07:11+00:00,Nordic Bet,h2h,manoel sousa,richie miranda,1.31,3.6,2026-08-08T03:06:14Z
2026-08-08T03:07:11+00:00,Betsson,h2h,manoel sousa,richie miranda,1.31,3.6,2026-08-08T03:06:15Z
2026-08-08T03:07:11+00:00,888sport,h2h,manoel sousa,richie miranda,1.3,3.4,2026-08-08T03:06:24Z
2026-08-08T03:07:11+00:00,Matchbook,h2h,manoel sousa,richie miranda,1.37,3.65,2026-08-08T03:06:57Z
2026-08-08T03:07:11+00:00,DraftKings,h2h,manoel sousa,richie miranda,1.32,3.5,2026-08-08T03:07:07Z
2026-08-08T03:07:11+00:00,BetAnything,h2h,manoel sousa,richie miranda,1.32,3.35,2026-08-08T03:06:14Z
2026-08-08T03:07:11+00:00,BetOnline.ag,h2h,mateusz gamrot,quillan salkilld,2.12,1.76,2026-08-08T03:06:34Z
2026-08-08T03:07:11+00:00,Winamax (FR),h2h,mateusz gamrot,quillan salkilld,2.0,1.68,2026-08-08T03:06:48Z
2026-08-08T03:07:11+00:00,Betclic (FR),h2h,mateusz gamrot,quillan salkilld,2.1,1.65,2026-08-08T03:03:16Z
2026-08-08T03:07:11+00:00,1xBet,h2h,mateusz gamrot,quillan salkilld,2.16,1.71,2026-08-08T03:06:26Z
2026-08-08T03:07:11+00:00,Pinnacle,h2h,mateusz gamrot,quillan salkilld,2.18,1.74,2026-08-08T03:06:56Z
2026-08-08T03:07:11+00:00,BetUS,h2h,mateusz gamrot,quillan salkilld,2.14,1.74,2026-08-08T03:06:24Z
2026-08-08T03:07:11+00:00,Unibet (UK),h2h,mateusz gamrot,quillan salkilld,2.1,1.75,2026-08-08T03:06:26Z
2026-08-08T03:07:11+00:00,Nordic Bet,h2h,mateusz gamrot,quillan salkilld,2.25,1.67,2026-08-08T03:06:14Z
2026-08-08T03:07:11+00:00,Betsson,h2h,mateusz gamrot,quillan salkilld,2.25,1.67,2026-08-08T03:06:15Z
2026-08-08T03:07:11+00:00,DraftKings,h2h,mateusz gamrot,quillan salkilld,2.14,1.74,2026-08-08T03:07:07Z
2026-08-08T03:07:11+00:00,LiveScore Bet,h2h,mateusz gamrot,quillan salkilld,2.16,1.7,2026-08-08T03:06:13Z
2026-08-08T03:07:11+00:00,Grosvenor,h2h,mateusz gamrot,quillan salkilld,2.07,1.63,2026-08-08T03:07:07Z
2026-08-08T03:07:11+00:00,Virgin Bet,h2h,mateusz gamrot,quillan salkilld,2.16,1.7,2026-08-08T03:06:46Z
2026-08-08T03:07:11+00:00,BetRivers,h2h,mateusz gamrot,quillan salkilld,2.16,1.7,2026-08-08T03:07:08Z
2026-08-08T03:07:11+00:00,Coolbet,h2h,mateusz gamrot,quillan salkilld,2.13,1.75,2026-08-08T03:06:25Z
2026-08-08T03:07:11+00:00,FanDuel,h2h,mateusz gamrot,quillan salkilld,2.22,1.69,2026-08-08T03:06:47Z
2026-08-08T03:07:11+00:00,Paddy Power,h2h,mateusz gamrot,quillan salkilld,2.2,1.67,2026-08-08T03:04:38Z
2026-08-08T03:07:11+00:00,Bovada,h2h,mateusz gamrot,quillan salkilld,2.17,1.72,2026-08-08T03:03:49Z
2026-08-08T03:07:11+00:00,Betway,h2h,mateusz gamrot,quillan salkilld,2.1,1.73,2026-08-08T03:06:25Z
2026-08-08T03:07:11+00:00,Betfair,h2h,mateusz gamrot,quillan salkilld,2.24,1.78,2026-08-08T03:07:07Z
2026-08-08T03:07:11+00:00,Betfair,h2h,mateusz gamrot,quillan salkilld,2.24,1.78,2026-08-08T03:06:48Z
2026-08-08T03:07:11+00:00,PMU (FR),h2h,mateusz gamrot,quillan salkilld,2.16,1.7,2026-08-08T03:06:24Z
2026-08-08T03:07:11+00:00,BetAnything,h2h,mateusz gamrot,quillan salkilld,2.05,1.74,2026-08-08T03:06:14Z
2026-08-08T03:07:11+00:00,Matchbook,h2h,mateusz gamrot,quillan salkilld,2.26,1.78,2026-08-08T03:06:57Z
2026-08-08T03:07:11+00:00,Unibet (FR),h2h,mateusz gamrot,quillan salkilld,2.05,1.68,2026-08-08T03:06:56Z
2026-08-08T03:07:11+00:00,Marathon Bet,h2h,mateusz gamrot,quillan salkilld,2.13,1.68,2026-08-08T03:06:46Z
2026-08-08T03:07:11+00:00,BetOnline.ag,h2h,max holloway,paddy pimblett,1.56,2.55,2026-08-08T03:06:34Z
2026-08-08T03:07:11+00:00,BetOnline.ag,h2h,merab dvalishvili,petr yan,2.5,1.57,2026-08-08T03:06:34Z
2026-08-08T03:07:11+00:00,BetOnline.ag,h2h,nassourdine imavov,sean strickland,1.88,1.94,2026-08-08T03:06:34Z
2026-08-08T03:07:11+00:00,BetOnline.ag,h2h,natalia silva,valentina shevchenko,3.1,1.4,2026-08-08T03:06:34Z
2026-08-08T03:07:11+00:00,BetOnline.ag,h2h,neil magny,ramiz brahimaj,1.91,1.91,2026-08-08T03:06:34Z
2026-08-08T03:07:11+00:00,1xBet,h2h,neil magny,ramiz brahimaj,1.96,1.96,2026-08-08T03:06:26Z
2026-08-08T03:07:11+00:00,Pinnacle,h2h,neil magny,ramiz brahimaj,1.88,1.97,2026-08-08T03:06:56Z
2026-08-08T03:07:11+00:00,888sport,h2h,neil magny,ramiz brahimaj,1.91,1.91,2026-08-08T03:06:24Z
2026-08-08T03:07:11+00:00,Nordic Bet,h2h,neil magny,ramiz brahimaj,1.88,1.88,2026-08-08T03:06:14Z
2026-08-08T03:07:11+00:00,Betsson,h2h,neil magny,ramiz brahimaj,1.88,1.88,2026-08-08T03:06:15Z
2026-08-08T03:07:11+00:00,DraftKings,h2h,neil magny,ramiz brahimaj,1.87,1.95,2026-08-08T03:07:07Z
2026-08-08T03:07:11+00:00,LiveScore Bet,h2h,neil magny,ramiz brahimaj,1.9,1.9,2026-08-08T03:06:13Z
2026-08-08T03:07:11+00:00,Virgin Bet,h2h,neil magny,ramiz brahimaj,1.9,1.9,2026-08-08T03:06:46Z
2026-08-08T03:07:11+00:00,Grosvenor,h2h,neil magny,ramiz brahimaj,1.82,1.82,2026-08-08T03:07:07Z
2026-08-08T03:07:11+00:00,BetRivers,h2h,neil magny,ramiz brahimaj,1.89,1.89,2026-08-08T03:07:08Z
2026-08-08T03:07:11+00:00,Coolbet,h2h,neil magny,ramiz brahimaj,1.92,1.92,2026-08-08T03:06:25Z
2026-08-08T03:07:11+00:00,DraftKings,h2h,robelis despaigne,tai tuivasa,1.2,4.8,2026-08-08T03:07:07Z
2026-08-08T03:07:11+00:00,1xBet,h2h,robelis despaigne,tai tuivasa,1.23,4.66,2026-08-08T03:06:26Z
2026-08-08T03:07:11+00:00,BetOnline.ag,h2h,song yadong,umar nurmagomedov,4.5,1.22,2026-08-08T03:06:34Z
2026-08-08T03:07:11+00:00,Betclic (FR),h2h,song yadong,umar nurmagomedov,4.45,1.17,2026-08-08T03:03:16Z
2026-08-08T03:07:11+00:00,1xBet,h2h,song yadong,umar nurmagomedov,5.19,1.19,2026-08-08T03:06:26Z
2026-08-08T03:07:11+00:00,BetUS,h2h,song yadong,umar nurmagomedov,4.39,1.22,2026-08-08T03:06:24Z
2026-08-08T03:07:11+00:00,DraftKings,h2h,song yadong,umar nurmagomedov,4.5,1.22,2026-08-08T03:07:07Z
2026-08-08T03:07:11+00:00,Betway,h2h,song yadong,umar nurmagomedov,4.5,1.2,2026-08-08T03:06:25Z
2026-08-08T03:07:11+00:00,FanDuel,h2h,song yadong,umar nurmagomedov,4.5,1.19,2026-08-08T03:06:47Z
2026-08-08T03:07:11+00:00,Paddy Power,h2h,song yadong,umar nurmagomedov,4.5,1.2,2026-08-08T03:04:38Z
2026-08-08T03:07:11+00:00,Winamax (FR),h2h,song yadong,umar nurmagomedov,4.0,1.2,2026-08-08T03:06:48Z
2026-08-08T03:07:11+00:00,LiveScore Bet,h2h,song yadong,umar nurmagomedov,4.35,1.21,2026-08-08T03:06:13Z
2026-08-08T03:07:11+00:00,BetRivers,h2h,song yadong,umar nurmagomedov,4.35,1.21,2026-08-08T03:07:08Z
2026-08-08T03:07:11+00:00,Virgin Bet,h2h,song yadong,umar nurmagomedov,4.35,1.21,2026-08-08T03:06:46Z
2026-08-08T03:07:11+00:00,Grosvenor,h2h,song yadong,umar nurmagomedov,4.1,1.17,2026-08-08T03:07:07Z
2026-08-08T03:07:11+00:00,Coolbet,h2h,song yadong,umar nurmagomedov,4.5,1.22,2026-08-08T03:06:25Z
2026-08-08T03:07:11+00:00,BetOnline.ag,h2h,tresean gore,vicente luque,1.83,2.0,2026-08-08T03:06:34Z
2026-08-08T03:07:11+00:00,1xBet,h2h,tresean gore,vicente luque,1.81,2.2,2026-08-08T03:06:26Z
2026-08-08T03:07:11+00:00,Pinnacle,h2h,tresean gore,vicente luque,1.71,2.19,2026-08-08T03:06:56Z
2026-08-08T03:07:11+00:00,Unibet (UK),h2h,tresean gore,vicente luque,1.78,1.98,2026-08-08T03:06:26Z
2026-08-08T03:07:11+00:00,Nordic Bet,h2h,tresean gore,vicente luque,1.7,2.1,2026-08-08T03:06:14Z
2026-08-08T03:07:11+00:00,Betsson,h2h,tresean gore,vicente luque,1.7,2.1,2026-08-08T03:06:15Z
2026-08-08T03:07:11+00:00,DraftKings,h2h,tresean gore,vicente luque,1.7,2.2,2026-08-08T03:07:07Z
2026-08-08T03:07:11+00:00,Grosvenor,h2h,tresean gore,vicente luque,1.7,1.96,2026-08-08T03:07:07Z
2026-08-08T03:07:11+00:00,LiveScore Bet,h2h,tresean gore,vicente luque,1.76,2.07,2026-08-08T03:06:13Z
2026-08-08T03:07:11+00:00,BetRivers,h2h,tresean gore,vicente luque,1.76,2.07,2026-08-08T03:07:08Z
2026-08-08T03:07:11+00:00,Virgin Bet,h2h,tresean gore,vicente luque,1.76,2.07,2026-08-08T03:06:46Z
2026-08-08T03:07:11+00:00,Coolbet,h2h,tresean gore,vicente luque,1.77,2.1,2026-08-08T03:06:25Z
2026-08-08T03:07:39+00:00,BetOnline.ag,h2h,aaron jeffery,joshua silveira,1.54,2.61,2026-08-08T02:55:10Z
2026-08-08T03:07:39+00:00,FanDuel,h2h,aaron jeffery,joshua silveira,1.09,6.6,2026-08-08T03:07:18Z
2026-08-08T03:07:39+00:00,Winamax (FR),h2h,aaron jeffery,joshua silveira,1.06,6.5,2026-08-08T03:06:48Z
2026-08-08T03:07:39+00:00,Grosvenor,h2h,aaron jeffery,joshua silveira,1.07,7.5,2026-08-08T03:07:07Z
2026-08-08T03:07:39+00:00,BetOnline.ag,h2h,alex pereira,josh hokit,2.4,1.62,2026-08-08T03:06:34Z
2026-08-08T03:07:39+00:00,DraftKings,h2h,alexandre pantoja,joshua van,1.85,1.98,2026-08-08T03:07:07Z
2026-08-08T03:07:39+00:00,Betclic (FR),h2h,alexandre pantoja,joshua van,1.85,1.85,2026-08-08T03:03:16Z
2026-08-08T03:07:39+00:00,1xBet,h2h,alexandre pantoja,joshua van,1.96,1.96,2026-08-08T03:07:28Z
2026-08-08T03:07:39+00:00,BetRivers,h2h,alexandre pantoja,joshua van,1.83,1.97,2026-08-08T03:07:08Z
2026-08-08T03:07:39+00:00,Virgin Bet,h2h,alexandre pantoja,joshua van,1.83,1.98,2026-08-08T03:06:46Z
2026-08-08T03:07:39+00:00,Grosvenor,h2h,alexandre pantoja,joshua van,1.75,1.88,2026-08-08T03:07:07Z
2026-08-08T03:07:39+00:00,LiveScore Bet,h2h,alexandre pantoja,joshua van,1.83,1.98,2026-08-08T03:07:18Z
2026-08-08T03:07:39+00:00,Winamax (FR),h2h,alexandre pantoja,joshua van,1.74,1.84,2026-08-08T03:06:48Z
2026-08-08T03:07:39+00:00,BetOnline.ag,h2h,alexia thainara,amanda lemos,1.38,3.15,2026-08-08T03:06:34Z
2026-08-08T03:07:39+00:00,1xBet,h2h,alexia thainara,amanda lemos,1.37,3.15,2026-08-08T03:07:28Z
2026-08-08T03:07:39+00:00,Pinnacle,h2h,alexia thainara,amanda lemos,1.4,3.15,2026-08-08T03:07:17Z
2026-08-08T03:07:39+00:00,BetUS,h2h,alexia thainara,amanda lemos,1.38,3.14,2026-08-08T03:07:28Z
2026-08-08T03:07:39+00:00,Unibet (UK),h2h,alexia thainara,amanda lemos,1.36,3.15,2026-08-08T03:06:26Z
2026-08-08T03:07:39+00:00,Nordic Bet,h2h,alexia thainara,amanda lemos,1.35,3.35,2026-08-08T03:07:18Z
2026-08-08T03:07:39+00:00,Betsson,h2h,alexia thainara,amanda lemos,1.35,3.35,2026-08-08T03:07:19Z
2026-08-08T03:07:39+00:00,DraftKings,h2h,alexia thainara,amanda lemos,1.38,3.15,2026-08-08T03:07:07Z
2026-08-08T03:07:39+00:00,Virgin Bet,h2h,alexia thainara,amanda lemos,1.37,3.1,2026-08-08T03:06:46Z
2026-08-08T03:07:39+00:00,LiveScore Bet,h2h,alexia thainara,amanda lemos,1.37,3.1,2026-08-08T03:07:18Z
2026-08-08T03:07:39+00:00,BetRivers,h2h,alexia thainara,amanda lemos,1.36,3.1,2026-08-08T03:07:08Z
2026-08-08T03:07:39+00:00,Grosvenor,h2h,alexia thainara,amanda lemos,1.33,2.9,2026-08-08T03:07:07Z
2026-08-08T03:07:39+00:00,Coolbet,h2h,alexia thainara,amanda lemos,1.37,3.22,2026-08-08T03:07:29Z
2026-08-08T03:07:39+00:00,FanDuel,h2h,alexia thainara,amanda lemos,1.4,3.05,2026-08-08T03:07:18Z
2026-08-08T03:07:39+00:00,Betfair Sportsbook,h2h,alexia thainara,amanda lemos,1.4,2.88,2026-08-08T03:07:18Z
2026-08-08T03:07:39+00:00,Paddy Power,h2h,alexia thainara,amanda lemos,1.4,2.88,2026-08-08T03:04:38Z
2026-08-08T03:07:39+00:00,Bovada,h2h,alexia thainara,amanda lemos,1.38,3.15,2026-08-08T03:03:49Z
2026-08-08T03:07:39+00:00,Betclic (FR),h2h,alexia thainara,amanda lemos,1.32,3.1,2026-08-08T03:03:16Z
2026-08-08T03:07:39+00:00,Betway,h2h,alexia thainara,amanda lemos,1.36,3.1,2026-08-08T03:07:30Z
2026-08-08T03:07:39+00:00,Betfair,h2h,alexia thainara,amanda lemos,1.43,3.2,2026-08-08T03:07:28Z
2026-08-08T03:07:39+00:00,Betfair,h2h,alexia thainara,amanda lemos,1.43,3.2,2026-08-08T03:07:18Z
2026-08-08T03:07:39+00:00,PMU (FR),h2h,alexia thainara,amanda lemos,1.36,3.1,2026-08-08T03:07:29Z
2026-08-08T03:07:39+00:00,BetAnything,h2h,alexia thainara,amanda lemos,1.38,3.05,2026-08-08T03:06:14Z
2026-08-08T03:07:39+00:00,Winamax (FR),h2h,alexia thainara,amanda lemos,1.34,2.95,2026-08-08T03:06:48Z
2026-08-08T03:07:39+00:00,Matchbook,h2h,alexia thainara,amanda lemos,1.43,3.2,2026-08-08T03:07:18Z
2026-08-08T03:07:39+00:00,Marathon Bet,h2h,alexia thainara,amanda lemos,1.36,3.04,2026-08-08T03:06:46Z
2026-08-08T03:07:39+00:00,Unibet (FR),h2h,alexia thainara,amanda lemos,1.33,3.05,2026-08-08T03:06:56Z
2026-08-08T03:07:39+00:00,BetOnline.ag,h2h,ananias mulumba,tom pagliarulo,1.59,2.3,2026-08-08T03:06:34Z
2026-08-08T03:07:39+00:00,BetOnline.ag,h2h,arman tsarukyan,justin gaethje,1.2,4.85,2026-08-08T03:06:34Z
2026-08-08T03:07:39+00:00,DraftKings,h2h,arman tsarukyan,mauricio ruffy,1.28,3.85,2026-08-08T03:07:07Z
2026-08-08T03:07:39+00:00,Betclic (FR),h2h,arman tsarukyan,mauricio ruffy,1.21,4.0,2026-08-08T03:03:16Z
2026-08-08T03:07:39+00:00,Winamax (FR),h2h,arman tsarukyan,mauricio ruffy,1.23,3.3,2026-08-08T03:06:48Z
2026-08-08T03:07:39+00:00,1xBet,h2h,arman tsarukyan,mauricio ruffy,1.28,4.14,2026-08-08T03:07:28Z
2026-08-08T03:07:39+00:00,BetOnline.ag,h2h,billy goff,ty miller,4.1,1.26,2026-08-08T03:06:34Z
2026-08-08T03:07:39+00:00,1xBet,h2h,billy goff,ty miller,4.22,1.23,2026-08-08T03:07:28Z
2026-08-08T03:07:39+00:00,Pinnacle,h2h,billy goff,ty miller,4.3,1.25,2026-08-08T03:07:17Z
2026-08-08T03:07:39+00:00,BetUS,h2h,billy goff,ty miller,4.3,1.23,2026-08-08T03:07:28Z
2026-08-08T03:07:39+00:00,Unibet (UK),h2h,billy goff,ty miller,4.1,1.24,2026-08-08T03:06:26Z
2026-08-08T03:07:39+00:00,888sport,h2h,billy goff,ty miller,4.0,1.25,2026-08-08T03:07:28Z
2026-08-08T03:07:39+00:00,Betsson,h2h,billy goff,ty miller,4.15,1.24,2026-08-08T03:07:19Z
2026-08-08T03:07:39+00:00,Nordic Bet,h2h,billy goff,ty miller,4.15,1.24,2026-08-08T03:07:18Z
2026-08-08T03:07:39+00:00,DraftKings,h2h,billy goff,ty miller,4.3,1.24,2026-08-08T03:07:07Z
2026-08-08T03:07:39+00:00,Coolbet,h2h,billy goff,ty miller,3.9,1.28,2026-08-08T03:07:29Z
2026-08-08T03:07:39+00:00,Virgin Bet,h2h,billy goff,ty miller,4.1,1.24,2026-08-08T03:06:46Z
2026-08-08T03:07:39+00:00,BetRivers,h2h,billy goff,ty miller,4.1,1.24,2026-08-08T03:07:08Z
2026-08-08T03:07:39+00:00,Grosvenor,h2h,billy goff,ty miller,3.85,1.19,2026-08-08T03:07:07Z
2026-08-08T03:07:39+00:00,LiveScore Bet,h2h,billy goff,ty miller,4.1,1.24,2026-08-08T03:07:18Z
2026-08-08T03:07:39+00:00,Betfair Sportsbook,h2h,billy goff,ty miller,3.75,1.25,2026-08-08T03:07:18Z
2026-08-08T03:07:39+00:00,Paddy Power,h2h,billy goff,ty miller,3.75,1.25,2026-08-08T03:04:38Z
2026-08-08T03:07:39+00:00,FanDuel,h2h,billy goff,ty miller,4.1,1.26,2026-08-08T03:07:18Z
2026-08-08T03:07:39+00:00,Bovada,h2h,billy goff,ty miller,4.15,1.25,2026-08-08T03:03:49Z
2026-08-08T03:07:39+00:00,Betclic (FR),h2h,billy goff,ty miller,4.0,1.21,2026-08-08T03:03:16Z
2026-08-08T03:07:39+00:00,Betway,h2h,billy goff,ty miller,4.0,1.25,2026-08-08T03:07:30Z
2026-08-08T03:07:39+00:00,Betfair,h2h,billy goff,ty miller,4.5,1.26,2026-08-08T03:07:28Z
2026-08-08T03:07:39+00:00,Betfair,h2h,billy goff,ty miller,4.5,1.26,2026-08-08T03:07:18Z
2026-08-08T03:07:39+00:00,PMU (FR),h2h,billy goff,ty miller,4.1,1.24,2026-08-08T03:07:29Z
2026-08-08T03:07:39+00:00,BetAnything,h2h,billy goff,ty miller,3.65,1.24,2026-08-08T03:06:14Z
2026-08-08T03:07:39+00:00,Winamax (FR),h2h,billy goff,ty miller,3.55,1.2,2026-08-08T03:06:48Z
2026-08-08T03:07:39+00:00,Matchbook,h2h,billy goff,ty miller,4.5,1.26,2026-08-08T03:07:18Z
2026-08-08T03:07:39+00:00,BetOnline.ag,h2h,billy quarantillo,carlos diego ferreira,2.57,1.56,2026-08-08T03:06:34Z
2026-08-08T03:07:39+00:00,1xBet,h2h,billy quarantillo,carlos diego ferreira,2.44,1.56,2026-08-08T03:07:28Z
2026-08-08T03:07:39+00:00,Pinnacle,h2h,billy quarantillo,carlos diego ferreira,2.51,1.57,2026-08-08T03:07:17Z
2026-08-08T03:07:39+00:00,BetUS,h2h,billy quarantillo,carlos diego ferreira,2.48,1.56,2026-08-08T03:07:28Z
2026-08-08T03:07:39+00:00,Unibet (UK),h2h,billy quarantillo,carlos diego ferreira,2.5,1.53,2026-08-08T03:06:26Z
2026-08-08T03:07:39+00:00,888sport,h2h,billy quarantillo,carlos diego ferreira,2.5,1.53,2026-08-08T03:07:28Z
2026-08-08T03:07:39+00:00,Nordic Bet,h2h,billy quarantillo,carlos diego ferreira,2.4,1.6,2026-08-08T03:07:18Z
2026-08-08T03:07:39+00:00,Betsson,h2h,billy quarantillo,carlos diego ferreira,2.4,1.6,2026-08-08T03:07:19Z
2026-08-08T03:07:39+00:00,DraftKings,h2h,billy quarantillo,carlos diego ferreira,2.5,1.56,2026-08-08T03:07:07Z
2026-08-08T03:07:39+00:00,LiveScore Bet,h2h,billy quarantillo,carlos diego ferreira,2.43,1.56,2026-08-08T03:07:18Z
2026-08-08T03:07:39+00:00,Grosvenor,h2h,billy quarantillo,carlos diego ferreira,2.3,1.5,2026-08-08T03:07:07Z
2026-08-08T03:07:39+00:00,Virgin Bet,h2h,billy quarantillo,carlos diego ferreira,2.43,1.56,2026-08-08T03:06:46Z
2026-08-08T03:07:39+00:00,BetRivers,h2h,billy quarantillo,carlos diego ferreira,2.43,1.56,2026-08-08T03:07:08Z
2026-08-08T03:07:39+00:00,Marathon Bet,h2h,billy quarantillo,carlos diego ferreira,2.43,1.53,2026-08-08T03:06:46Z
2026-08-08T03:07:39+00:00,Coolbet,h2h,billy quarantillo,carlos diego ferreira,2.5,1.56,2026-08-08T03:07:29Z
2026-08-08T03:07:39+00:00,Betclic (FR),h2h,billy quarantillo,carlos diego ferreira,2.43,1.5,2026-08-08T03:03:16Z
2026-08-08T03:07:39+00:00,FanDuel,h2h,billy quarantillo,carlos diego ferreira,2.48,1.57,2026-08-08T03:07:18Z
2026-08-08T03:07:39+00:00,Paddy Power,h2h,billy quarantillo,carlos diego ferreira,2.38,1.57,2026-08-08T03:04:38Z
2026-08-08T03:07:39+00:00,Bovada,h2h,billy quarantillo,carlos diego ferreira,2.47,1.58,2026-08-08T03:03:49Z
2026-08-08T03:07:39+00:00,Unibet (FR),h2h,billy quarantillo,carlos diego ferreira,2.45,1.49,2026-08-08T03:06:56Z
2026-08-08T03:07:39+00:00,Betway,h2h,billy quarantillo,carlos diego ferreira,2.4,1.57,2026-08-08T03:07:30Z
2026-08-08T03:07:39+00:00,Betfair,h2h,billy quarantillo,carlos diego ferreira,2.66,1.57,2026-08-08T03:07:28Z
2026-08-08T03:07:39+00:00,Betfair,h2h,billy quarantillo,carlos diego ferreira,2.66,1.57,2026-08-08T03:07:18Z
2026-08-08T03:07:39+00:00,PMU (FR),h2h,billy quarantillo,carlos diego ferreira,2.43,1.56,2026-08-08T03:07:29Z
2026-08-08T03:07:39+00:00,BetAnything,h2h,billy quarantillo,carlos diego ferreira,2.5,1.56,2026-08-08T03:06:14Z
2026-08-08T03:07:39+00:00,Winamax (FR),h2h,billy quarantillo,carlos diego ferreira,2.4,1.5,2026-08-08T03:06:48Z
2026-08-08T03:07:39+00:00,Matchbook,h2h,billy quarantillo,carlos diego ferreira,2.66,1.57,2026-08-08T03:07:18Z
2026-08-08T03:07:39+00:00,BetOnline.ag,h2h,bruno lopes,diyar nurgozhay,2.3,1.67,2026-08-08T03:06:34Z
2026-08-08T03:07:39+00:00,1xBet,h2h,bruno lopes,diyar nurgozhay,2.22,1.63,2026-08-08T03:07:28Z
2026-08-08T03:07:39+00:00,Pinnacle,h2h,bruno lopes,diyar nurgozhay,2.36,1.64,2026-08-08T03:07:17Z
2026-08-08T03:07:39+00:00,BetUS,h2h,bruno lopes,diyar nurgozhay,2.3,1.65,2026-08-08T03:07:28Z
2026-08-08T03:07:39+00:00,Unibet (UK),h2h,bruno lopes,diyar nurgozhay,2.3,1.63,2026-08-08T03:06:26Z
2026-08-08T03:07:39+00:00,Betsson,h2h,bruno lopes,diyar nurgozhay,2.25,1.67,2026-08-08T03:07:19Z
2026-08-08T03:07:39+00:00,Nordic Bet,h2h,bruno lopes,diyar nurgozhay,2.25,1.67,2026-08-08T03:07:18Z
2026-08-08T03:07:39+00:00,DraftKings,h2h,bruno lopes,diyar nurgozhay,2.3,1.65,2026-08-08T03:07:07Z
2026-08-08T03:07:39+00:00,Coolbet,h2h,bruno lopes,diyar nurgozhay,2.3,1.65,2026-08-08T03:07:29Z
2026-08-08T03:07:39+00:00,FanDuel,h2h,bruno lopes,diyar nurgozhay,2.32,1.64,2026-08-08T03:07:18Z
2026-08-08T03:07:39+00:00,Betfair Sportsbook,h2h,bruno lopes,diyar nurgozhay,2.25,1.62,2026-08-08T03:07:18Z
2026-08-08T03:07:39+00:00,Paddy Power,h2h,bruno lopes,diyar nurgozhay,2.25,1.62,2026-08-08T03:04:38Z
2026-08-08T03:07:39+00:00,Bovada,h2h,bruno lopes,diyar nurgozhay,2.3,1.67,2026-08-08T03:03:49Z
2026-08-08T03:07:39+00:00,LiveScore Bet,h2h,bruno lopes,diyar nurgozhay,2.23,1.65,2026-08-08T03:07:18Z
2026-08-08T03:07:39+00:00,Virgin Bet,h2h,bruno lopes,diyar nurgozhay,2.23,1.65,2026-08-08T03:06:46Z
2026-08-08T03:07:39+00:00,Grosvenor,h2h,bruno lopes,diyar nurgozhay,2.12,1.6,2026-08-08T03:07:07Z
2026-08-08T03:07:39+00:00,BetRivers,h2h,bruno lopes,diyar nurgozhay,2.23,1.65,2026-08-08T03:07:08Z
2026-08-08T03:07:39+00:00,Betway,h2h,bruno lopes,diyar nurgozhay,2.2,1.67,2026-08-08T03:07:30Z
2026-08-08T03:07:39+00:00,Betfair,h2h,bruno lopes,diyar nurgozhay,2.46,1.65,2026-08-08T03:07:28Z
2026-08-08T03:07:39+00:00,Betfair,h2h,bruno lopes,diyar nurgozhay,2.46,1.65,2026-08-08T03:07:18Z
2026-08-08T03:07:39+00:00,BetAnything,h2h,bruno lopes,diyar nurgozhay,2.3,1.62,2026-08-08T03:06:14Z
2026-08-08T03:07:39+00:00,Matchbook,h2h,bruno lopes,diyar nurgozhay,2.46,1.65,2026-08-08T03:07:18Z
2026-08-08T03:07:39+00:00,BetOnline.ag,h2h,bryan battle,dalton rosta,1.74,2.15,2026-08-08T03:06:34Z
2026-08-08T03:07:39+00:00,Winamax (FR),h2h,bryan battle,dalton rosta,1.62,1.96,2026-08-08T03:06:48Z
2026-08-08T03:07:39+00:00,Grosvenor,h2h,bryan battle,dalton rosta,1.68,2.15,2026-08-08T03:07:07Z
2026-08-08T03:07:39+00:00,FanDuel,h2h,bryan battle,dalton rosta,1.74,2.16,2026-08-08T03:07:18Z
2026-08-08T03:07:39+00:00,BetOnline.ag,h2h,carlos ulberg,magomed ankalaev,2.65,1.53,2026-08-08T03:06:34Z
2026-08-08T03:07:39+00:00,BetOnline.ag,h2h,carol foro,giovanna canuto,1.43,2.95,2026-08-08T03:06:34Z
2026-08-08T03:07:39+00:00,1xBet,h2h,carol foro,giovanna canuto,1.37,3.03,2026-08-08T03:07:28Z
2026-08-08T03:07:39+00:00,FanDuel,h2h,carol foro,giovanna canuto,1.42,2.94,2026-08-08T03:07:18Z
2026-08-08T03:07:39+00:00,Betfair Sportsbook,h2h,carol foro,giovanna canuto,1.4,2.88,2026-08-08T03:07:18Z
2026-08-08T03:07:39+00:00,Unibet (UK),h2h,carol foro,giovanna canuto,1.42,2.9,2026-08-08T03:06:26Z
2026-08-08T03:07:39+00:00,Betfair,h2h,carol foro,giovanna canuto,1.41,3.05,2026-08-08T03:07:28Z
2026-08-08T03:07:39+00:00,Paddy Power,h2h,carol foro,giovanna canuto,1.4,2.88,2026-08-08T03:04:38Z
2026-08-08T03:07:39+00:00,Betfair,h2h,carol foro,giovanna canuto,1.41,3.05,2026-08-08T03:07:18Z
2026-08-08T03:07:39+00:00,Betway,h2h,carol foro,giovanna canuto,1.36,3.1,2026-08-08T03:07:30Z
2026-08-08T03:07:39+00:00,Bovada,h2h,carol foro,giovanna canuto,1.41,3.05,2026-08-08T03:03:49Z
2026-08-08T03:07:39+00:00,DraftKings,h2h,carol foro,giovanna canuto,1.41,3.0,2026-08-08T03:07:07Z
2026-08-08T03:07:39+00:00,Betsson,h2h,carol foro,giovanna canuto,1.37,2.95,2026-08-08T03:07:19Z
2026-08-08T03:07:39+00:00,Nordic Bet,h2h,carol foro,giovanna canuto,1.37,2.95,2026-08-08T03:07:18Z
2026-08-08T03:07:39+00:00,Coolbet,h2h,carol foro,giovanna canuto,1.39,3.1,2026-08-08T03:07:29Z
2026-08-08T03:07:39+00:00,BetRivers,h2h,carol foro,giovanna canuto,1.38,3.05,2026-08-08T03:07:08Z
2026-08-08T03:07:39+00:00,Virgin Bet,h2h,carol foro,giovanna canuto,1.38,3.05,2026-08-08T03:06:46Z
2026-08-08T03:07:39+00:00,Grosvenor,h2h,carol foro,giovanna canuto,1.33,2.88,2026-08-08T03:07:07Z
2026-08-08T03:07:39+00:00,LiveScore Bet,h2h,carol foro,giovanna canuto,1.38,3.05,2026-08-08T03:07:18Z
2026-08-08T03:07:39+00:00,BetUS,h2h,carol foro,giovanna canuto,1.4,3.07,2026-08-08T03:07:28Z
2026-08-08T03:07:39+00:00,BetAnything,h2h,carol foro,giovanna canuto,1.38,3.0,2026-08-08T03:06:14Z
2026-08-08T03:07:39+00:00,888sport,h2h,carol foro,giovanna canuto,1.4,2.95,2026-08-08T03:07:28Z
2026-08-08T03:07:39+00:00,Matchbook,h2h,carol foro,giovanna canuto,1.41,3.05,2026-08-08T03:07:18Z
2026-08-08T03:07:39+00:00,Pinnacle,h2h,carol foro,giovanna canuto,1.41,3.07,2026-08-08T03:07:17Z
2026-08-08T03:07:39+00:00,BetOnline.ag,h2h,charles johnson,jose ochoa,3.89,1.28,2026-08-08T03:06:34Z
2026-08-08T03:07:39+00:00,Pinnacle,h2h,charles johnson,jose ochoa,3.67,1.31,2026-08-08T03:07:17Z
2026-08-08T03:07:39+00:00,1xBet,h2h,charles johnson,jose ochoa,3.69,1.3,2026-08-08T03:07:28Z
2026-08-08T03:07:39+00:00,Betsson,h2h,charles johnson,jose ochoa,3.75,1.25,2026-08-08T03:07:19Z
2026-08-08T03:07:39+00:00,Nordic Bet,h2h,charles johnson,jose ochoa,3.75,1.25,2026-08-08T03:07:18Z
2026-08-08T03:07:39+00:00,DraftKings,h2h,charles johnson,jose ochoa,3.6,1.31,2026-08-08T03:07:07Z
2026-08-08T03:07:39+00:00,Betclic (FR),h2h,charles johnson,jose ochoa,3.7,1.24,2026-08-08T03:03:16Z
2026-08-08T03:07:39+00:00,BetRivers,h2h,charles johnson,jose ochoa,3.8,1.26,2026-08-08T03:07:08Z
2026-08-08T03:07:39+00:00,Virgin Bet,h2h,charles johnson,jose ochoa,3.8,1.26,2026-08-08T03:06:46Z
2026-08-08T03:07:39+00:00,Grosvenor,h2h,charles johnson,jose ochoa,3.65,1.21,2026-08-08T03:07:07Z
2026-08-08T03:07:39+00:00,LiveScore Bet,h2h,charles johnson,jose ochoa,3.8,1.26,2026-08-08T03:07:18Z
2026-08-08T03:07:39+00:00,Coolbet,h2h,charles johnson,jose ochoa,3.7,1.3,2026-08-08T03:07:29Z
2026-08-08T03:07:39+00:00,BetOnline.ag,h2h,chidi njokuani,joel alvarez,3.19,1.38,2026-08-08T03:06:34Z
2026-08-08T03:07:39+00:00,DraftKings,h2h,chidi njokuani,joel alvarez,3.1,1.39,2026-08-08T03:07:07Z
2026-08-08T03:07:39+00:00,Nordic Bet,h2h,chidi njokuani,joel alvarez,2.85,1.4,2026-08-08T03:07:18Z
2026-08-08T03:07:39+00:00,Betsson,h2h,chidi njokuani,joel alvarez,2.85,1.4,2026-08-08T03:07:19Z
2026-08-08T03:07:39+00:00,1xBet,h2h,chidi njokuani,joel alvarez,3.3,1.41,2026-08-08T03:07:28Z
2026-08-08T03:07:39+00:00,BetRivers,h2h,chidi njokuani,joel alvarez,2.95,1.4,2026-08-08T03:07:08Z
2026-08-08T03:07:39+00:00,Virgin Bet,h2h,chidi njokuani,joel alvarez,2.95,1.4,2026-08-08T03:06:46Z
2026-08-08T03:07:39+00:00,Grosvenor,h2h,chidi njokuani,joel alvarez,2.8,1.35,2026-08-08T03:07:07Z
2026-08-08T03:07:39+00:00,LiveScore Bet,h2h,chidi njokuani,joel alvarez,2.95,1.4,2026-08-08T03:07:18Z
2026-08-08T03:07:39+00:00,888sport,h2h,chidi njokuani,joel alvarez,3.05,1.36,2026-08-08T03:07:28Z
2026-08-08T03:07:39+00:00,Coolbet,h2h,chidi njokuani,joel alvarez,3.05,1.4,2026-08-08T03:07:29Z
2026-08-08T03:07:39+00:00,Unibet (UK),h2h,chidi njokuani,joel alvarez,3.0,1.36,2026-08-08T03:06:26Z
2026-08-08T03:07:39+00:00,BetOnline.ag,h2h,ciryl gane,josh hokit,1.4,3.1,2026-08-08T03:06:34Z
2026-08-08T03:07:39+00:00,BetOnline.ag,h2h,ciryl gane,tom aspinall,2.05,1.8,2026-08-08T03:06:34Z
2026-08-08T03:07:39+00:00,BetOnline.ag,h2h,conor mcgregor,jorge masvidal,1.69,2.25,2026-08-08T03:06:34Z
2026-08-08T03:07:39+00:00,BetOnline.ag,h2h,conor mcgregor,paddy pimblett,2.3,1.67,2026-08-08T03:06:34Z
2026-08-08T03:07:39+00:00,BetOnline.ag,h2h,darren elkins,yadier delvalle,6.71,1.12,2026-08-08T03:06:34Z
2026-08-08T03:07:39+00:00,1xBet,h2h,darren elkins,yadier delvalle,6.6,1.11,2026-08-08T03:07:28Z
2026-08-08T03:07:39+00:00,Pinnacle,h2h,darren elkins,yadier delvalle,6.99,1.12,2026-08-08T03:07:17Z
2026-08-08T03:07:39+00:00,BetUS,h2h,darren elkins,yadier delvalle,6.35,1.12,2026-08-08T03:07:28Z
2026-08-08T03:07:39+00:00,Unibet (UK),h2h,darren elkins,yadier delvalle,6.5,1.12,2026-08-08T03:06:26Z
2026-08-08T03:07:39+00:00,888sport,h2h,darren elkins,yadier delvalle,6.7,1.1,2026-08-08T03:07:28Z
2026-08-08T03:07:39+00:00,Nordic Bet,h2h,darren elkins,yadier delvalle,7.0,1.11,2026-08-08T03:07:18Z
2026-08-08T03:07:39+00:00,Betsson,h2h,darren elkins,yadier delvalle,7.0,1.11,2026-08-08T03:07:19Z
2026-08-08T03:07:39+00:00,DraftKings,h2h,darren elkins,yadier delvalle,6.75,1.12,2026-08-08T03:07:07Z
2026-08-08T03:07:39+00:00,Coolbet,h2h,darren elkins,yadier delvalle,6.75,1.12,2026-08-08T03:07:29Z
2026-08-08T03:07:39+00:00,LiveScore Bet,h2h,darren elkins,yadier delvalle,6.5,1.11,2026-08-08T03:07:18Z
2026-08-08T03:07:39+00:00,Virgin Bet,h2h,darren elkins,yadier delvalle,6.5,1.11,2026-08-08T03:06:46Z
2026-08-08T03:07:39+00:00,BetRivers,h2h,darren elkins,yadier delvalle,6.5,1.11,2026-08-08T03:07:08Z
2026-08-08T03:07:39+00:00,Grosvenor,h2h,darren elkins,yadier delvalle,6.0,1.07,2026-08-08T03:07:07Z
2026-08-08T03:07:39+00:00,FanDuel,h2h,darren elkins,yadier delvalle,6.3,1.13,2026-08-08T03:07:18Z
2026-08-08T03:07:39+00:00,Paddy Power,h2h,darren elkins,yadier delvalle,5.5,1.14,2026-08-08T03:04:38Z
2026-08-08T03:07:39+00:00,Bovada,h2h,darren elkins,yadier delvalle,6.75,1.12,2026-08-08T03:03:49Z
2026-08-08T03:07:39+00:00,Betclic (FR),h2h,darren elkins,yadier delvalle,6.6,1.08,2026-08-08T03:03:16Z
2026-08-08T03:07:39+00:00,Betway,h2h,darren elkins,yadier delvalle,6.0,1.12,2026-08-08T03:07:30Z
2026-08-08T03:07:39+00:00,Betfair,h2h,darren elkins,yadier delvalle,6.8,1.15,2026-08-08T03:07:28Z
2026-08-08T03:07:39+00:00,Betfair,h2h,darren elkins,yadier delvalle,6.8,1.15,2026-08-08T03:07:18Z
2026-08-08T03:07:39+00:00,PMU (FR),h2h,darren elkins,yadier delvalle,6.5,1.11,2026-08-08T03:07:29Z
2026-08-08T03:07:39+00:00,BetAnything,h2h,darren elkins,yadier delvalle,5.75,1.12,2026-08-08T03:06:14Z
2026-08-08T03:07:39+00:00,Winamax (FR),h2h,darren elkins,yadier delvalle,5.8,1.1,2026-08-08T03:06:48Z
2026-08-08T03:07:39+00:00,Matchbook,h2h,darren elkins,yadier delvalle,7.4,1.15,2026-08-08T03:07:18Z
2026-08-08T03:07:39+00:00,Unibet (FR),h2h,darren elkins,yadier delvalle,6.1,1.09,2026-08-08T03:06:56Z
2026-08-08T03:07:39+00:00,BetOnline.ag,h2h,darren till,yoel romero,1.57,2.35,2026-08-08T03:06:34Z
2026-08-08T03:07:39+00:00,BetOnline.ag,h2h,donte johnson,eric mcconico,1.39,3.11,2026-08-08T03:06:34Z
2026-08-08T03:07:39+00:00,1xBet,h2h,donte johnson,eric mcconico,1.49,2.95,2026-08-08T03:07:28Z
2026-08-08T03:07:39+00:00,Pinnacle,h2h,donte johnson,eric mcconico,1.41,3.04,2026-08-08T03:07:17Z
2026-08-08T03:07:39+00:00,Unibet (UK),h2h,donte johnson,eric mcconico,1.36,2.95,2026-08-08T03:06:26Z
2026-08-08T03:07:39+00:00,Nordic Bet,h2h,donte johnson,eric mcconico,1.4,2.9,2026-08-08T03:07:18Z
2026-08-08T03:07:39+00:00,Betsson,h2h,donte johnson,eric mcconico,1.4,2.9,2026-08-08T03:07:19Z
2026-08-08T03:07:39+00:00,DraftKings,h2h,donte johnson,eric mcconico,1.41,3.0,2026-08-08T03:07:07Z
2026-08-08T03:07:39+00:00,BetRivers,h2h,donte johnson,eric mcconico,1.4,2.95,2026-08-08T03:07:08Z
2026-08-08T03:07:39+00:00,Virgin Bet,h2h,donte johnson,eric mcconico,1.4,2.95,2026-08-08T03:06:46Z
2026-08-08T03:07:39+00:00,Grosvenor,h2h,donte johnson,eric mcconico,1.35,2.8,2026-08-08T03:07:07Z
2026-08-08T03:07:39+00:00,LiveScore Bet,h2h,donte johnson,eric mcconico,1.4,2.95,2026-08-08T03:07:18Z
2026-08-08T03:07:39+00:00,Coolbet,h2h,donte johnson,eric mcconico,1.42,3.0,2026-08-08T03:07:29Z
2026-08-08T03:07:39+00:00,BetOnline.ag,h2h,dovletdzhan yagshimuradov,simeon powell,1.62,2.4,2026-08-08T03:06:34Z
2026-08-08T03:07:39+00:00,Unibet (FR),h2h,dovletdzhan yagshimuradov,simeon powell,1.57,2.25,2026-08-08T03:06:56Z
2026-08-08T03:07:39+00:00,FanDuel,h2h,dovletdzhan yagshimuradov,simeon powell,1.61,2.38,2026-08-08T03:07:18Z
2026-08-08T03:07:39+00:00,Winamax (FR),h2h,dovletdzhan yagshimuradov,simeon powell,1.52,2.15,2026-08-08T03:06:48Z
2026-08-08T03:07:39+00:00,Grosvenor,h2h,dovletdzhan yagshimuradov,simeon powell,1.53,2.38,2026-08-08T03:07:07Z
2026-08-08T03:07:39+00:00,BetOnline.ag,h2h,dustin stoltzfus,mansur abdul-malik,5.15,1.18,2026-08-08T03:06:34Z
2026-08-08T03:07:39+00:00,1xBet,h2h,dustin stoltzfus,mansur abdul-malik,5.19,1.22,2026-08-08T03:07:28Z
2026-08-08T03:07:39+00:00,Pinnacle,h2h,dustin stoltzfus,mansur abdul-malik,5.13,1.19,2026-08-08T03:07:17Z
2026-08-08T03:07:39+00:00,Unibet (UK),h2h,dustin stoltzfus,mansur abdul-malik,4.75,1.16,2026-08-08T03:06:26Z
2026-08-08T03:07:39+00:00,Winamax (FR),h2h,dustin stoltzfus,mansur abdul-malik,4.2,1.14,2026-08-08T03:06:48Z
2026-08-08T03:07:39+00:00,Betsson,h2h,dustin stoltzfus,mansur abdul-malik,5.0,1.15,2026-08-08T03:07:19Z
2026-08-08T03:07:39+00:00,Nordic Bet,h2h,dustin stoltzfus,mansur abdul-malik,5.0,1.15,2026-08-08T03:07:18Z
2026-08-08T03:07:39+00:00,DraftKings,h2h,dustin stoltzfus,mansur abdul-malik,5.1,1.18,2026-08-08T03:07:07Z
2026-08-08T03:07:39+00:00,Betclic (FR),h2h,dustin stoltzfus,mansur abdul-malik,4.85,1.15,2026-08-08T03:03:16Z
2026-08-08T03:07:39+00:00,BetRivers,h2h,dustin stoltzfus,mansur abdul-malik,5.2,1.16,2026-08-08T03:07:08Z
2026-08-08T03:07:39+00:00,Virgin Bet,h2h,dustin stoltzfus,mansur abdul-malik,5.2,1.16,2026-08-08T03:06:46Z
2026-08-08T03:07:39+00:00,Grosvenor,h2h,dustin stoltzfus,mansur abdul-malik,4.8,1.12,2026-08-08T03:07:07Z
2026-08-08T03:07:39+00:00,LiveScore Bet,h2h,dustin stoltzfus,mansur abdul-malik,5.2,1.16,2026-08-08T03:07:18Z
2026-08-08T03:07:39+00:00,Coolbet,h2h,dustin stoltzfus,mansur abdul-malik,5.15,1.18,2026-08-08T03:07:29Z
2026-08-08T03:07:39+00:00,BetOnline.ag,h2h,edson barboza,esteban ribovics,4.16,1.25,2026-08-08T03:06:34Z
2026-08-08T03:07:39+00:00,1xBet,h2h,edson barboza,esteban ribovics,4.25,1.29,2026-08-08T03:07:28Z
2026-08-08T03:07:39+00:00,Pinnacle,h2h,edson barboza,esteban ribovics,4.18,1.25,2026-08-08T03:07:17Z
2026-08-08T03:07:39+00:00,Unibet (UK),h2h,edson barboza,esteban ribovics,3.9,1.22,2026-08-08T03:06:26Z
2026-08-08T03:07:39+00:00,888sport,h2h,edson barboza,esteban ribovics,4.2,1.22,2026-08-08T03:07:28Z
2026-08-08T03:07:39+00:00,DraftKings,h2h,edson barboza,esteban ribovics,4.1,1.25,2026-08-08T03:07:07Z
2026-08-08T03:07:39+00:00,Betclic (FR),h2h,edson barboza,esteban ribovics,4.0,1.21,2026-08-08T03:03:16Z
2026-08-08T03:07:39+00:00,Grosvenor,h2h,edson barboza,esteban ribovics,4.0,1.18,2026-08-08T03:07:07Z
2026-08-08T03:07:39+00:00,LiveScore Bet,h2h,edson barboza,esteban ribovics,4.25,1.22,2026-08-08T03:07:18Z
2026-08-08T03:07:39+00:00,Virgin Bet,h2h,edson barboza,esteban ribovics,4.25,1.22,2026-08-08T03:06:46Z
2026-08-08T03:07:39+00:00,BetRivers,h2h,edson barboza,esteban ribovics,4.25,1.22,2026-08-08T03:07:08Z
2026-08-08T03:07:39+00:00,Coolbet,h2h,edson barboza,esteban ribovics,4.15,1.25,2026-08-08T03:07:29Z
2026-08-08T03:07:39+00:00,Winamax (FR),h2h,edson barboza,esteban ribovics,3.55,1.2,2026-08-08T03:06:48Z
2026-08-08T03:07:39+00:00,BetOnline.ag,h2h,gable steveson,sean sharaf,1.07,7.0,2026-08-08T03:06:34Z
2026-08-08T03:07:39+00:00,DraftKings,h2h,gable steveson,sean sharaf,1.09,8.0,2026-08-08T03:07:07Z
2026-08-08T03:07:39+00:00,1xBet,h2h,gable steveson,sean sharaf,1.09,7.55,2026-08-08T03:07:28Z
2026-08-08T03:07:39+00:00,FanDuel,h2h,gianni vazquez,miles johns,2.42,1.6,2026-08-08T03:07:18Z
2026-08-08T03:07:39+00:00,Paddy Power,h2h,gianni vazquez,miles johns,2.38,1.57,2026-08-08T03:04:38Z
2026-08-08T03:07:39+00:00,Betfair Sportsbook,h2h,gianni vazquez,miles johns,2.38,1.57,2026-08-08T03:07:18Z
2026-08-08T03:07:39+00:00,1xBet,h2h,gianni vazquez,miles johns,2.3,1.62,2026-08-08T03:07:28Z
2026-08-08T03:07:39+00:00,BetOnline.ag,h2h,gianni vazquez,miles johns,2.49,1.59,2026-08-08T03:06:34Z
2026-08-08T03:07:39+00:00,Betway,h2h,gianni vazquez,miles johns,2.4,1.57,2026-08-08T03:07:30Z
2026-08-08T03:07:39+00:00,Pinnacle,h2h,gianni vazquez,miles johns,2.42,1.61,2026-08-08T03:07:17Z
2026-08-08T03:07:39+00:00,Unibet (UK),h2h,gianni vazquez,miles johns,2.45,1.56,2026-08-08T03:06:26Z
2026-08-08T03:07:39+00:00,BetRivers,h2h,gianni vazquez,miles johns,2.38,1.57,2026-08-08T03:07:08Z
2026-08-08T03:07:39+00:00,Virgin Bet,h2h,gianni vazquez,miles johns,2.38,1.58,2026-08-08T03:06:46Z
2026-08-08T03:07:39+00:00,Grosvenor,h2h,gianni vazquez,miles johns,2.25,1.51,2026-08-08T03:07:07Z
2026-08-08T03:07:39+00:00,LiveScore Bet,h2h,gianni vazquez,miles johns,2.38,1.58,2026-08-08T03:07:18Z
2026-08-08T03:07:39+00:00,BetAnything,h2h,gianni vazquez,miles johns,2.4,1.59,2026-08-08T03:06:14Z
2026-08-08T03:07:39+00:00,Coolbet,h2h,gianni vazquez,miles johns,2.35,1.63,2026-08-08T03:07:29Z
2026-08-08T03:07:39+00:00,Betfair,h2h,gianni vazquez,miles johns,2.24,1.55,2026-08-08T03:07:28Z
2026-08-08T03:07:39+00:00,Betfair,h2h,gianni vazquez,miles johns,2.24,1.55,2026-08-08T03:07:18Z
2026-08-08T03:07:39+00:00,Matchbook,h2h,gianni vazquez,miles johns,2.5,1.56,2026-08-08T03:07:18Z
2026-08-08T03:07:39+00:00,DraftKings,h2h,gillian robertson,mackenzie dern,3.0,1.41,2026-08-08T03:07:07Z
2026-08-08T03:07:39+00:00,Betclic (FR),h2h,gillian robertson,mackenzie dern,2.97,1.34,2026-08-08T03:03:16Z
2026-08-08T03:07:39+00:00,BetOnline.ag,h2h,gillian robertson,mackenzie dern,3.07,1.4,2026-08-08T03:06:34Z
2026-08-08T03:07:39+00:00,1xBet,h2h,gillian robertson,mackenzie dern,2.95,1.44,2026-08-08T03:07:28Z
2026-08-08T03:07:39+00:00,FanDuel,h2h,gillian robertson,mackenzie dern,3.0,1.38,2026-08-08T03:07:18Z
2026-08-08T03:07:39+00:00,Paddy Power,h2h,gillian robertson,mackenzie dern,2.88,1.4,2026-08-08T03:04:38Z
2026-08-08T03:07:39+00:00,LiveScore Bet,h2h,gillian robertson,mackenzie dern,2.88,1.42,2026-08-08T03:07:18Z
2026-08-08T03:07:39+00:00,Grosvenor,h2h,gillian robertson,mackenzie dern,2.7,1.36,2026-08-08T03:07:07Z
2026-08-08T03:07:39+00:00,Virgin Bet,h2h,gillian robertson,mackenzie dern,2.88,1.42,2026-08-08T03:06:46Z
2026-08-08T03:07:39+00:00,Winamax (FR),h2h,gillian robertson,mackenzie dern,2.85,1.36,2026-08-08T03:06:48Z
2026-08-08T03:07:39+00:00,Marathon Bet,h2h,gillian robertson,mackenzie dern,2.86,1.4,2026-08-08T03:06:46Z
2026-08-08T03:07:39+00:00,Pinnacle,h2h,gillian robertson,mackenzie dern,3.01,1.42,2026-08-08T03:07:17Z
2026-08-08T03:07:39+00:00,Coolbet,h2h,gillian robertson,mackenzie dern,2.9,1.44,2026-08-08T03:07:29Z
2026-08-08T03:07:39+00:00,Unibet (FR),h2h,gillian robertson,mackenzie dern,2.7,1.33,2026-08-08T03:06:56Z
2026-08-08T03:07:39+00:00,Unibet (UK),h2h,gillian robertson,mackenzie dern,2.9,1.38,2026-08-08T03:06:26Z
2026-08-08T03:07:39+00:00,BetRivers,h2h,gillian robertson,mackenzie dern,2.88,1.42,2026-08-08T03:07:08Z
2026-08-08T03:07:39+00:00,888sport,h2h,gillian robertson,mackenzie dern,2.95,1.4,2026-08-08T03:07:28Z
2026-08-08T03:07:39+00:00,BetOnline.ag,h2h,guilherme pat,steven asplund,3.52,1.32,2026-08-08T03:06:34Z
2026-08-08T03:07:39+00:00,1xBet,h2h,guilherme pat,steven asplund,3.26,1.32,2026-08-08T03:07:28Z
2026-08-08T03:07:39+00:00,Pinnacle,h2h,guilherme pat,steven asplund,3.47,1.34,2026-08-08T03:07:17Z
2026-08-08T03:07:39+00:00,BetUS,h2h,guilherme pat,steven asplund,3.54,1.32,2026-08-08T03:07:28Z
2026-08-08T03:07:39+00:00,Unibet (UK),h2h,guilherme pat,steven asplund,3.45,1.32,2026-08-08T03:06:26Z
2026-08-08T03:07:39+00:00,888sport,h2h,guilherme pat,steven asplund,3.4,1.3,2026-08-08T03:07:28Z
2026-08-08T03:07:39+00:00,Nordic Bet,h2h,guilherme pat,steven asplund,3.35,1.34,2026-08-08T03:07:18Z
2026-08-08T03:07:39+00:00,Betsson,h2h,guilherme pat,steven asplund,3.35,1.34,2026-08-08T03:07:19Z
2026-08-08T03:07:39+00:00,DraftKings,h2h,guilherme pat,steven asplund,3.4,1.34,2026-08-08T03:07:07Z
2026-08-08T03:07:39+00:00,Grosvenor,h2h,guilherme pat,steven asplund,3.2,1.27,2026-08-08T03:07:07Z
2026-08-08T03:07:39+00:00,Virgin Bet,h2h,guilherme pat,steven asplund,3.4,1.32,2026-08-08T03:06:46Z
2026-08-08T03:07:39+00:00,BetRivers,h2h,guilherme pat,steven asplund,3.4,1.32,2026-08-08T03:07:08Z
2026-08-08T03:07:39+00:00,LiveScore Bet,h2h,guilherme pat,steven asplund,3.4,1.32,2026-08-08T03:07:18Z
2026-08-08T03:07:39+00:00,Coolbet,h2h,guilherme pat,steven asplund,3.45,1.33,2026-08-08T03:07:29Z
2026-08-08T03:07:39+00:00,FanDuel,h2h,guilherme pat,steven asplund,3.4,1.34,2026-08-08T03:07:18Z
2026-08-08T03:07:39+00:00,Betfair Sportsbook,h2h,guilherme pat,steven asplund,3.25,1.33,2026-08-08T03:07:18Z
2026-08-08T03:07:39+00:00,Paddy Power,h2h,guilherme pat,steven asplund,3.25,1.33,2026-08-08T03:04:38Z
2026-08-08T03:07:39+00:00,Bovada,h2h,guilherme pat,steven asplund,3.55,1.32,2026-08-08T03:03:49Z
2026-08-08T03:07:39+00:00,Betway,h2h,guilherme pat,steven asplund,3.1,1.36,2026-08-08T03:07:30Z
2026-08-08T03:07:39+00:00,Betfair,h2h,guilherme pat,steven asplund,3.6,1.36,2026-08-08T03:07:28Z
2026-08-08T03:07:39+00:00,Betfair,h2h,guilherme pat,steven asplund,3.6,1.36,2026-08-08T03:07:18Z
2026-08-08T03:07:39+00:00,BetAnything,h2h,guilherme pat,steven asplund,3.4,1.32,2026-08-08T03:06:14Z
2026-08-08T03:07:39+00:00,Matchbook,h2h,guilherme pat,steven asplund,3.6,1.37,2026-08-08T03:07:18Z
2026-08-08T03:07:39+00:00,DraftKings,h2h,ian garry,islam makhachev,3.75,1.29,2026-08-08T03:07:07Z
2026-08-08T03:07:39+00:00,Betclic (FR),h2h,ian garry,islam makhachev,3.9,1.22,2026-08-08T03:03:16Z
2026-08-08T03:07:39+00:00,BetOnline.ag,h2h,ian garry,islam makhachev,4.03,1.26,2026-08-08T03:06:34Z
2026-08-08T03:07:39+00:00,FanDuel,h2h,ian garry,islam makhachev,3.8,1.26,2026-08-08T03:07:18Z
2026-08-08T03:07:39+00:00,Paddy Power,h2h,ian garry,islam makhachev,3.5,1.29,2026-08-08T03:04:38Z
2026-08-08T03:07:39+00:00,1xBet,h2h,ian garry,islam makhachev,4.55,1.21,2026-08-08T03:07:28Z
2026-08-08T03:07:39+00:00,Winamax (FR),h2h,ian garry,islam makhachev,3.65,1.23,2026-08-08T03:06:48Z
2026-08-08T03:07:39+00:00,Virgin Bet,h2h,ian garry,islam makhachev,3.7,1.28,2026-08-08T03:06:46Z
2026-08-08T03:07:39+00:00,LiveScore Bet,h2h,ian garry,islam makhachev,3.7,1.28,2026-08-08T03:07:18Z
2026-08-08T03:07:39+00:00,Grosvenor,h2h,ian garry,islam makhachev,3.45,1.24,2026-08-08T03:07:07Z
2026-08-08T03:07:39+00:00,Pinnacle,h2h,ian garry,islam makhachev,3.81,1.29,2026-08-08T03:07:17Z
2026-08-08T03:07:39+00:00,Coolbet,h2h,ian garry,islam makhachev,3.7,1.3,2026-08-08T03:07:29Z
2026-08-08T03:07:39+00:00,BetRivers,h2h,ian garry,islam makhachev,3.7,1.28,2026-08-08T03:07:08Z
2026-08-08T03:07:39+00:00,888sport,h2h,ian garry,islam makhachev,3.6,1.29,2026-08-08T03:07:28Z
2026-08-08T03:07:39+00:00,Betfair,h2h,ian garry,islam makhachev,3.9,1.32,2026-08-08T03:07:18Z
2026-08-08T03:07:39+00:00,Betfair,h2h,ian garry,islam makhachev,3.9,1.32,2026-08-08T03:07:28Z
2026-08-08T03:07:39+00:00,Matchbook,h2h,ian garry,islam makhachev,3.9,1.32,2026-08-08T03:07:18Z
2026-08-08T03:07:39+00:00,BetOnline.ag,h2h,ilia topuria,justin gaethje,1.4,3.1,2026-08-08T03:06:34Z
2026-08-08T03:07:39+00:00,BetOnline.ag,h2h,islam makhachev,kamaru usman,1.3,3.7,2026-08-08T03:06:34Z
2026-08-08T03:07:39+00:00,BetOnline.ag,h2h,jalin turner,kaue fernandes,1.65,2.35,2026-08-08T03:06:34Z
2026-08-08T03:07:39+00:00,1xBet,h2h,jalin turner,kaue fernandes,1.61,2.14,2026-08-08T03:07:28Z
2026-08-08T03:07:39+00:00,Pinnacle,h2h,jalin turner,kaue fernandes,1.69,2.24,2026-08-08T03:07:17Z
2026-08-08T03:07:39+00:00,Unibet (UK),h2h,jalin turner,kaue fernandes,1.6,2.25,2026-08-08T03:06:26Z
2026-08-08T03:07:39+00:00,Betsson,h2h,jalin turner,kaue fernandes,1.65,2.2,2026-08-08T03:07:19Z
2026-08-08T03:07:39+00:00,Nordic Bet,h2h,jalin turner,kaue fernandes,1.65,2.2,2026-08-08T03:07:18Z
2026-08-08T03:07:39+00:00,DraftKings,h2h,jalin turner,kaue fernandes,1.68,2.24,2026-08-08T03:07:07Z
2026-08-08T03:07:39+00:00,BetRivers,h2h,jalin turner,kaue fernandes,1.65,2.23,2026-08-08T03:07:08Z
2026-08-08T03:07:39+00:00,Virgin Bet,h2h,jalin turner,kaue fernandes,1.65,2.23,2026-08-08T03:06:46Z
2026-08-08T03:07:39+00:00,Grosvenor,h2h,jalin turner,kaue fernandes,1.6,2.12,2026-08-08T03:07:07Z
2026-08-08T03:07:39+00:00,LiveScore Bet,h2h,jalin turner,kaue fernandes,1.65,2.23,2026-08-08T03:07:18Z
2026-08-08T03:07:39+00:00,Coolbet,h2h,jalin turner,kaue fernandes,1.65,2.3,2026-08-08T03:07:29Z
2026-08-08T03:07:39+00:00,BetOnline.ag,h2h,jean silva,yair rodriguez,1.29,3.8,2026-08-08T03:06:34Z
2026-08-08T03:07:39+00:00,Betclic (FR),h2h,jean silva,yair rodriguez,1.28,3.3,2026-08-08T03:03:16Z
2026-08-08T03:07:39+00:00,1xBet,h2h,jean silva,yair rodriguez,1.36,3.63,2026-08-08T03:07:28Z
2026-08-08T03:07:39+00:00,DraftKings,h2h,jean silva,yair rodriguez,1.28,3.8,2026-08-08T03:07:07Z
2026-08-08T03:07:39+00:00,Winamax (FR),h2h,jean silva,yair rodriguez,1.28,2.95,2026-08-08T03:06:48Z
2026-08-08T03:07:39+00:00,Virgin Bet,h2h,jean silva,yair rodriguez,1.27,3.75,2026-08-08T03:06:46Z
2026-08-08T03:07:39+00:00,Grosvenor,h2h,jean silva,yair rodriguez,1.23,3.5,2026-08-08T03:07:07Z
2026-08-08T03:07:39+00:00,LiveScore Bet,h2h,jean silva,yair rodriguez,1.27,3.75,2026-08-08T03:07:18Z
2026-08-08T03:07:39+00:00,BetRivers,h2h,jean silva,yair rodriguez,1.27,3.75,2026-08-08T03:07:08Z
2026-08-08T03:07:39+00:00,Betway,h2h,jean silva,yair rodriguez,1.29,3.5,2026-08-08T03:07:30Z
2026-08-08T03:07:39+00:00,BetOnline.ag,h2h,jeremiah wells,myktybek orolbai,5.46,1.17,2026-08-08T03:06:34Z
2026-08-08T03:07:39+00:00,1xBet,h2h,jeremiah wells,myktybek orolbai,5.47,1.21,2026-08-08T03:07:28Z
2026-08-08T03:07:39+00:00,Pinnacle,h2h,jeremiah wells,myktybek orolbai,5.11,1.19,2026-08-08T03:07:17Z
2026-08-08T03:07:39+00:00,Betsson,h2h,jeremiah wells,myktybek orolbai,5.25,1.14,2026-08-08T03:07:19Z
2026-08-08T03:07:39+00:00,Nordic Bet,h2h,jeremiah wells,myktybek orolbai,5.25,1.14,2026-08-08T03:07:18Z
2026-08-08T03:07:39+00:00,DraftKings,h2h,jeremiah wells,myktybek orolbai,5.1,1.18,2026-08-08T03:07:07Z
2026-08-08T03:07:39+00:00,LiveScore Bet,h2h,jeremiah wells,myktybek orolbai,5.3,1.16,2026-08-08T03:07:18Z
2026-08-08T03:07:39+00:00,Virgin Bet,h2h,jeremiah wells,myktybek orolbai,5.3,1.16,2026-08-08T03:06:46Z
2026-08-08T03:07:39+00:00,BetRivers,h2h,jeremiah wells,myktybek orolbai,5.3,1.16,2026-08-08T03:07:08Z
2026-08-08T03:07:39+00:00,Grosvenor,h2h,jeremiah wells,myktybek orolbai,4.9,1.12,2026-08-08T03:07:07Z
2026-08-08T03:07:39+00:00,Coolbet,h2h,jeremiah wells,myktybek orolbai,5.4,1.17,2026-08-08T03:07:29Z
2026-08-08T03:07:39+00:00,BetOnline.ag,h2h,jiri prochazka,magomed ankalaev,2.74,1.5,2026-08-08T03:06:34Z
2026-08-08T03:07:39+00:00,Pinnacle,h2h,jose montanha,louie sutherland,2.7,1.51,2026-08-08T03:07:17Z
2026-08-08T03:07:39+00:00,DraftKings,h2h,jose montanha,louie sutherland,2.64,1.51,2026-08-08T03:07:07Z
2026-08-08T03:07:39+00:00,1xBet,h2h,jose montanha,louie sutherland,2.53,1.5,2026-08-08T03:07:28Z
2026-08-08T03:07:39+00:00,BetUS,h2h,jose montanha,louie sutherland,2.74,1.48,2026-08-08T03:07:28Z
2026-08-08T03:07:39+00:00,BetOnline.ag,h2h,jose montanha,louie sutherland,2.8,1.48,2026-08-08T03:06:34Z
2026-08-08T03:07:39+00:00,Coolbet,h2h,jose montanha,louie sutherland,2.62,1.52,2026-08-08T03:07:29Z
2026-08-08T03:07:39+00:00,Bovada,h2h,jose montanha,louie sutherland,2.68,1.51,2026-08-08T03:03:49Z
2026-08-08T03:07:39+00:00,Unibet (UK),h2h,jose montanha,louie sutherland,2.7,1.48,2026-08-08T03:06:26Z
2026-08-08T03:07:39+00:00,FanDuel,h2h,jose montanha,louie sutherland,2.54,1.54,2026-08-08T03:07:18Z
2026-08-08T03:07:39+00:00,Paddy Power,h2h,jose montanha,louie sutherland,2.5,1.53,2026-08-08T03:04:38Z
2026-08-08T03:07:39+00:00,Betfair Sportsbook,h2h,jose montanha,louie sutherland,2.5,1.53,2026-08-08T03:07:18Z
2026-08-08T03:07:39+00:00,Betway,h2h,jose montanha,louie sutherland,2.5,1.53,2026-08-08T03:07:30Z
2026-08-08T03:07:39+00:00,Betfair,h2h,jose montanha,louie sutherland,2.74,1.51,2026-08-08T03:07:28Z
2026-08-08T03:07:39+00:00,Betfair,h2h,jose montanha,louie sutherland,2.74,1.51,2026-08-08T03:07:18Z
2026-08-08T03:07:39+00:00,BetAnything,h2h,jose montanha,louie sutherland,2.6,1.53,2026-08-08T03:06:14Z
2026-08-08T03:07:39+00:00,Grosvenor,h2h,jose montanha,louie sutherland,2.43,1.45,2026-08-08T03:07:07Z
2026-08-08T03:07:39+00:00,Virgin Bet,h2h,jose montanha,louie sutherland,2.55,1.52,2026-08-08T03:06:46Z
2026-08-08T03:07:39+00:00,BetRivers,h2h,jose montanha,louie sutherland,2.55,1.51,2026-08-08T03:07:08Z
2026-08-08T03:07:39+00:00,LiveScore Bet,h2h,jose montanha,louie sutherland,2.55,1.52,2026-08-08T03:07:18Z
2026-08-08T03:07:39+00:00,Matchbook,h2h,jose montanha,louie sutherland,2.74,1.51,2026-08-08T03:07:18Z
2026-08-08T03:07:39+00:00,BetOnline.ag,h2h,joshua van,manel kape,2.65,1.53,2026-08-08T03:06:34Z
2026-08-08T03:07:39+00:00,BetOnline.ag,h2h,juliana miller,ravena oliveira,1.33,3.49,2026-08-08T03:06:34Z
2026-08-08T03:07:39+00:00,1xBet,h2h,juliana miller,ravena oliveira,1.29,3.42,2026-08-08T03:07:28Z
2026-08-08T03:07:39+00:00,Pinnacle,h2h,juliana miller,ravena oliveira,1.34,3.45,2026-08-08T03:07:17Z
2026-08-08T03:07:39+00:00,BetUS,h2h,juliana miller,ravena oliveira,1.33,3.5,2026-08-08T03:07:28Z
2026-08-08T03:07:39+00:00,Unibet (UK),h2h,juliana miller,ravena oliveira,1.32,3.45,2026-08-08T03:06:26Z
2026-08-08T03:07:39+00:00,888sport,h2h,juliana miller,ravena oliveira,1.3,3.4,2026-08-08T03:07:28Z
2026-08-08T03:07:39+00:00,Betsson,h2h,juliana miller,ravena oliveira,1.32,3.5,2026-08-08T03:07:19Z
2026-08-08T03:07:39+00:00,Nordic Bet,h2h,juliana miller,ravena oliveira,1.32,3.5,2026-08-08T03:07:18Z
2026-08-08T03:07:39+00:00,DraftKings,h2h,juliana miller,ravena oliveira,1.34,3.4,2026-08-08T03:07:07Z
2026-08-08T03:07:39+00:00,Grosvenor,h2h,juliana miller,ravena oliveira,1.28,3.15,2026-08-08T03:07:07Z
2026-08-08T03:07:39+00:00,Virgin Bet,h2h,juliana miller,ravena oliveira,1.33,3.35,2026-08-08T03:06:46Z
2026-08-08T03:07:39+00:00,BetRivers,h2h,juliana miller,ravena oliveira,1.33,3.35,2026-08-08T03:07:08Z
2026-08-08T03:07:39+00:00,LiveScore Bet,h2h,juliana miller,ravena oliveira,1.33,3.35,2026-08-08T03:07:18Z
2026-08-08T03:07:39+00:00,Coolbet,h2h,juliana miller,ravena oliveira,1.34,3.37,2026-08-08T03:07:29Z
2026-08-08T03:07:39+00:00,FanDuel,h2h,juliana miller,ravena oliveira,1.33,3.45,2026-08-08T03:07:18Z
2026-08-08T03:07:39+00:00,Betfair Sportsbook,h2h,juliana miller,ravena oliveira,1.33,3.25,2026-08-08T03:07:18Z
2026-08-08T03:07:39+00:00,Paddy Power,h2h,juliana miller,ravena oliveira,1.33,3.25,2026-08-08T03:04:38Z
2026-08-08T03:07:39+00:00,Bovada,h2h,juliana miller,ravena oliveira,1.32,3.55,2026-08-08T03:03:49Z
2026-08-08T03:07:39+00:00,Betway,h2h,juliana miller,ravena oliveira,1.3,3.5,2026-08-08T03:07:30Z
2026-08-08T03:07:39+00:00,Betfair,h2h,juliana miller,ravena oliveira,1.36,3.4,2026-08-08T03:07:28Z
2026-08-08T03:07:39+00:00,Betfair,h2h,juliana miller,ravena oliveira,1.36,3.4,2026-08-08T03:07:18Z
2026-08-08T03:07:39+00:00,BetAnything,h2h,juliana miller,ravena oliveira,1.32,3.4,2026-08-08T03:06:14Z
2026-08-08T03:07:39+00:00,Matchbook,h2h,juliana miller,ravena oliveira,1.36,3.4,2026-08-08T03:07:18Z
2026-08-08T03:07:39+00:00,BetOnline.ag,h2h,khamzat chimaev,paulo henrique costa,1.2,4.75,2026-08-08T03:06:34Z
2026-08-08T03:07:39+00:00,BetOnline.ag,h2h,khamzat chimaev,sean strickland,1.49,2.75,2026-08-08T03:06:34Z
2026-08-08T03:07:39+00:00,BetOnline.ag,h2h,lucas fernando,rafael tobias,1.43,2.92,2026-08-08T03:06:34Z
2026-08-08T03:07:39+00:00,Pinnacle,h2h,lucas fernando,rafael tobias,1.42,3.0,2026-08-08T03:07:17Z
2026-08-08T03:07:39+00:00,1xBet,h2h,lucas fernando,rafael tobias,1.43,2.94,2026-08-08T03:07:28Z
2026-08-08T03:07:39+00:00,Nordic Bet,h2h,lucas fernando,rafael tobias,1.44,2.7,2026-08-08T03:07:18Z
2026-08-08T03:07:39+00:00,Betsson,h2h,lucas fernando,rafael tobias,1.44,2.7,2026-08-08T03:07:19Z
2026-08-08T03:07:39+00:00,DraftKings,h2h,lucas fernando,rafael tobias,1.42,2.95,2026-08-08T03:07:07Z
2026-08-08T03:07:39+00:00,Virgin Bet,h2h,lucas fernando,rafael tobias,1.41,2.9,2026-08-08T03:06:46Z
2026-08-08T03:07:39+00:00,Grosvenor,h2h,lucas fernando,rafael tobias,1.36,2.75,2026-08-08T03:07:07Z
2026-08-08T03:07:39+00:00,LiveScore Bet,h2h,lucas fernando,rafael tobias,1.41,2.9,2026-08-08T03:07:18Z
2026-08-08T03:07:39+00:00,BetRivers,h2h,lucas fernando,rafael tobias,1.41,2.9,2026-08-08T03:07:08Z
2026-08-08T03:07:39+00:00,Coolbet,h2h,lucas fernando,rafael tobias,1.44,2.9,2026-08-08T03:07:29Z
2026-08-08T03:07:39+00:00,Unibet (UK),h2h,lucas fernando,rafael tobias,1.4,2.8,2026-08-08T03:06:26Z
2026-08-08T03:07:39+00:00,BetOnline.ag,h2h,manoel sousa,richie miranda,1.31,3.6,2026-08-08T03:06:34Z
2026-08-08T03:07:39+00:00,1xBet,h2h,manoel sousa,richie miranda,1.32,3.26,2026-08-08T03:07:28Z
2026-08-08T03:07:39+00:00,Unibet (UK),h2h,manoel sousa,richie miranda,1.3,3.5,2026-08-08T03:06:26Z
2026-08-08T03:07:39+00:00,Coolbet,h2h,manoel sousa,richie miranda,1.32,3.54,2026-08-08T03:07:29Z
2026-08-08T03:07:39+00:00,Pinnacle,h2h,manoel sousa,richie miranda,1.34,3.47,2026-08-08T03:07:17Z
2026-08-08T03:07:39+00:00,Betway,h2h,manoel sousa,richie miranda,1.3,3.5,2026-08-08T03:07:30Z
2026-08-08T03:07:39+00:00,FanDuel,h2h,manoel sousa,richie miranda,1.34,3.4,2026-08-08T03:07:18Z
2026-08-08T03:07:39+00:00,Paddy Power,h2h,manoel sousa,richie miranda,1.33,3.25,2026-08-08T03:04:38Z
2026-08-08T03:07:39+00:00,Betfair Sportsbook,h2h,manoel sousa,richie miranda,1.33,3.25,2026-08-08T03:07:18Z
2026-08-08T03:07:39+00:00,Betfair,h2h,manoel sousa,richie miranda,1.37,3.55,2026-08-08T03:07:28Z
2026-08-08T03:07:39+00:00,Betfair,h2h,manoel sousa,richie miranda,1.37,3.55,2026-08-08T03:07:18Z
2026-08-08T03:07:39+00:00,Bovada,h2h,manoel sousa,richie miranda,1.33,3.5,2026-08-08T03:03:49Z
2026-08-08T03:07:39+00:00,Virgin Bet,h2h,manoel sousa,richie miranda,1.32,3.4,2026-08-08T03:06:46Z
2026-08-08T03:07:39+00:00,BetRivers,h2h,manoel sousa,richie miranda,1.32,3.4,2026-08-08T03:07:08Z
2026-08-08T03:07:39+00:00,LiveScore Bet,h2h,manoel sousa,richie miranda,1.32,3.4,2026-08-08T03:07:18Z
2026-08-08T03:07:39+00:00,Grosvenor,h2h,manoel sousa,richie miranda,1.28,3.15,2026-08-08T03:07:07Z
2026-08-08T03:07:39+00:00,BetUS,h2h,manoel sousa,richie miranda,1.34,3.42,2026-08-08T03:07:28Z
2026-08-08T03:07:39+00:00,Nordic Bet,h2h,manoel sousa,richie miranda,1.31,3.6,2026-08-08T03:07:18Z
2026-08-08T03:07:39+00:00,Betsson,h2h,manoel sousa,richie miranda,1.31,3.6,2026-08-08T03:07:19Z
2026-08-08T03:07:39+00:00,888sport,h2h,manoel sousa,richie miranda,1.3,3.4,2026-08-08T03:07:28Z
2026-08-08T03:07:39+00:00,Matchbook,h2h,manoel sousa,richie miranda,1.37,3.65,2026-08-08T03:07:18Z
2026-08-08T03:07:39+00:00,DraftKings,h2h,manoel sousa,richie miranda,1.32,3.5,2026-08-08T03:07:07Z
2026-08-08T03:07:39+00:00,BetAnything,h2h,manoel sousa,richie miranda,1.32,3.35,2026-08-08T03:06:14Z
2026-08-08T03:07:39+00:00,BetOnline.ag,h2h,mateusz gamrot,quillan salkilld,2.12,1.76,2026-08-08T03:06:34Z
2026-08-08T03:07:39+00:00,Winamax (FR),h2h,mateusz gamrot,quillan salkilld,2.0,1.68,2026-08-08T03:06:48Z
2026-08-08T03:07:39+00:00,Betclic (FR),h2h,mateusz gamrot,quillan salkilld,2.1,1.65,2026-08-08T03:03:16Z
2026-08-08T03:07:39+00:00,1xBet,h2h,mateusz gamrot,quillan salkilld,2.16,1.71,2026-08-08T03:07:28Z
2026-08-08T03:07:39+00:00,Pinnacle,h2h,mateusz gamrot,quillan salkilld,2.18,1.74,2026-08-08T03:07:17Z
2026-08-08T03:07:39+00:00,BetUS,h2h,mateusz gamrot,quillan salkilld,2.14,1.74,2026-08-08T03:07:28Z
2026-08-08T03:07:39+00:00,Unibet (UK),h2h,mateusz gamrot,quillan salkilld,2.1,1.75,2026-08-08T03:06:26Z
2026-08-08T03:07:39+00:00,Nordic Bet,h2h,mateusz gamrot,quillan salkilld,2.25,1.67,2026-08-08T03:07:18Z
2026-08-08T03:07:39+00:00,Betsson,h2h,mateusz gamrot,quillan salkilld,2.25,1.67,2026-08-08T03:07:19Z
2026-08-08T03:07:39+00:00,DraftKings,h2h,mateusz gamrot,quillan salkilld,2.14,1.74,2026-08-08T03:07:07Z
2026-08-08T03:07:39+00:00,LiveScore Bet,h2h,mateusz gamrot,quillan salkilld,2.16,1.7,2026-08-08T03:07:18Z
2026-08-08T03:07:39+00:00,Grosvenor,h2h,mateusz gamrot,quillan salkilld,2.07,1.63,2026-08-08T03:07:07Z
2026-08-08T03:07:39+00:00,Virgin Bet,h2h,mateusz gamrot,quillan salkilld,2.16,1.7,2026-08-08T03:06:46Z
2026-08-08T03:07:39+00:00,BetRivers,h2h,mateusz gamrot,quillan salkilld,2.16,1.7,2026-08-08T03:07:08Z
2026-08-08T03:07:39+00:00,Coolbet,h2h,mateusz gamrot,quillan salkilld,2.13,1.75,2026-08-08T03:07:29Z
2026-08-08T03:07:39+00:00,FanDuel,h2h,mateusz gamrot,quillan salkilld,2.22,1.69,2026-08-08T03:07:18Z
2026-08-08T03:07:39+00:00,Paddy Power,h2h,mateusz gamrot,quillan salkilld,2.2,1.67,2026-08-08T03:04:38Z
2026-08-08T03:07:39+00:00,Bovada,h2h,mateusz gamrot,quillan salkilld,2.17,1.72,2026-08-08T03:03:49Z
2026-08-08T03:07:39+00:00,Betway,h2h,mateusz gamrot,quillan salkilld,2.1,1.73,2026-08-08T03:07:30Z
2026-08-08T03:07:39+00:00,Betfair,h2h,mateusz gamrot,quillan salkilld,2.24,1.78,2026-08-08T03:07:28Z
2026-08-08T03:07:39+00:00,Betfair,h2h,mateusz gamrot,quillan salkilld,2.24,1.78,2026-08-08T03:07:18Z
2026-08-08T03:07:39+00:00,PMU (FR),h2h,mateusz gamrot,quillan salkilld,2.16,1.7,2026-08-08T03:07:29Z
2026-08-08T03:07:39+00:00,BetAnything,h2h,mateusz gamrot,quillan salkilld,2.05,1.74,2026-08-08T03:06:14Z
2026-08-08T03:07:39+00:00,Matchbook,h2h,mateusz gamrot,quillan salkilld,2.26,1.78,2026-08-08T03:07:18Z
2026-08-08T03:07:39+00:00,Unibet (FR),h2h,mateusz gamrot,quillan salkilld,2.05,1.68,2026-08-08T03:06:56Z
2026-08-08T03:07:39+00:00,Marathon Bet,h2h,mateusz gamrot,quillan salkilld,2.13,1.68,2026-08-08T03:06:46Z
2026-08-08T03:07:39+00:00,BetOnline.ag,h2h,max holloway,paddy pimblett,1.56,2.55,2026-08-08T03:06:34Z
2026-08-08T03:07:39+00:00,BetOnline.ag,h2h,merab dvalishvili,petr yan,2.5,1.57,2026-08-08T03:06:34Z
2026-08-08T03:07:39+00:00,BetOnline.ag,h2h,nassourdine imavov,sean strickland,1.88,1.94,2026-08-08T03:06:34Z
2026-08-08T03:07:39+00:00,BetOnline.ag,h2h,natalia silva,valentina shevchenko,3.1,1.4,2026-08-08T03:06:34Z
2026-08-08T03:07:39+00:00,BetOnline.ag,h2h,neil magny,ramiz brahimaj,1.91,1.91,2026-08-08T03:06:34Z
2026-08-08T03:07:39+00:00,1xBet,h2h,neil magny,ramiz brahimaj,1.96,1.96,2026-08-08T03:07:28Z
2026-08-08T03:07:39+00:00,Pinnacle,h2h,neil magny,ramiz brahimaj,1.88,1.97,2026-08-08T03:07:17Z
2026-08-08T03:07:39+00:00,888sport,h2h,neil magny,ramiz brahimaj,1.91,1.91,2026-08-08T03:07:28Z
2026-08-08T03:07:39+00:00,Nordic Bet,h2h,neil magny,ramiz brahimaj,1.88,1.88,2026-08-08T03:07:18Z
2026-08-08T03:07:39+00:00,Betsson,h2h,neil magny,ramiz brahimaj,1.88,1.88,2026-08-08T03:07:19Z
2026-08-08T03:07:39+00:00,DraftKings,h2h,neil magny,ramiz brahimaj,1.87,1.95,2026-08-08T03:07:07Z
2026-08-08T03:07:39+00:00,LiveScore Bet,h2h,neil magny,ramiz brahimaj,1.9,1.9,2026-08-08T03:07:18Z
2026-08-08T03:07:39+00:00,Virgin Bet,h2h,neil magny,ramiz brahimaj,1.9,1.9,2026-08-08T03:06:46Z
2026-08-08T03:07:39+00:00,Grosvenor,h2h,neil magny,ramiz brahimaj,1.82,1.82,2026-08-08T03:07:07Z
2026-08-08T03:07:39+00:00,BetRivers,h2h,neil magny,ramiz brahimaj,1.89,1.89,2026-08-08T03:07:08Z
2026-08-08T03:07:39+00:00,Coolbet,h2h,neil magny,ramiz brahimaj,1.92,1.92,2026-08-08T03:07:29Z
2026-08-08T03:07:39+00:00,DraftKings,h2h,robelis despaigne,tai tuivasa,1.2,4.8,2026-08-08T03:07:07Z
2026-08-08T03:07:39+00:00,1xBet,h2h,robelis despaigne,tai tuivasa,1.23,4.66,2026-08-08T03:07:28Z
2026-08-08T03:07:39+00:00,BetOnline.ag,h2h,song yadong,umar nurmagomedov,4.5,1.22,2026-08-08T03:06:34Z
2026-08-08T03:07:39+00:00,Betclic (FR),h2h,song yadong,umar nurmagomedov,4.45,1.17,2026-08-08T03:03:16Z
2026-08-08T03:07:39+00:00,1xBet,h2h,song yadong,umar nurmagomedov,5.19,1.19,2026-08-08T03:07:28Z
2026-08-08T03:07:39+00:00,BetUS,h2h,song yadong,umar nurmagomedov,4.39,1.22,2026-08-08T03:07:28Z
2026-08-08T03:07:39+00:00,DraftKings,h2h,song yadong,umar nurmagomedov,4.5,1.22,2026-08-08T03:07:07Z
2026-08-08T03:07:39+00:00,Betway,h2h,song yadong,umar nurmagomedov,4.5,1.2,2026-08-08T03:07:30Z
2026-08-08T03:07:39+00:00,FanDuel,h2h,song yadong,umar nurmagomedov,4.5,1.19,2026-08-08T03:07:18Z
2026-08-08T03:07:39+00:00,Paddy Power,h2h,song yadong,umar nurmagomedov,4.5,1.2,2026-08-08T03:04:38Z
2026-08-08T03:07:39+00:00,Winamax (FR),h2h,song yadong,umar nurmagomedov,4.0,1.2,2026-08-08T03:06:48Z
2026-08-08T03:07:39+00:00,LiveScore Bet,h2h,song yadong,umar nurmagomedov,4.35,1.21,2026-08-08T03:07:18Z
2026-08-08T03:07:39+00:00,BetRivers,h2h,song yadong,umar nurmagomedov,4.35,1.21,2026-08-08T03:07:08Z
2026-08-08T03:07:39+00:00,Virgin Bet,h2h,song yadong,umar nurmagomedov,4.35,1.21,2026-08-08T03:06:46Z
2026-08-08T03:07:39+00:00,Grosvenor,h2h,song yadong,umar nurmagomedov,4.1,1.17,2026-08-08T03:07:07Z
2026-08-08T03:07:39+00:00,Coolbet,h2h,song yadong,umar nurmagomedov,4.5,1.22,2026-08-08T03:07:29Z
2026-08-08T03:07:39+00:00,BetOnline.ag,h2h,tresean gore,vicente luque,1.83,2.0,2026-08-08T03:06:34Z
2026-08-08T03:07:39+00:00,1xBet,h2h,tresean gore,vicente luque,1.81,2.2,2026-08-08T03:07:28Z
2026-08-08T03:07:39+00:00,Pinnacle,h2h,tresean gore,vicente luque,1.71,2.19,2026-08-08T03:07:17Z
2026-08-08T03:07:39+00:00,Unibet (UK),h2h,tresean gore,vicente luque,1.78,1.98,2026-08-08T03:06:26Z
2026-08-08T03:07:39+00:00,Nordic Bet,h2h,tresean gore,vicente luque,1.7,2.1,2026-08-08T03:07:18Z
2026-08-08T03:07:39+00:00,Betsson,h2h,tresean gore,vicente luque,1.7,2.1,2026-08-08T03:07:19Z
2026-08-08T03:07:39+00:00,DraftKings,h2h,tresean gore,vicente luque,1.7,2.2,2026-08-08T03:07:07Z
2026-08-08T03:07:39+00:00,Grosvenor,h2h,tresean gore,vicente luque,1.7,1.96,2026-08-08T03:07:07Z
2026-08-08T03:07:39+00:00,LiveScore Bet,h2h,tresean gore,vicente luque,1.76,2.07,2026-08-08T03:07:18Z
2026-08-08T03:07:39+00:00,BetRivers,h2h,tresean gore,vicente luque,1.76,2.07,2026-08-08T03:07:08Z
2026-08-08T03:07:39+00:00,Virgin Bet,h2h,tresean gore,vicente luque,1.76,2.07,2026-08-08T03:06:46Z
2026-08-08T03:07:39+00:00,Coolbet,h2h,tresean gore,vicente luque,1.77,2.1,2026-08-08T03:07:29Z
2026-08-08T03:12:05+00:00,FanDuel,h2h,aaron jeffery,joshua silveira,1.02,15.0,2026-08-08T03:11:45Z
2026-08-08T03:12:05+00:00,Winamax (FR),h2h,aaron jeffery,joshua silveira,1.01,19.0,2026-08-08T03:11:03Z
2026-08-08T03:12:05+00:00,Grosvenor,h2h,aaron jeffery,joshua silveira,1.03,11.5,2026-08-08T03:11:24Z
2026-08-08T03:12:05+00:00,BetOnline.ag,h2h,alex pereira,josh hokit,2.4,1.62,2026-08-08T03:10:16Z
2026-08-08T03:12:05+00:00,DraftKings,h2h,alexandre pantoja,joshua van,1.85,1.98,2026-08-08T03:11:24Z
2026-08-08T03:12:05+00:00,Betclic (FR),h2h,alexandre pantoja,joshua van,1.85,1.85,2026-08-08T03:10:24Z
2026-08-08T03:12:05+00:00,1xBet,h2h,alexandre pantoja,joshua van,1.96,1.96,2026-08-08T03:11:46Z
2026-08-08T03:12:05+00:00,BetRivers,h2h,alexandre pantoja,joshua van,1.83,1.97,2026-08-08T03:11:24Z
2026-08-08T03:12:05+00:00,Virgin Bet,h2h,alexandre pantoja,joshua van,1.83,1.98,2026-08-08T03:11:03Z
2026-08-08T03:12:05+00:00,Grosvenor,h2h,alexandre pantoja,joshua van,1.75,1.88,2026-08-08T03:11:24Z
2026-08-08T03:12:05+00:00,LiveScore Bet,h2h,alexandre pantoja,joshua van,1.83,1.98,2026-08-08T03:11:35Z
2026-08-08T03:12:05+00:00,Winamax (FR),h2h,alexandre pantoja,joshua van,1.74,1.84,2026-08-08T03:11:03Z
2026-08-08T03:12:05+00:00,BetOnline.ag,h2h,alexia thainara,amanda lemos,1.38,3.15,2026-08-08T03:10:16Z
2026-08-08T03:12:05+00:00,1xBet,h2h,alexia thainara,amanda lemos,1.37,3.15,2026-08-08T03:11:46Z
2026-08-08T03:12:05+00:00,Pinnacle,h2h,alexia thainara,amanda lemos,1.4,3.15,2026-08-08T03:11:55Z
2026-08-08T03:12:05+00:00,BetUS,h2h,alexia thainara,amanda lemos,1.38,3.14,2026-08-08T03:11:44Z
2026-08-08T03:12:05+00:00,Unibet (UK),h2h,alexia thainara,amanda lemos,1.36,3.15,2026-08-08T03:11:46Z
2026-08-08T03:12:05+00:00,Nordic Bet,h2h,alexia thainara,amanda lemos,1.35,3.35,2026-08-08T03:11:48Z
2026-08-08T03:12:05+00:00,Betsson,h2h,alexia thainara,amanda lemos,1.35,3.35,2026-08-08T03:11:37Z
2026-08-08T03:12:05+00:00,DraftKings,h2h,alexia thainara,amanda lemos,1.38,3.15,2026-08-08T03:11:24Z
2026-08-08T03:12:05+00:00,Virgin Bet,h2h,alexia thainara,amanda lemos,1.37,3.1,2026-08-08T03:11:03Z
2026-08-08T03:12:05+00:00,LiveScore Bet,h2h,alexia thainara,amanda lemos,1.37,3.1,2026-08-08T03:11:35Z
2026-08-08T03:12:05+00:00,BetRivers,h2h,alexia thainara,amanda lemos,1.36,3.1,2026-08-08T03:11:24Z
2026-08-08T03:12:05+00:00,Grosvenor,h2h,alexia thainara,amanda lemos,1.33,2.9,2026-08-08T03:11:24Z
2026-08-08T03:12:05+00:00,Coolbet,h2h,alexia thainara,amanda lemos,1.37,3.22,2026-08-08T03:11:58Z
2026-08-08T03:12:05+00:00,FanDuel,h2h,alexia thainara,amanda lemos,1.4,3.05,2026-08-08T03:11:45Z
2026-08-08T03:12:05+00:00,Betfair Sportsbook,h2h,alexia thainara,amanda lemos,1.4,2.88,2026-08-08T03:11:35Z
2026-08-08T03:12:05+00:00,Paddy Power,h2h,alexia thainara,amanda lemos,1.4,2.88,2026-08-08T03:11:02Z
2026-08-08T03:12:05+00:00,Bovada,h2h,alexia thainara,amanda lemos,1.38,3.15,2026-08-08T03:08:59Z
2026-08-08T03:12:05+00:00,Betclic (FR),h2h,alexia thainara,amanda lemos,1.32,3.1,2026-08-08T03:10:24Z
2026-08-08T03:12:05+00:00,Betway,h2h,alexia thainara,amanda lemos,1.36,3.1,2026-08-08T03:11:48Z
2026-08-08T03:12:05+00:00,Betfair,h2h,alexia thainara,amanda lemos,1.43,3.2,2026-08-08T03:11:45Z
2026-08-08T03:12:05+00:00,Betfair,h2h,alexia thainara,amanda lemos,1.43,3.2,2026-08-08T03:11:45Z
2026-08-08T03:12:05+00:00,PMU (FR),h2h,alexia thainara,amanda lemos,1.36,3.1,2026-08-08T03:11:47Z
2026-08-08T03:12:05+00:00,BetAnything,h2h,alexia thainara,amanda lemos,1.38,3.05,2026-08-08T03:11:35Z
2026-08-08T03:12:05+00:00,Winamax (FR),h2h,alexia thainara,amanda lemos,1.34,2.95,2026-08-08T03:11:03Z
2026-08-08T03:12:05+00:00,Matchbook,h2h,alexia thainara,amanda lemos,1.43,3.2,2026-08-08T03:11:45Z
2026-08-08T03:12:05+00:00,Marathon Bet,h2h,alexia thainara,amanda lemos,1.36,3.04,2026-08-08T03:11:03Z
2026-08-08T03:12:05+00:00,Unibet (FR),h2h,alexia thainara,amanda lemos,1.33,3.05,2026-08-08T03:11:13Z
2026-08-08T03:12:05+00:00,BetOnline.ag,h2h,ananias mulumba,tom pagliarulo,1.59,2.3,2026-08-08T03:10:16Z
2026-08-08T03:12:05+00:00,BetOnline.ag,h2h,arman tsarukyan,justin gaethje,1.2,4.85,2026-08-08T03:10:16Z
2026-08-08T03:12:05+00:00,DraftKings,h2h,arman tsarukyan,mauricio ruffy,1.28,3.85,2026-08-08T03:11:24Z
2026-08-08T03:12:05+00:00,Betclic (FR),h2h,arman tsarukyan,mauricio ruffy,1.21,4.0,2026-08-08T03:10:24Z
2026-08-08T03:12:05+00:00,Winamax (FR),h2h,arman tsarukyan,mauricio ruffy,1.23,3.3,2026-08-08T03:11:03Z
2026-08-08T03:12:05+00:00,1xBet,h2h,arman tsarukyan,mauricio ruffy,1.28,4.14,2026-08-08T03:11:46Z
2026-08-08T03:12:05+00:00,BetOnline.ag,h2h,billy goff,ty miller,4.1,1.26,2026-08-08T03:10:16Z
2026-08-08T03:12:05+00:00,1xBet,h2h,billy goff,ty miller,4.22,1.23,2026-08-08T03:11:46Z
2026-08-08T03:12:05+00:00,Pinnacle,h2h,billy goff,ty miller,4.3,1.25,2026-08-08T03:11:55Z
2026-08-08T03:12:05+00:00,BetUS,h2h,billy goff,ty miller,4.3,1.23,2026-08-08T03:11:44Z
2026-08-08T03:12:05+00:00,Unibet (UK),h2h,billy goff,ty miller,4.1,1.24,2026-08-08T03:11:46Z
2026-08-08T03:12:05+00:00,888sport,h2h,billy goff,ty miller,4.0,1.25,2026-08-08T03:11:45Z
2026-08-08T03:12:05+00:00,Betsson,h2h,billy goff,ty miller,4.15,1.24,2026-08-08T03:11:37Z
2026-08-08T03:12:05+00:00,Nordic Bet,h2h,billy goff,ty miller,4.15,1.24,2026-08-08T03:11:48Z
2026-08-08T03:12:05+00:00,DraftKings,h2h,billy goff,ty miller,4.3,1.24,2026-08-08T03:11:24Z
2026-08-08T03:12:05+00:00,Coolbet,h2h,billy goff,ty miller,3.9,1.28,2026-08-08T03:11:58Z
2026-08-08T03:12:05+00:00,Virgin Bet,h2h,billy goff,ty miller,4.1,1.24,2026-08-08T03:11:03Z
2026-08-08T03:12:05+00:00,BetRivers,h2h,billy goff,ty miller,4.1,1.24,2026-08-08T03:11:24Z
2026-08-08T03:12:05+00:00,Grosvenor,h2h,billy goff,ty miller,3.85,1.19,2026-08-08T03:11:24Z
2026-08-08T03:12:05+00:00,LiveScore Bet,h2h,billy goff,ty miller,4.1,1.24,2026-08-08T03:11:35Z
2026-08-08T03:12:05+00:00,Betfair Sportsbook,h2h,billy goff,ty miller,3.75,1.25,2026-08-08T03:11:35Z
2026-08-08T03:12:05+00:00,Paddy Power,h2h,billy goff,ty miller,3.75,1.25,2026-08-08T03:11:02Z
2026-08-08T03:12:05+00:00,FanDuel,h2h,billy goff,ty miller,4.1,1.26,2026-08-08T03:11:45Z
2026-08-08T03:12:05+00:00,Bovada,h2h,billy goff,ty miller,4.15,1.25,2026-08-08T03:08:59Z
2026-08-08T03:12:05+00:00,Betclic (FR),h2h,billy goff,ty miller,4.0,1.21,2026-08-08T03:10:24Z
2026-08-08T03:12:05+00:00,Betway,h2h,billy goff,ty miller,4.0,1.25,2026-08-08T03:11:48Z
2026-08-08T03:12:05+00:00,Betfair,h2h,billy goff,ty miller,4.5,1.26,2026-08-08T03:11:45Z
2026-08-08T03:12:05+00:00,Betfair,h2h,billy goff,ty miller,4.5,1.26,2026-08-08T03:11:45Z
2026-08-08T03:12:05+00:00,PMU (FR),h2h,billy goff,ty miller,4.1,1.24,2026-08-08T03:11:47Z
2026-08-08T03:12:05+00:00,BetAnything,h2h,billy goff,ty miller,3.65,1.24,2026-08-08T03:11:35Z
2026-08-08T03:12:05+00:00,Winamax (FR),h2h,billy goff,ty miller,3.55,1.2,2026-08-08T03:11:03Z
2026-08-08T03:12:05+00:00,Matchbook,h2h,billy goff,ty miller,4.5,1.26,2026-08-08T03:11:45Z
2026-08-08T03:12:05+00:00,BetOnline.ag,h2h,billy quarantillo,carlos diego ferreira,2.57,1.56,2026-08-08T03:10:16Z
2026-08-08T03:12:05+00:00,1xBet,h2h,billy quarantillo,carlos diego ferreira,2.44,1.56,2026-08-08T03:11:46Z
2026-08-08T03:12:05+00:00,Pinnacle,h2h,billy quarantillo,carlos diego ferreira,2.51,1.57,2026-08-08T03:11:55Z
2026-08-08T03:12:05+00:00,BetUS,h2h,billy quarantillo,carlos diego ferreira,2.48,1.56,2026-08-08T03:11:44Z
2026-08-08T03:12:05+00:00,Unibet (UK),h2h,billy quarantillo,carlos diego ferreira,2.5,1.53,2026-08-08T03:11:46Z
2026-08-08T03:12:05+00:00,888sport,h2h,billy quarantillo,carlos diego ferreira,2.5,1.53,2026-08-08T03:11:45Z
2026-08-08T03:12:05+00:00,Nordic Bet,h2h,billy quarantillo,carlos diego ferreira,2.4,1.6,2026-08-08T03:11:48Z
2026-08-08T03:12:05+00:00,Betsson,h2h,billy quarantillo,carlos diego ferreira,2.4,1.6,2026-08-08T03:11:37Z
2026-08-08T03:12:05+00:00,DraftKings,h2h,billy quarantillo,carlos diego ferreira,2.5,1.56,2026-08-08T03:11:24Z
2026-08-08T03:12:05+00:00,LiveScore Bet,h2h,billy quarantillo,carlos diego ferreira,2.43,1.56,2026-08-08T03:11:35Z
2026-08-08T03:12:05+00:00,Grosvenor,h2h,billy quarantillo,carlos diego ferreira,2.3,1.5,2026-08-08T03:11:24Z
2026-08-08T03:12:05+00:00,Virgin Bet,h2h,billy quarantillo,carlos diego ferreira,2.43,1.56,2026-08-08T03:11:03Z
2026-08-08T03:12:05+00:00,BetRivers,h2h,billy quarantillo,carlos diego ferreira,2.43,1.56,2026-08-08T03:11:24Z
2026-08-08T03:12:05+00:00,Marathon Bet,h2h,billy quarantillo,carlos diego ferreira,2.43,1.53,2026-08-08T03:11:03Z
2026-08-08T03:12:05+00:00,Coolbet,h2h,billy quarantillo,carlos diego ferreira,2.5,1.56,2026-08-08T03:11:58Z
2026-08-08T03:12:05+00:00,Betclic (FR),h2h,billy quarantillo,carlos diego ferreira,2.43,1.5,2026-08-08T03:10:24Z
2026-08-08T03:12:05+00:00,FanDuel,h2h,billy quarantillo,carlos diego ferreira,2.48,1.57,2026-08-08T03:11:45Z
2026-08-08T03:12:05+00:00,Paddy Power,h2h,billy quarantillo,carlos diego ferreira,2.38,1.57,2026-08-08T03:11:02Z
2026-08-08T03:12:05+00:00,Bovada,h2h,billy quarantillo,carlos diego ferreira,2.47,1.58,2026-08-08T03:08:59Z
2026-08-08T03:12:05+00:00,Unibet (FR),h2h,billy quarantillo,carlos diego ferreira,2.45,1.49,2026-08-08T03:11:13Z
2026-08-08T03:12:05+00:00,Betway,h2h,billy quarantillo,carlos diego ferreira,2.4,1.57,2026-08-08T03:11:48Z
2026-08-08T03:12:05+00:00,Betfair,h2h,billy quarantillo,carlos diego ferreira,2.66,1.57,2026-08-08T03:11:45Z
2026-08-08T03:12:05+00:00,Betfair,h2h,billy quarantillo,carlos diego ferreira,2.66,1.57,2026-08-08T03:11:45Z
2026-08-08T03:12:05+00:00,PMU (FR),h2h,billy quarantillo,carlos diego ferreira,2.43,1.56,2026-08-08T03:11:47Z
2026-08-08T03:12:05+00:00,BetAnything,h2h,billy quarantillo,carlos diego ferreira,2.5,1.56,2026-08-08T03:11:35Z
2026-08-08T03:12:05+00:00,Winamax (FR),h2h,billy quarantillo,carlos diego ferreira,2.4,1.5,2026-08-08T03:11:03Z
2026-08-08T03:12:05+00:00,Matchbook,h2h,billy quarantillo,carlos diego ferreira,2.66,1.57,2026-08-08T03:11:45Z
2026-08-08T03:12:05+00:00,BetOnline.ag,h2h,bruno lopes,diyar nurgozhay,2.3,1.67,2026-08-08T03:10:16Z
2026-08-08T03:12:05+00:00,1xBet,h2h,bruno lopes,diyar nurgozhay,2.22,1.63,2026-08-08T03:11:46Z
2026-08-08T03:12:05+00:00,Pinnacle,h2h,bruno lopes,diyar nurgozhay,2.36,1.64,2026-08-08T03:11:55Z
2026-08-08T03:12:05+00:00,BetUS,h2h,bruno lopes,diyar nurgozhay,2.3,1.65,2026-08-08T03:11:44Z
2026-08-08T03:12:05+00:00,Unibet (UK),h2h,bruno lopes,diyar nurgozhay,2.3,1.63,2026-08-08T03:11:46Z
2026-08-08T03:12:05+00:00,Betsson,h2h,bruno lopes,diyar nurgozhay,2.25,1.67,2026-08-08T03:11:37Z
2026-08-08T03:12:05+00:00,Nordic Bet,h2h,bruno lopes,diyar nurgozhay,2.25,1.67,2026-08-08T03:11:48Z
2026-08-08T03:12:05+00:00,DraftKings,h2h,bruno lopes,diyar nurgozhay,2.3,1.65,2026-08-08T03:11:24Z
2026-08-08T03:12:05+00:00,Coolbet,h2h,bruno lopes,diyar nurgozhay,2.3,1.65,2026-08-08T03:11:58Z
2026-08-08T03:12:05+00:00,FanDuel,h2h,bruno lopes,diyar nurgozhay,2.32,1.64,2026-08-08T03:11:45Z
2026-08-08T03:12:05+00:00,Betfair Sportsbook,h2h,bruno lopes,diyar nurgozhay,2.25,1.62,2026-08-08T03:11:35Z
2026-08-08T03:12:05+00:00,Paddy Power,h2h,bruno lopes,diyar nurgozhay,2.25,1.62,2026-08-08T03:11:02Z
2026-08-08T03:12:05+00:00,Bovada,h2h,bruno lopes,diyar nurgozhay,2.3,1.67,2026-08-08T03:08:59Z
2026-08-08T03:12:05+00:00,LiveScore Bet,h2h,bruno lopes,diyar nurgozhay,2.23,1.65,2026-08-08T03:11:35Z
2026-08-08T03:12:05+00:00,Virgin Bet,h2h,bruno lopes,diyar nurgozhay,2.23,1.65,2026-08-08T03:11:03Z
2026-08-08T03:12:05+00:00,Grosvenor,h2h,bruno lopes,diyar nurgozhay,2.12,1.6,2026-08-08T03:11:24Z
2026-08-08T03:12:05+00:00,BetRivers,h2h,bruno lopes,diyar nurgozhay,2.23,1.65,2026-08-08T03:11:24Z
2026-08-08T03:12:05+00:00,Betway,h2h,bruno lopes,diyar nurgozhay,2.2,1.67,2026-08-08T03:11:48Z
2026-08-08T03:12:05+00:00,Betfair,h2h,bruno lopes,diyar nurgozhay,2.46,1.65,2026-08-08T03:11:45Z
2026-08-08T03:12:05+00:00,Betfair,h2h,bruno lopes,diyar nurgozhay,2.46,1.65,2026-08-08T03:11:45Z
2026-08-08T03:12:05+00:00,BetAnything,h2h,bruno lopes,diyar nurgozhay,2.3,1.62,2026-08-08T03:11:35Z
2026-08-08T03:12:05+00:00,Matchbook,h2h,bruno lopes,diyar nurgozhay,2.46,1.65,2026-08-08T03:11:45Z
2026-08-08T03:12:05+00:00,BetOnline.ag,h2h,bryan battle,dalton rosta,1.74,2.15,2026-08-08T03:10:16Z
2026-08-08T03:12:05+00:00,Winamax (FR),h2h,bryan battle,dalton rosta,1.62,1.96,2026-08-08T03:11:03Z
2026-08-08T03:12:05+00:00,Grosvenor,h2h,bryan battle,dalton rosta,1.68,2.15,2026-08-08T03:11:24Z
2026-08-08T03:12:05+00:00,FanDuel,h2h,bryan battle,dalton rosta,1.74,2.16,2026-08-08T03:11:45Z
2026-08-08T03:12:05+00:00,BetOnline.ag,h2h,carlos ulberg,magomed ankalaev,2.65,1.53,2026-08-08T03:10:16Z
2026-08-08T03:12:05+00:00,BetOnline.ag,h2h,carol foro,giovanna canuto,1.43,2.95,2026-08-08T03:10:16Z
2026-08-08T03:12:05+00:00,1xBet,h2h,carol foro,giovanna canuto,1.37,3.03,2026-08-08T03:11:46Z
2026-08-08T03:12:05+00:00,FanDuel,h2h,carol foro,giovanna canuto,1.42,2.94,2026-08-08T03:11:45Z
2026-08-08T03:12:05+00:00,Betfair Sportsbook,h2h,carol foro,giovanna canuto,1.4,2.88,2026-08-08T03:11:35Z
2026-08-08T03:12:05+00:00,Unibet (UK),h2h,carol foro,giovanna canuto,1.42,2.9,2026-08-08T03:11:46Z
2026-08-08T03:12:05+00:00,Betfair,h2h,carol foro,giovanna canuto,1.42,3.05,2026-08-08T03:11:45Z
2026-08-08T03:12:05+00:00,Paddy Power,h2h,carol foro,giovanna canuto,1.4,2.88,2026-08-08T03:11:02Z
2026-08-08T03:12:05+00:00,Betfair,h2h,carol foro,giovanna canuto,1.41,3.05,2026-08-08T03:11:45Z
2026-08-08T03:12:05+00:00,Betway,h2h,carol foro,giovanna canuto,1.36,3.1,2026-08-08T03:11:48Z
2026-08-08T03:12:05+00:00,Bovada,h2h,carol foro,giovanna canuto,1.41,3.05,2026-08-08T03:08:59Z
2026-08-08T03:12:05+00:00,DraftKings,h2h,carol foro,giovanna canuto,1.41,3.0,2026-08-08T03:11:24Z
2026-08-08T03:12:05+00:00,Betsson,h2h,carol foro,giovanna canuto,1.37,2.95,2026-08-08T03:11:37Z
2026-08-08T03:12:05+00:00,Nordic Bet,h2h,carol foro,giovanna canuto,1.37,2.95,2026-08-08T03:11:48Z
2026-08-08T03:12:05+00:00,Coolbet,h2h,carol foro,giovanna canuto,1.39,3.1,2026-08-08T03:11:58Z
2026-08-08T03:12:05+00:00,BetRivers,h2h,carol foro,giovanna canuto,1.38,3.05,2026-08-08T03:11:24Z
2026-08-08T03:12:05+00:00,Virgin Bet,h2h,carol foro,giovanna canuto,1.38,3.05,2026-08-08T03:11:03Z
2026-08-08T03:12:05+00:00,Grosvenor,h2h,carol foro,giovanna canuto,1.33,2.88,2026-08-08T03:11:24Z
2026-08-08T03:12:05+00:00,LiveScore Bet,h2h,carol foro,giovanna canuto,1.38,3.05,2026-08-08T03:11:35Z
2026-08-08T03:12:05+00:00,BetUS,h2h,carol foro,giovanna canuto,1.4,3.07,2026-08-08T03:11:44Z
2026-08-08T03:12:05+00:00,BetAnything,h2h,carol foro,giovanna canuto,1.42,2.9,2026-08-08T03:11:35Z
2026-08-08T03:12:05+00:00,888sport,h2h,carol foro,giovanna canuto,1.4,2.95,2026-08-08T03:11:45Z
2026-08-08T03:12:05+00:00,Matchbook,h2h,carol foro,giovanna canuto,1.42,3.05,2026-08-08T03:11:45Z
2026-08-08T03:12:05+00:00,Pinnacle,h2h,carol foro,giovanna canuto,1.41,3.07,2026-08-08T03:11:55Z
2026-08-08T03:12:05+00:00,BetOnline.ag,h2h,charles johnson,jose ochoa,3.89,1.28,2026-08-08T03:10:16Z
2026-08-08T03:12:05+00:00,Pinnacle,h2h,charles johnson,jose ochoa,3.67,1.31,2026-08-08T03:11:55Z
2026-08-08T03:12:05+00:00,1xBet,h2h,charles johnson,jose ochoa,3.69,1.3,2026-08-08T03:11:46Z
2026-08-08T03:12:05+00:00,Betsson,h2h,charles johnson,jose ochoa,3.75,1.25,2026-08-08T03:11:37Z
2026-08-08T03:12:05+00:00,Nordic Bet,h2h,charles johnson,jose ochoa,3.75,1.25,2026-08-08T03:11:48Z
2026-08-08T03:12:05+00:00,DraftKings,h2h,charles johnson,jose ochoa,3.6,1.31,2026-08-08T03:11:24Z
2026-08-08T03:12:05+00:00,Betclic (FR),h2h,charles johnson,jose ochoa,3.7,1.24,2026-08-08T03:10:24Z
2026-08-08T03:12:05+00:00,BetRivers,h2h,charles johnson,jose ochoa,3.8,1.26,2026-08-08T03:11:24Z
2026-08-08T03:12:05+00:00,Virgin Bet,h2h,charles johnson,jose ochoa,3.8,1.26,2026-08-08T03:11:03Z
2026-08-08T03:12:05+00:00,Grosvenor,h2h,charles johnson,jose ochoa,3.65,1.21,2026-08-08T03:11:24Z
2026-08-08T03:12:05+00:00,LiveScore Bet,h2h,charles johnson,jose ochoa,3.8,1.26,2026-08-08T03:11:35Z
2026-08-08T03:12:05+00:00,Coolbet,h2h,charles johnson,jose ochoa,3.7,1.3,2026-08-08T03:11:58Z
2026-08-08T03:12:05+00:00,BetOnline.ag,h2h,chidi njokuani,joel alvarez,3.19,1.38,2026-08-08T03:10:16Z
2026-08-08T03:12:05+00:00,DraftKings,h2h,chidi njokuani,joel alvarez,3.1,1.39,2026-08-08T03:11:24Z
2026-08-08T03:12:05+00:00,Nordic Bet,h2h,chidi njokuani,joel alvarez,2.85,1.4,2026-08-08T03:11:48Z
2026-08-08T03:12:05+00:00,Betsson,h2h,chidi njokuani,joel alvarez,2.85,1.4,2026-08-08T03:11:37Z
2026-08-08T03:12:05+00:00,1xBet,h2h,chidi njokuani,joel alvarez,3.3,1.41,2026-08-08T03:11:46Z
2026-08-08T03:12:05+00:00,BetRivers,h2h,chidi njokuani,joel alvarez,2.95,1.4,2026-08-08T03:11:24Z
2026-08-08T03:12:05+00:00,Virgin Bet,h2h,chidi njokuani,joel alvarez,2.95,1.4,2026-08-08T03:11:03Z
2026-08-08T03:12:05+00:00,Grosvenor,h2h,chidi njokuani,joel alvarez,2.8,1.35,2026-08-08T03:11:24Z
2026-08-08T03:12:05+00:00,LiveScore Bet,h2h,chidi njokuani,joel alvarez,2.95,1.4,2026-08-08T03:11:35Z
2026-08-08T03:12:05+00:00,888sport,h2h,chidi njokuani,joel alvarez,3.05,1.36,2026-08-08T03:11:45Z
2026-08-08T03:12:05+00:00,Coolbet,h2h,chidi njokuani,joel alvarez,3.05,1.4,2026-08-08T03:11:58Z
2026-08-08T03:12:05+00:00,Unibet (UK),h2h,chidi njokuani,joel alvarez,3.0,1.36,2026-08-08T03:11:46Z
2026-08-08T03:12:05+00:00,BetOnline.ag,h2h,ciryl gane,josh hokit,1.4,3.1,2026-08-08T03:10:16Z
2026-08-08T03:12:05+00:00,BetOnline.ag,h2h,ciryl gane,tom aspinall,2.05,1.8,2026-08-08T03:10:16Z
2026-08-08T03:12:05+00:00,BetOnline.ag,h2h,conor mcgregor,jorge masvidal,1.69,2.25,2026-08-08T03:10:16Z
2026-08-08T03:12:05+00:00,BetOnline.ag,h2h,conor mcgregor,paddy pimblett,2.3,1.67,2026-08-08T03:10:16Z
2026-08-08T03:12:05+00:00,BetOnline.ag,h2h,darren elkins,yadier delvalle,6.71,1.12,2026-08-08T03:10:16Z
2026-08-08T03:12:05+00:00,1xBet,h2h,darren elkins,yadier delvalle,6.6,1.11,2026-08-08T03:11:46Z
2026-08-08T03:12:05+00:00,Pinnacle,h2h,darren elkins,yadier delvalle,6.99,1.12,2026-08-08T03:11:55Z
2026-08-08T03:12:05+00:00,BetUS,h2h,darren elkins,yadier delvalle,6.35,1.12,2026-08-08T03:11:44Z
2026-08-08T03:12:05+00:00,Unibet (UK),h2h,darren elkins,yadier delvalle,6.5,1.12,2026-08-08T03:11:46Z
2026-08-08T03:12:05+00:00,888sport,h2h,darren elkins,yadier delvalle,6.7,1.1,2026-08-08T03:11:45Z
2026-08-08T03:12:05+00:00,Nordic Bet,h2h,darren elkins,yadier delvalle,7.0,1.11,2026-08-08T03:11:48Z
2026-08-08T03:12:05+00:00,Betsson,h2h,darren elkins,yadier delvalle,7.0,1.11,2026-08-08T03:11:37Z
2026-08-08T03:12:05+00:00,DraftKings,h2h,darren elkins,yadier delvalle,6.75,1.12,2026-08-08T03:11:24Z
2026-08-08T03:12:05+00:00,Coolbet,h2h,darren elkins,yadier delvalle,6.75,1.12,2026-08-08T03:11:58Z
2026-08-08T03:12:05+00:00,LiveScore Bet,h2h,darren elkins,yadier delvalle,6.5,1.11,2026-08-08T03:11:35Z
2026-08-08T03:12:05+00:00,Virgin Bet,h2h,darren elkins,yadier delvalle,6.5,1.11,2026-08-08T03:11:03Z
2026-08-08T03:12:05+00:00,BetRivers,h2h,darren elkins,yadier delvalle,6.5,1.11,2026-08-08T03:11:24Z
2026-08-08T03:12:05+00:00,Grosvenor,h2h,darren elkins,yadier delvalle,6.0,1.07,2026-08-08T03:11:24Z
2026-08-08T03:12:05+00:00,FanDuel,h2h,darren elkins,yadier delvalle,6.3,1.13,2026-08-08T03:11:45Z
2026-08-08T03:12:05+00:00,Paddy Power,h2h,darren elkins,yadier delvalle,5.5,1.14,2026-08-08T03:11:02Z
2026-08-08T03:12:05+00:00,Bovada,h2h,darren elkins,yadier delvalle,6.75,1.12,2026-08-08T03:08:59Z
2026-08-08T03:12:05+00:00,Betclic (FR),h2h,darren elkins,yadier delvalle,6.6,1.08,2026-08-08T03:10:24Z
2026-08-08T03:12:05+00:00,Betway,h2h,darren elkins,yadier delvalle,6.0,1.12,2026-08-08T03:11:48Z
2026-08-08T03:12:05+00:00,Betfair,h2h,darren elkins,yadier delvalle,6.8,1.15,2026-08-08T03:11:45Z
2026-08-08T03:12:05+00:00,Betfair,h2h,darren elkins,yadier delvalle,6.8,1.15,2026-08-08T03:11:45Z
2026-08-08T03:12:05+00:00,PMU (FR),h2h,darren elkins,yadier delvalle,6.5,1.11,2026-08-08T03:11:47Z
2026-08-08T03:12:05+00:00,BetAnything,h2h,darren elkins,yadier delvalle,5.75,1.12,2026-08-08T03:11:35Z
2026-08-08T03:12:05+00:00,Winamax (FR),h2h,darren elkins,yadier delvalle,5.8,1.1,2026-08-08T03:11:03Z
2026-08-08T03:12:05+00:00,Matchbook,h2h,darren elkins,yadier delvalle,7.4,1.15,2026-08-08T03:11:45Z
2026-08-08T03:12:05+00:00,Unibet (FR),h2h,darren elkins,yadier delvalle,6.1,1.09,2026-08-08T03:11:13Z
2026-08-08T03:12:05+00:00,BetOnline.ag,h2h,darren till,yoel romero,1.57,2.35,2026-08-08T03:10:16Z
2026-08-08T03:12:05+00:00,BetOnline.ag,h2h,donte johnson,eric mcconico,1.39,3.11,2026-08-08T03:10:16Z
2026-08-08T03:12:05+00:00,1xBet,h2h,donte johnson,eric mcconico,1.49,2.95,2026-08-08T03:11:46Z
2026-08-08T03:12:05+00:00,Pinnacle,h2h,donte johnson,eric mcconico,1.41,3.04,2026-08-08T03:11:55Z
2026-08-08T03:12:05+00:00,Unibet (UK),h2h,donte johnson,eric mcconico,1.36,2.95,2026-08-08T03:11:46Z
2026-08-08T03:12:05+00:00,Nordic Bet,h2h,donte johnson,eric mcconico,1.4,2.9,2026-08-08T03:11:48Z
2026-08-08T03:12:05+00:00,Betsson,h2h,donte johnson,eric mcconico,1.4,2.9,2026-08-08T03:11:37Z
2026-08-08T03:12:05+00:00,DraftKings,h2h,donte johnson,eric mcconico,1.41,3.0,2026-08-08T03:11:24Z
2026-08-08T03:12:05+00:00,BetRivers,h2h,donte johnson,eric mcconico,1.4,2.95,2026-08-08T03:11:24Z
2026-08-08T03:12:05+00:00,Virgin Bet,h2h,donte johnson,eric mcconico,1.4,2.95,2026-08-08T03:11:03Z
2026-08-08T03:12:05+00:00,Grosvenor,h2h,donte johnson,eric mcconico,1.35,2.8,2026-08-08T03:11:24Z
2026-08-08T03:12:05+00:00,LiveScore Bet,h2h,donte johnson,eric mcconico,1.4,2.95,2026-08-08T03:11:35Z
2026-08-08T03:12:05+00:00,Coolbet,h2h,donte johnson,eric mcconico,1.42,3.0,2026-08-08T03:11:58Z
2026-08-08T03:12:05+00:00,BetOnline.ag,h2h,dovletdzhan yagshimuradov,simeon powell,1.62,2.4,2026-08-08T03:10:16Z
2026-08-08T03:12:05+00:00,Unibet (FR),h2h,dovletdzhan yagshimuradov,simeon powell,1.57,2.25,2026-08-08T03:11:13Z
2026-08-08T03:12:05+00:00,FanDuel,h2h,dovletdzhan yagshimuradov,simeon powell,1.61,2.38,2026-08-08T03:11:45Z
2026-08-08T03:12:05+00:00,Winamax (FR),h2h,dovletdzhan yagshimuradov,simeon powell,1.52,2.15,2026-08-08T03:11:03Z
2026-08-08T03:12:05+00:00,Grosvenor,h2h,dovletdzhan yagshimuradov,simeon powell,1.53,2.38,2026-08-08T03:11:24Z
2026-08-08T03:12:05+00:00,BetOnline.ag,h2h,dustin stoltzfus,mansur abdul-malik,5.15,1.18,2026-08-08T03:10:16Z
2026-08-08T03:12:05+00:00,1xBet,h2h,dustin stoltzfus,mansur abdul-malik,5.19,1.22,2026-08-08T03:11:46Z
2026-08-08T03:12:05+00:00,Pinnacle,h2h,dustin stoltzfus,mansur abdul-malik,5.13,1.19,2026-08-08T03:11:55Z
2026-08-08T03:12:05+00:00,Unibet (UK),h2h,dustin stoltzfus,mansur abdul-malik,4.75,1.16,2026-08-08T03:11:46Z
2026-08-08T03:12:05+00:00,Winamax (FR),h2h,dustin stoltzfus,mansur abdul-malik,4.2,1.14,2026-08-08T03:11:03Z
2026-08-08T03:12:05+00:00,Betsson,h2h,dustin stoltzfus,mansur abdul-malik,5.0,1.15,2026-08-08T03:11:37Z
2026-08-08T03:12:05+00:00,Nordic Bet,h2h,dustin stoltzfus,mansur abdul-malik,5.0,1.15,2026-08-08T03:11:48Z
2026-08-08T03:12:05+00:00,DraftKings,h2h,dustin stoltzfus,mansur abdul-malik,5.1,1.18,2026-08-08T03:11:24Z
2026-08-08T03:12:05+00:00,Betclic (FR),h2h,dustin stoltzfus,mansur abdul-malik,4.85,1.15,2026-08-08T03:10:24Z
2026-08-08T03:12:05+00:00,BetRivers,h2h,dustin stoltzfus,mansur abdul-malik,5.2,1.16,2026-08-08T03:11:24Z
2026-08-08T03:12:05+00:00,Virgin Bet,h2h,dustin stoltzfus,mansur abdul-malik,5.2,1.16,2026-08-08T03:11:03Z
2026-08-08T03:12:05+00:00,Grosvenor,h2h,dustin stoltzfus,mansur abdul-malik,4.8,1.12,2026-08-08T03:11:24Z
2026-08-08T03:12:05+00:00,LiveScore Bet,h2h,dustin stoltzfus,mansur abdul-malik,5.2,1.16,2026-08-08T03:11:35Z
2026-08-08T03:12:05+00:00,Coolbet,h2h,dustin stoltzfus,mansur abdul-malik,5.15,1.18,2026-08-08T03:11:58Z
2026-08-08T03:12:05+00:00,BetOnline.ag,h2h,edson barboza,esteban ribovics,4.16,1.25,2026-08-08T03:10:16Z
2026-08-08T03:12:05+00:00,1xBet,h2h,edson barboza,esteban ribovics,4.25,1.29,2026-08-08T03:11:46Z
2026-08-08T03:12:05+00:00,Pinnacle,h2h,edson barboza,esteban ribovics,4.18,1.25,2026-08-08T03:11:55Z
2026-08-08T03:12:05+00:00,Unibet (UK),h2h,edson barboza,esteban ribovics,3.9,1.22,2026-08-08T03:11:46Z
2026-08-08T03:12:05+00:00,888sport,h2h,edson barboza,esteban ribovics,4.2,1.22,2026-08-08T03:11:45Z
2026-08-08T03:12:05+00:00,DraftKings,h2h,edson barboza,esteban ribovics,4.1,1.25,2026-08-08T03:11:24Z
2026-08-08T03:12:05+00:00,Betclic (FR),h2h,edson barboza,esteban ribovics,4.0,1.21,2026-08-08T03:10:24Z
2026-08-08T03:12:05+00:00,Grosvenor,h2h,edson barboza,esteban ribovics,4.0,1.18,2026-08-08T03:11:24Z
2026-08-08T03:12:05+00:00,LiveScore Bet,h2h,edson barboza,esteban ribovics,4.25,1.22,2026-08-08T03:11:35Z
2026-08-08T03:12:05+00:00,Virgin Bet,h2h,edson barboza,esteban ribovics,4.25,1.22,2026-08-08T03:11:03Z
2026-08-08T03:12:05+00:00,BetRivers,h2h,edson barboza,esteban ribovics,4.25,1.22,2026-08-08T03:11:24Z
2026-08-08T03:12:05+00:00,Coolbet,h2h,edson barboza,esteban ribovics,4.15,1.25,2026-08-08T03:11:58Z
2026-08-08T03:12:05+00:00,Winamax (FR),h2h,edson barboza,esteban ribovics,3.55,1.2,2026-08-08T03:11:03Z
2026-08-08T03:12:05+00:00,BetOnline.ag,h2h,gable steveson,sean sharaf,1.07,7.0,2026-08-08T03:10:16Z
2026-08-08T03:12:05+00:00,DraftKings,h2h,gable steveson,sean sharaf,1.09,8.0,2026-08-08T03:11:24Z
2026-08-08T03:12:05+00:00,1xBet,h2h,gable steveson,sean sharaf,1.09,7.55,2026-08-08T03:11:46Z
2026-08-08T03:12:05+00:00,FanDuel,h2h,gianni vazquez,miles johns,2.42,1.6,2026-08-08T03:11:45Z
2026-08-08T03:12:05+00:00,Paddy Power,h2h,gianni vazquez,miles johns,2.38,1.57,2026-08-08T03:11:02Z
2026-08-08T03:12:05+00:00,Betfair Sportsbook,h2h,gianni vazquez,miles johns,2.38,1.57,2026-08-08T03:11:35Z
2026-08-08T03:12:05+00:00,1xBet,h2h,gianni vazquez,miles johns,2.3,1.62,2026-08-08T03:11:46Z
2026-08-08T03:12:05+00:00,BetOnline.ag,h2h,gianni vazquez,miles johns,2.49,1.59,2026-08-08T03:10:16Z
2026-08-08T03:12:05+00:00,Betway,h2h,gianni vazquez,miles johns,2.4,1.57,2026-08-08T03:11:48Z
2026-08-08T03:12:05+00:00,Pinnacle,h2h,gianni vazquez,miles johns,2.42,1.61,2026-08-08T03:11:55Z
2026-08-08T03:12:05+00:00,Unibet (UK),h2h,gianni vazquez,miles johns,2.45,1.56,2026-08-08T03:11:46Z
2026-08-08T03:12:05+00:00,BetRivers,h2h,gianni vazquez,miles johns,2.38,1.57,2026-08-08T03:11:24Z
2026-08-08T03:12:05+00:00,Virgin Bet,h2h,gianni vazquez,miles johns,2.38,1.58,2026-08-08T03:11:03Z
2026-08-08T03:12:05+00:00,Grosvenor,h2h,gianni vazquez,miles johns,2.25,1.51,2026-08-08T03:11:24Z
2026-08-08T03:12:05+00:00,LiveScore Bet,h2h,gianni vazquez,miles johns,2.38,1.58,2026-08-08T03:11:35Z
2026-08-08T03:12:05+00:00,BetAnything,h2h,gianni vazquez,miles johns,2.4,1.59,2026-08-08T03:11:35Z
2026-08-08T03:12:05+00:00,Coolbet,h2h,gianni vazquez,miles johns,2.35,1.63,2026-08-08T03:11:58Z
2026-08-08T03:12:05+00:00,Betfair,h2h,gianni vazquez,miles johns,2.24,1.55,2026-08-08T03:11:45Z
2026-08-08T03:12:05+00:00,Betfair,h2h,gianni vazquez,miles johns,2.24,1.55,2026-08-08T03:11:45Z
2026-08-08T03:12:05+00:00,Matchbook,h2h,gianni vazquez,miles johns,2.5,1.56,2026-08-08T03:11:45Z
2026-08-08T03:12:05+00:00,DraftKings,h2h,gillian robertson,mackenzie dern,3.0,1.41,2026-08-08T03:11:24Z
2026-08-08T03:12:05+00:00,Betclic (FR),h2h,gillian robertson,mackenzie dern,2.97,1.34,2026-08-08T03:10:24Z
2026-08-08T03:12:05+00:00,BetOnline.ag,h2h,gillian robertson,mackenzie dern,3.07,1.4,2026-08-08T03:10:16Z
2026-08-08T03:12:05+00:00,1xBet,h2h,gillian robertson,mackenzie dern,2.95,1.44,2026-08-08T03:11:46Z
2026-08-08T03:12:05+00:00,FanDuel,h2h,gillian robertson,mackenzie dern,3.0,1.38,2026-08-08T03:11:45Z
2026-08-08T03:12:05+00:00,Paddy Power,h2h,gillian robertson,mackenzie dern,2.88,1.4,2026-08-08T03:11:02Z
2026-08-08T03:12:05+00:00,LiveScore Bet,h2h,gillian robertson,mackenzie dern,2.88,1.42,2026-08-08T03:11:35Z
2026-08-08T03:12:05+00:00,Grosvenor,h2h,gillian robertson,mackenzie dern,2.7,1.36,2026-08-08T03:11:24Z
2026-08-08T03:12:05+00:00,Virgin Bet,h2h,gillian robertson,mackenzie dern,2.88,1.42,2026-08-08T03:11:03Z
2026-08-08T03:12:05+00:00,Winamax (FR),h2h,gillian robertson,mackenzie dern,2.85,1.36,2026-08-08T03:11:03Z
2026-08-08T03:12:05+00:00,Marathon Bet,h2h,gillian robertson,mackenzie dern,2.86,1.4,2026-08-08T03:11:03Z
2026-08-08T03:12:05+00:00,Pinnacle,h2h,gillian robertson,mackenzie dern,3.01,1.42,2026-08-08T03:11:55Z
2026-08-08T03:12:05+00:00,Coolbet,h2h,gillian robertson,mackenzie dern,2.9,1.44,2026-08-08T03:11:58Z
2026-08-08T03:12:05+00:00,Unibet (FR),h2h,gillian robertson,mackenzie dern,2.7,1.33,2026-08-08T03:11:13Z
2026-08-08T03:12:05+00:00,Unibet (UK),h2h,gillian robertson,mackenzie dern,2.9,1.38,2026-08-08T03:11:46Z
2026-08-08T03:12:05+00:00,BetRivers,h2h,gillian robertson,mackenzie dern,2.88,1.42,2026-08-08T03:11:24Z
2026-08-08T03:12:05+00:00,888sport,h2h,gillian robertson,mackenzie dern,2.95,1.4,2026-08-08T03:11:45Z
2026-08-08T03:12:05+00:00,BetOnline.ag,h2h,guilherme pat,steven asplund,3.52,1.32,2026-08-08T03:10:16Z
2026-08-08T03:12:05+00:00,1xBet,h2h,guilherme pat,steven asplund,3.26,1.32,2026-08-08T03:11:46Z
2026-08-08T03:12:05+00:00,Pinnacle,h2h,guilherme pat,steven asplund,3.47,1.34,2026-08-08T03:11:55Z
2026-08-08T03:12:05+00:00,BetUS,h2h,guilherme pat,steven asplund,3.54,1.32,2026-08-08T03:11:44Z
2026-08-08T03:12:05+00:00,Unibet (UK),h2h,guilherme pat,steven asplund,3.45,1.32,2026-08-08T03:11:46Z
2026-08-08T03:12:05+00:00,888sport,h2h,guilherme pat,steven asplund,3.4,1.3,2026-08-08T03:11:45Z
2026-08-08T03:12:05+00:00,Nordic Bet,h2h,guilherme pat,steven asplund,3.35,1.34,2026-08-08T03:11:48Z
2026-08-08T03:12:05+00:00,Betsson,h2h,guilherme pat,steven asplund,3.35,1.34,2026-08-08T03:11:37Z
2026-08-08T03:12:05+00:00,DraftKings,h2h,guilherme pat,steven asplund,3.4,1.34,2026-08-08T03:11:24Z
2026-08-08T03:12:05+00:00,Grosvenor,h2h,guilherme pat,steven asplund,3.2,1.27,2026-08-08T03:11:24Z
2026-08-08T03:12:05+00:00,Virgin Bet,h2h,guilherme pat,steven asplund,3.4,1.32,2026-08-08T03:11:03Z
2026-08-08T03:12:05+00:00,BetRivers,h2h,guilherme pat,steven asplund,3.4,1.32,2026-08-08T03:11:24Z
2026-08-08T03:12:05+00:00,LiveScore Bet,h2h,guilherme pat,steven asplund,3.4,1.32,2026-08-08T03:11:35Z
2026-08-08T03:12:05+00:00,Coolbet,h2h,guilherme pat,steven asplund,3.45,1.33,2026-08-08T03:11:58Z
2026-08-08T03:12:05+00:00,FanDuel,h2h,guilherme pat,steven asplund,3.4,1.34,2026-08-08T03:11:45Z
2026-08-08T03:12:05+00:00,Betfair Sportsbook,h2h,guilherme pat,steven asplund,3.25,1.33,2026-08-08T03:11:35Z
2026-08-08T03:12:05+00:00,Paddy Power,h2h,guilherme pat,steven asplund,3.25,1.33,2026-08-08T03:11:02Z
2026-08-08T03:12:05+00:00,Bovada,h2h,guilherme pat,steven asplund,3.55,1.32,2026-08-08T03:08:59Z
2026-08-08T03:12:05+00:00,Betway,h2h,guilherme pat,steven asplund,3.1,1.36,2026-08-08T03:11:48Z
2026-08-08T03:12:05+00:00,Betfair,h2h,guilherme pat,steven asplund,3.6,1.36,2026-08-08T03:11:45Z
2026-08-08T03:12:05+00:00,Betfair,h2h,guilherme pat,steven asplund,3.6,1.36,2026-08-08T03:11:45Z
2026-08-08T03:12:05+00:00,BetAnything,h2h,guilherme pat,steven asplund,3.4,1.32,2026-08-08T03:11:35Z
2026-08-08T03:12:05+00:00,Matchbook,h2h,guilherme pat,steven asplund,3.6,1.37,2026-08-08T03:11:45Z
2026-08-08T03:12:05+00:00,DraftKings,h2h,ian garry,islam makhachev,3.75,1.29,2026-08-08T03:11:24Z
2026-08-08T03:12:05+00:00,Betclic (FR),h2h,ian garry,islam makhachev,3.9,1.22,2026-08-08T03:10:24Z
2026-08-08T03:12:05+00:00,BetOnline.ag,h2h,ian garry,islam makhachev,4.03,1.26,2026-08-08T03:10:16Z
2026-08-08T03:12:05+00:00,FanDuel,h2h,ian garry,islam makhachev,3.8,1.26,2026-08-08T03:11:45Z
2026-08-08T03:12:05+00:00,Paddy Power,h2h,ian garry,islam makhachev,3.5,1.29,2026-08-08T03:11:02Z
2026-08-08T03:12:05+00:00,1xBet,h2h,ian garry,islam makhachev,4.55,1.21,2026-08-08T03:11:46Z
2026-08-08T03:12:05+00:00,Winamax (FR),h2h,ian garry,islam makhachev,3.65,1.23,2026-08-08T03:11:03Z
2026-08-08T03:12:05+00:00,Virgin Bet,h2h,ian garry,islam makhachev,3.7,1.28,2026-08-08T03:11:03Z
2026-08-08T03:12:05+00:00,LiveScore Bet,h2h,ian garry,islam makhachev,3.7,1.28,2026-08-08T03:11:35Z
2026-08-08T03:12:05+00:00,Grosvenor,h2h,ian garry,islam makhachev,3.45,1.24,2026-08-08T03:11:24Z
2026-08-08T03:12:05+00:00,Pinnacle,h2h,ian garry,islam makhachev,3.81,1.29,2026-08-08T03:11:55Z
2026-08-08T03:12:05+00:00,Coolbet,h2h,ian garry,islam makhachev,3.7,1.3,2026-08-08T03:11:58Z
2026-08-08T03:12:05+00:00,BetRivers,h2h,ian garry,islam makhachev,3.7,1.28,2026-08-08T03:11:24Z
2026-08-08T03:12:05+00:00,888sport,h2h,ian garry,islam makhachev,3.6,1.29,2026-08-08T03:11:45Z
2026-08-08T03:12:05+00:00,Betfair,h2h,ian garry,islam makhachev,3.9,1.32,2026-08-08T03:11:45Z
2026-08-08T03:12:05+00:00,Betfair,h2h,ian garry,islam makhachev,3.9,1.32,2026-08-08T03:11:45Z
2026-08-08T03:12:05+00:00,Matchbook,h2h,ian garry,islam makhachev,3.9,1.32,2026-08-08T03:11:45Z
2026-08-08T03:12:05+00:00,BetOnline.ag,h2h,ilia topuria,justin gaethje,1.4,3.1,2026-08-08T03:10:16Z
2026-08-08T03:12:05+00:00,BetOnline.ag,h2h,islam makhachev,kamaru usman,1.3,3.7,2026-08-08T03:10:16Z
2026-08-08T03:12:05+00:00,BetOnline.ag,h2h,jalin turner,kaue fernandes,1.65,2.35,2026-08-08T03:10:16Z
2026-08-08T03:12:05+00:00,1xBet,h2h,jalin turner,kaue fernandes,1.61,2.14,2026-08-08T03:11:46Z
2026-08-08T03:12:05+00:00,Pinnacle,h2h,jalin turner,kaue fernandes,1.69,2.24,2026-08-08T03:11:55Z
2026-08-08T03:12:05+00:00,Unibet (UK),h2h,jalin turner,kaue fernandes,1.6,2.25,2026-08-08T03:11:46Z
2026-08-08T03:12:05+00:00,Betsson,h2h,jalin turner,kaue fernandes,1.65,2.2,2026-08-08T03:11:37Z
2026-08-08T03:12:05+00:00,Nordic Bet,h2h,jalin turner,kaue fernandes,1.65,2.2,2026-08-08T03:11:48Z
2026-08-08T03:12:05+00:00,DraftKings,h2h,jalin turner,kaue fernandes,1.68,2.24,2026-08-08T03:11:24Z
2026-08-08T03:12:05+00:00,BetRivers,h2h,jalin turner,kaue fernandes,1.65,2.23,2026-08-08T03:11:24Z
2026-08-08T03:12:05+00:00,Virgin Bet,h2h,jalin turner,kaue fernandes,1.65,2.23,2026-08-08T03:11:03Z
2026-08-08T03:12:05+00:00,Grosvenor,h2h,jalin turner,kaue fernandes,1.6,2.12,2026-08-08T03:11:24Z
2026-08-08T03:12:05+00:00,LiveScore Bet,h2h,jalin turner,kaue fernandes,1.65,2.23,2026-08-08T03:11:35Z
2026-08-08T03:12:05+00:00,Coolbet,h2h,jalin turner,kaue fernandes,1.65,2.3,2026-08-08T03:11:58Z
2026-08-08T03:12:05+00:00,BetOnline.ag,h2h,jean silva,yair rodriguez,1.29,3.8,2026-08-08T03:10:16Z
2026-08-08T03:12:05+00:00,Betclic (FR),h2h,jean silva,yair rodriguez,1.28,3.3,2026-08-08T03:10:24Z
2026-08-08T03:12:05+00:00,1xBet,h2h,jean silva,yair rodriguez,1.36,3.63,2026-08-08T03:11:46Z
2026-08-08T03:12:05+00:00,DraftKings,h2h,jean silva,yair rodriguez,1.28,3.8,2026-08-08T03:11:24Z
2026-08-08T03:12:05+00:00,Winamax (FR),h2h,jean silva,yair rodriguez,1.28,2.95,2026-08-08T03:11:03Z
2026-08-08T03:12:05+00:00,Virgin Bet,h2h,jean silva,yair rodriguez,1.27,3.75,2026-08-08T03:11:03Z
2026-08-08T03:12:05+00:00,Grosvenor,h2h,jean silva,yair rodriguez,1.23,3.5,2026-08-08T03:11:24Z
2026-08-08T03:12:05+00:00,LiveScore Bet,h2h,jean silva,yair rodriguez,1.27,3.75,2026-08-08T03:11:35Z
2026-08-08T03:12:05+00:00,BetRivers,h2h,jean silva,yair rodriguez,1.27,3.75,2026-08-08T03:11:24Z
2026-08-08T03:12:05+00:00,Betway,h2h,jean silva,yair rodriguez,1.29,3.5,2026-08-08T03:11:48Z
2026-08-08T03:12:05+00:00,BetOnline.ag,h2h,jeremiah wells,myktybek orolbai,5.46,1.17,2026-08-08T03:10:16Z
2026-08-08T03:12:05+00:00,1xBet,h2h,jeremiah wells,myktybek orolbai,5.47,1.21,2026-08-08T03:11:46Z
2026-08-08T03:12:05+00:00,Pinnacle,h2h,jeremiah wells,myktybek orolbai,5.11,1.19,2026-08-08T03:11:55Z
2026-08-08T03:12:05+00:00,Betsson,h2h,jeremiah wells,myktybek orolbai,5.25,1.14,2026-08-08T03:11:37Z
2026-08-08T03:12:05+00:00,Nordic Bet,h2h,jeremiah wells,myktybek orolbai,5.25,1.14,2026-08-08T03:11:48Z
2026-08-08T03:12:05+00:00,DraftKings,h2h,jeremiah wells,myktybek orolbai,5.1,1.18,2026-08-08T03:11:24Z
2026-08-08T03:12:05+00:00,LiveScore Bet,h2h,jeremiah wells,myktybek orolbai,5.3,1.16,2026-08-08T03:11:35Z
2026-08-08T03:12:05+00:00,Virgin Bet,h2h,jeremiah wells,myktybek orolbai,5.3,1.16,2026-08-08T03:11:03Z
2026-08-08T03:12:05+00:00,BetRivers,h2h,jeremiah wells,myktybek orolbai,5.3,1.16,2026-08-08T03:11:24Z
2026-08-08T03:12:05+00:00,Grosvenor,h2h,jeremiah wells,myktybek orolbai,4.9,1.12,2026-08-08T03:11:24Z
2026-08-08T03:12:05+00:00,Coolbet,h2h,jeremiah wells,myktybek orolbai,5.4,1.17,2026-08-08T03:11:58Z
2026-08-08T03:12:05+00:00,BetOnline.ag,h2h,jiri prochazka,magomed ankalaev,2.74,1.5,2026-08-08T03:10:16Z
2026-08-08T03:12:05+00:00,Pinnacle,h2h,jose montanha,louie sutherland,2.7,1.51,2026-08-08T03:11:55Z
2026-08-08T03:12:05+00:00,DraftKings,h2h,jose montanha,louie sutherland,2.64,1.51,2026-08-08T03:11:24Z
2026-08-08T03:12:05+00:00,1xBet,h2h,jose montanha,louie sutherland,2.53,1.5,2026-08-08T03:11:46Z
2026-08-08T03:12:05+00:00,BetUS,h2h,jose montanha,louie sutherland,2.74,1.48,2026-08-08T03:11:44Z
2026-08-08T03:12:05+00:00,BetOnline.ag,h2h,jose montanha,louie sutherland,2.8,1.48,2026-08-08T03:10:16Z
2026-08-08T03:12:05+00:00,Coolbet,h2h,jose montanha,louie sutherland,2.62,1.52,2026-08-08T03:11:58Z
2026-08-08T03:12:05+00:00,Bovada,h2h,jose montanha,louie sutherland,2.68,1.51,2026-08-08T03:08:59Z
2026-08-08T03:12:05+00:00,Unibet (UK),h2h,jose montanha,louie sutherland,2.7,1.48,2026-08-08T03:11:46Z
2026-08-08T03:12:05+00:00,FanDuel,h2h,jose montanha,louie sutherland,2.54,1.54,2026-08-08T03:11:45Z
2026-08-08T03:12:05+00:00,Paddy Power,h2h,jose montanha,louie sutherland,2.5,1.53,2026-08-08T03:11:02Z
2026-08-08T03:12:05+00:00,Betfair Sportsbook,h2h,jose montanha,louie sutherland,2.5,1.53,2026-08-08T03:11:35Z
2026-08-08T03:12:05+00:00,Betway,h2h,jose montanha,louie sutherland,2.5,1.53,2026-08-08T03:11:48Z
2026-08-08T03:12:05+00:00,Betfair,h2h,jose montanha,louie sutherland,2.74,1.51,2026-08-08T03:11:45Z
2026-08-08T03:12:05+00:00,Betfair,h2h,jose montanha,louie sutherland,2.74,1.51,2026-08-08T03:11:45Z
2026-08-08T03:12:05+00:00,BetAnything,h2h,jose montanha,louie sutherland,2.6,1.53,2026-08-08T03:11:35Z
2026-08-08T03:12:05+00:00,Grosvenor,h2h,jose montanha,louie sutherland,2.43,1.45,2026-08-08T03:11:24Z
2026-08-08T03:12:05+00:00,Virgin Bet,h2h,jose montanha,louie sutherland,2.55,1.52,2026-08-08T03:11:03Z
2026-08-08T03:12:05+00:00,BetRivers,h2h,jose montanha,louie sutherland,2.55,1.51,2026-08-08T03:11:24Z
2026-08-08T03:12:05+00:00,LiveScore Bet,h2h,jose montanha,louie sutherland,2.55,1.52,2026-08-08T03:11:35Z
2026-08-08T03:12:05+00:00,Matchbook,h2h,jose montanha,louie sutherland,2.74,1.51,2026-08-08T03:11:45Z
2026-08-08T03:12:05+00:00,BetOnline.ag,h2h,joshua van,manel kape,2.65,1.53,2026-08-08T03:10:16Z
2026-08-08T03:12:05+00:00,BetOnline.ag,h2h,juliana miller,ravena oliveira,1.33,3.49,2026-08-08T03:10:16Z
2026-08-08T03:12:05+00:00,1xBet,h2h,juliana miller,ravena oliveira,1.29,3.42,2026-08-08T03:11:46Z
2026-08-08T03:12:05+00:00,Pinnacle,h2h,juliana miller,ravena oliveira,1.34,3.45,2026-08-08T03:11:55Z
2026-08-08T03:12:05+00:00,BetUS,h2h,juliana miller,ravena oliveira,1.33,3.5,2026-08-08T03:11:44Z
2026-08-08T03:12:05+00:00,Unibet (UK),h2h,juliana miller,ravena oliveira,1.32,3.45,2026-08-08T03:11:46Z
2026-08-08T03:12:05+00:00,888sport,h2h,juliana miller,ravena oliveira,1.3,3.4,2026-08-08T03:11:45Z
2026-08-08T03:12:05+00:00,Betsson,h2h,juliana miller,ravena oliveira,1.32,3.5,2026-08-08T03:11:37Z
2026-08-08T03:12:05+00:00,Nordic Bet,h2h,juliana miller,ravena oliveira,1.32,3.5,2026-08-08T03:11:48Z
2026-08-08T03:12:05+00:00,DraftKings,h2h,juliana miller,ravena oliveira,1.34,3.4,2026-08-08T03:11:24Z
2026-08-08T03:12:05+00:00,Grosvenor,h2h,juliana miller,ravena oliveira,1.28,3.15,2026-08-08T03:11:24Z
2026-08-08T03:12:05+00:00,Virgin Bet,h2h,juliana miller,ravena oliveira,1.33,3.35,2026-08-08T03:11:03Z
2026-08-08T03:12:05+00:00,BetRivers,h2h,juliana miller,ravena oliveira,1.33,3.35,2026-08-08T03:11:24Z
2026-08-08T03:12:05+00:00,LiveScore Bet,h2h,juliana miller,ravena oliveira,1.33,3.35,2026-08-08T03:11:35Z
2026-08-08T03:12:05+00:00,Coolbet,h2h,juliana miller,ravena oliveira,1.34,3.37,2026-08-08T03:11:58Z
2026-08-08T03:12:05+00:00,FanDuel,h2h,juliana miller,ravena oliveira,1.33,3.45,2026-08-08T03:11:45Z
2026-08-08T03:12:05+00:00,Betfair Sportsbook,h2h,juliana miller,ravena oliveira,1.33,3.25,2026-08-08T03:11:35Z
2026-08-08T03:12:05+00:00,Paddy Power,h2h,juliana miller,ravena oliveira,1.33,3.25,2026-08-08T03:11:02Z
2026-08-08T03:12:05+00:00,Bovada,h2h,juliana miller,ravena oliveira,1.32,3.55,2026-08-08T03:08:59Z
2026-08-08T03:12:05+00:00,Betway,h2h,juliana miller,ravena oliveira,1.3,3.5,2026-08-08T03:11:48Z
2026-08-08T03:12:05+00:00,Betfair,h2h,juliana miller,ravena oliveira,1.36,3.4,2026-08-08T03:11:45Z
2026-08-08T03:12:05+00:00,Betfair,h2h,juliana miller,ravena oliveira,1.36,3.4,2026-08-08T03:11:45Z
2026-08-08T03:12:05+00:00,BetAnything,h2h,juliana miller,ravena oliveira,1.32,3.4,2026-08-08T03:11:35Z
2026-08-08T03:12:05+00:00,Matchbook,h2h,juliana miller,ravena oliveira,1.36,3.4,2026-08-08T03:11:45Z
2026-08-08T03:12:05+00:00,BetOnline.ag,h2h,khamzat chimaev,paulo henrique costa,1.2,4.75,2026-08-08T03:10:16Z
2026-08-08T03:12:05+00:00,BetOnline.ag,h2h,khamzat chimaev,sean strickland,1.49,2.75,2026-08-08T03:10:16Z
2026-08-08T03:12:05+00:00,BetOnline.ag,h2h,lucas fernando,rafael tobias,1.43,2.92,2026-08-08T03:10:16Z
2026-08-08T03:12:05+00:00,Pinnacle,h2h,lucas fernando,rafael tobias,1.42,3.0,2026-08-08T03:11:55Z
2026-08-08T03:12:05+00:00,1xBet,h2h,lucas fernando,rafael tobias,1.43,2.94,2026-08-08T03:11:46Z
2026-08-08T03:12:05+00:00,Nordic Bet,h2h,lucas fernando,rafael tobias,1.44,2.7,2026-08-08T03:11:48Z
2026-08-08T03:12:05+00:00,Betsson,h2h,lucas fernando,rafael tobias,1.44,2.7,2026-08-08T03:11:37Z
2026-08-08T03:12:05+00:00,DraftKings,h2h,lucas fernando,rafael tobias,1.42,2.95,2026-08-08T03:11:24Z
2026-08-08T03:12:05+00:00,Virgin Bet,h2h,lucas fernando,rafael tobias,1.41,2.9,2026-08-08T03:11:03Z
2026-08-08T03:12:05+00:00,Grosvenor,h2h,lucas fernando,rafael tobias,1.36,2.75,2026-08-08T03:11:24Z
2026-08-08T03:12:05+00:00,LiveScore Bet,h2h,lucas fernando,rafael tobias,1.41,2.9,2026-08-08T03:11:35Z
2026-08-08T03:12:05+00:00,BetRivers,h2h,lucas fernando,rafael tobias,1.41,2.9,2026-08-08T03:11:24Z
2026-08-08T03:12:05+00:00,Coolbet,h2h,lucas fernando,rafael tobias,1.44,2.9,2026-08-08T03:11:58Z
2026-08-08T03:12:05+00:00,Unibet (UK),h2h,lucas fernando,rafael tobias,1.4,2.8,2026-08-08T03:11:46Z
2026-08-08T03:12:05+00:00,BetOnline.ag,h2h,manoel sousa,richie miranda,1.31,3.6,2026-08-08T03:10:16Z
2026-08-08T03:12:05+00:00,1xBet,h2h,manoel sousa,richie miranda,1.32,3.26,2026-08-08T03:11:46Z
2026-08-08T03:12:05+00:00,Unibet (UK),h2h,manoel sousa,richie miranda,1.3,3.5,2026-08-08T03:11:46Z
2026-08-08T03:12:05+00:00,Coolbet,h2h,manoel sousa,richie miranda,1.32,3.54,2026-08-08T03:11:58Z
2026-08-08T03:12:05+00:00,Pinnacle,h2h,manoel sousa,richie miranda,1.34,3.47,2026-08-08T03:11:55Z
2026-08-08T03:12:05+00:00,Betway,h2h,manoel sousa,richie miranda,1.3,3.5,2026-08-08T03:11:48Z
2026-08-08T03:12:05+00:00,FanDuel,h2h,manoel sousa,richie miranda,1.34,3.4,2026-08-08T03:11:45Z
2026-08-08T03:12:05+00:00,Paddy Power,h2h,manoel sousa,richie miranda,1.33,3.25,2026-08-08T03:11:02Z
2026-08-08T03:12:05+00:00,Betfair Sportsbook,h2h,manoel sousa,richie miranda,1.33,3.25,2026-08-08T03:11:35Z
2026-08-08T03:12:05+00:00,Betfair,h2h,manoel sousa,richie miranda,1.37,3.45,2026-08-08T03:11:45Z
2026-08-08T03:12:05+00:00,Betfair,h2h,manoel sousa,richie miranda,1.37,3.45,2026-08-08T03:11:45Z
2026-08-08T03:12:05+00:00,Bovada,h2h,manoel sousa,richie miranda,1.33,3.5,2026-08-08T03:08:59Z
2026-08-08T03:12:05+00:00,Virgin Bet,h2h,manoel sousa,richie miranda,1.32,3.4,2026-08-08T03:11:03Z
2026-08-08T03:12:05+00:00,BetRivers,h2h,manoel sousa,richie miranda,1.32,3.4,2026-08-08T03:11:24Z
2026-08-08T03:12:05+00:00,LiveScore Bet,h2h,manoel sousa,richie miranda,1.32,3.4,2026-08-08T03:11:35Z
2026-08-08T03:12:05+00:00,Grosvenor,h2h,manoel sousa,richie miranda,1.28,3.15,2026-08-08T03:11:24Z
2026-08-08T03:12:05+00:00,BetUS,h2h,manoel sousa,richie miranda,1.34,3.42,2026-08-08T03:11:44Z
2026-08-08T03:12:05+00:00,Nordic Bet,h2h,manoel sousa,richie miranda,1.31,3.6,2026-08-08T03:11:48Z
2026-08-08T03:12:05+00:00,Betsson,h2h,manoel sousa,richie miranda,1.31,3.6,2026-08-08T03:11:37Z
2026-08-08T03:12:05+00:00,888sport,h2h,manoel sousa,richie miranda,1.3,3.4,2026-08-08T03:11:45Z
2026-08-08T03:12:05+00:00,Matchbook,h2h,manoel sousa,richie miranda,1.37,3.65,2026-08-08T03:11:45Z
2026-08-08T03:12:05+00:00,DraftKings,h2h,manoel sousa,richie miranda,1.32,3.5,2026-08-08T03:11:24Z
2026-08-08T03:12:05+00:00,BetAnything,h2h,manoel sousa,richie miranda,1.32,3.35,2026-08-08T03:11:35Z
2026-08-08T03:12:05+00:00,BetOnline.ag,h2h,mateusz gamrot,quillan salkilld,2.12,1.76,2026-08-08T03:10:16Z
2026-08-08T03:12:05+00:00,Winamax (FR),h2h,mateusz gamrot,quillan salkilld,2.0,1.68,2026-08-08T03:11:03Z
2026-08-08T03:12:05+00:00,Betclic (FR),h2h,mateusz gamrot,quillan salkilld,2.1,1.65,2026-08-08T03:10:24Z
2026-08-08T03:12:05+00:00,1xBet,h2h,mateusz gamrot,quillan salkilld,2.16,1.71,2026-08-08T03:11:46Z
2026-08-08T03:12:05+00:00,Pinnacle,h2h,mateusz gamrot,quillan salkilld,2.18,1.74,2026-08-08T03:11:55Z
2026-08-08T03:12:05+00:00,BetUS,h2h,mateusz gamrot,quillan salkilld,2.14,1.74,2026-08-08T03:11:44Z
2026-08-08T03:12:05+00:00,Unibet (UK),h2h,mateusz gamrot,quillan salkilld,2.1,1.75,2026-08-08T03:11:46Z
2026-08-08T03:12:05+00:00,Nordic Bet,h2h,mateusz gamrot,quillan salkilld,2.25,1.67,2026-08-08T03:11:48Z
2026-08-08T03:12:05+00:00,Betsson,h2h,mateusz gamrot,quillan salkilld,2.25,1.67,2026-08-08T03:11:37Z
2026-08-08T03:12:05+00:00,DraftKings,h2h,mateusz gamrot,quillan salkilld,2.14,1.74,2026-08-08T03:11:24Z
2026-08-08T03:12:05+00:00,LiveScore Bet,h2h,mateusz gamrot,quillan salkilld,2.16,1.7,2026-08-08T03:11:35Z
2026-08-08T03:12:05+00:00,Grosvenor,h2h,mateusz gamrot,quillan salkilld,2.07,1.63,2026-08-08T03:11:24Z
2026-08-08T03:12:05+00:00,Virgin Bet,h2h,mateusz gamrot,quillan salkilld,2.16,1.7,2026-08-08T03:11:03Z
2026-08-08T03:12:05+00:00,BetRivers,h2h,mateusz gamrot,quillan salkilld,2.16,1.7,2026-08-08T03:11:24Z
2026-08-08T03:12:05+00:00,Coolbet,h2h,mateusz gamrot,quillan salkilld,2.13,1.75,2026-08-08T03:11:58Z
2026-08-08T03:12:05+00:00,FanDuel,h2h,mateusz gamrot,quillan salkilld,2.22,1.69,2026-08-08T03:11:45Z
2026-08-08T03:12:05+00:00,Paddy Power,h2h,mateusz gamrot,quillan salkilld,2.2,1.67,2026-08-08T03:11:02Z
2026-08-08T03:12:05+00:00,Bovada,h2h,mateusz gamrot,quillan salkilld,2.17,1.72,2026-08-08T03:08:59Z
2026-08-08T03:12:05+00:00,Betway,h2h,mateusz gamrot,quillan salkilld,2.1,1.73,2026-08-08T03:11:48Z
2026-08-08T03:12:05+00:00,Betfair,h2h,mateusz gamrot,quillan salkilld,2.24,1.78,2026-08-08T03:11:45Z
2026-08-08T03:12:05+00:00,Betfair,h2h,mateusz gamrot,quillan salkilld,2.24,1.78,2026-08-08T03:11:45Z
2026-08-08T03:12:05+00:00,PMU (FR),h2h,mateusz gamrot,quillan salkilld,2.16,1.7,2026-08-08T03:11:47Z
2026-08-08T03:12:05+00:00,BetAnything,h2h,mateusz gamrot,quillan salkilld,2.05,1.74,2026-08-08T03:11:35Z
2026-08-08T03:12:05+00:00,Matchbook,h2h,mateusz gamrot,quillan salkilld,2.26,1.78,2026-08-08T03:11:45Z
2026-08-08T03:12:05+00:00,Unibet (FR),h2h,mateusz gamrot,quillan salkilld,2.05,1.68,2026-08-08T03:11:13Z
2026-08-08T03:12:05+00:00,Marathon Bet,h2h,mateusz gamrot,quillan salkilld,2.13,1.68,2026-08-08T03:11:03Z
2026-08-08T03:12:05+00:00,BetOnline.ag,h2h,max holloway,paddy pimblett,1.56,2.55,2026-08-08T03:10:16Z
2026-08-08T03:12:05+00:00,BetOnline.ag,h2h,merab dvalishvili,petr yan,2.5,1.57,2026-08-08T03:10:16Z
2026-08-08T03:12:05+00:00,BetOnline.ag,h2h,nassourdine imavov,sean strickland,1.88,1.94,2026-08-08T03:10:16Z
2026-08-08T03:12:05+00:00,BetOnline.ag,h2h,natalia silva,valentina shevchenko,3.1,1.4,2026-08-08T03:10:16Z
2026-08-08T03:12:05+00:00,BetOnline.ag,h2h,neil magny,ramiz brahimaj,1.91,1.91,2026-08-08T03:10:16Z
2026-08-08T03:12:05+00:00,1xBet,h2h,neil magny,ramiz brahimaj,1.96,1.96,2026-08-08T03:11:46Z
2026-08-08T03:12:05+00:00,Pinnacle,h2h,neil magny,ramiz brahimaj,1.88,1.97,2026-08-08T03:11:55Z
2026-08-08T03:12:05+00:00,888sport,h2h,neil magny,ramiz brahimaj,1.91,1.91,2026-08-08T03:11:45Z
2026-08-08T03:12:05+00:00,Nordic Bet,h2h,neil magny,ramiz brahimaj,1.88,1.88,2026-08-08T03:11:48Z
2026-08-08T03:12:05+00:00,Betsson,h2h,neil magny,ramiz brahimaj,1.88,1.88,2026-08-08T03:11:37Z
2026-08-08T03:12:05+00:00,DraftKings,h2h,neil magny,ramiz brahimaj,1.87,1.95,2026-08-08T03:11:24Z
2026-08-08T03:12:05+00:00,LiveScore Bet,h2h,neil magny,ramiz brahimaj,1.9,1.9,2026-08-08T03:11:35Z
2026-08-08T03:12:05+00:00,Virgin Bet,h2h,neil magny,ramiz brahimaj,1.9,1.9,2026-08-08T03:11:03Z
2026-08-08T03:12:05+00:00,Grosvenor,h2h,neil magny,ramiz brahimaj,1.82,1.82,2026-08-08T03:11:24Z
2026-08-08T03:12:05+00:00,BetRivers,h2h,neil magny,ramiz brahimaj,1.89,1.89,2026-08-08T03:11:24Z
2026-08-08T03:12:05+00:00,Coolbet,h2h,neil magny,ramiz brahimaj,1.92,1.92,2026-08-08T03:11:58Z
2026-08-08T03:12:05+00:00,DraftKings,h2h,robelis despaigne,tai tuivasa,1.2,4.8,2026-08-08T03:11:24Z
2026-08-08T03:12:05+00:00,1xBet,h2h,robelis despaigne,tai tuivasa,1.23,4.66,2026-08-08T03:11:46Z
2026-08-08T03:12:05+00:00,BetOnline.ag,h2h,song yadong,umar nurmagomedov,4.5,1.22,2026-08-08T03:10:16Z
2026-08-08T03:12:05+00:00,Betclic (FR),h2h,song yadong,umar nurmagomedov,4.45,1.17,2026-08-08T03:10:24Z
2026-08-08T03:12:05+00:00,1xBet,h2h,song yadong,umar nurmagomedov,5.19,1.19,2026-08-08T03:11:46Z
2026-08-08T03:12:05+00:00,BetUS,h2h,song yadong,umar nurmagomedov,4.39,1.22,2026-08-08T03:11:44Z
2026-08-08T03:12:05+00:00,DraftKings,h2h,song yadong,umar nurmagomedov,4.5,1.22,2026-08-08T03:11:24Z
2026-08-08T03:12:05+00:00,Betway,h2h,song yadong,umar nurmagomedov,4.5,1.2,2026-08-08T03:11:48Z
2026-08-08T03:12:05+00:00,FanDuel,h2h,song yadong,umar nurmagomedov,4.5,1.19,2026-08-08T03:11:45Z
2026-08-08T03:12:05+00:00,Paddy Power,h2h,song yadong,umar nurmagomedov,4.5,1.2,2026-08-08T03:11:02Z
2026-08-08T03:12:05+00:00,Winamax (FR),h2h,song yadong,umar nurmagomedov,4.0,1.2,2026-08-08T03:11:03Z
2026-08-08T03:12:05+00:00,LiveScore Bet,h2h,song yadong,umar nurmagomedov,4.35,1.21,2026-08-08T03:11:35Z
2026-08-08T03:12:05+00:00,BetRivers,h2h,song yadong,umar nurmagomedov,4.35,1.21,2026-08-08T03:11:24Z
2026-08-08T03:12:05+00:00,Virgin Bet,h2h,song yadong,umar nurmagomedov,4.35,1.21,2026-08-08T03:11:03Z
2026-08-08T03:12:05+00:00,Grosvenor,h2h,song yadong,umar nurmagomedov,4.1,1.17,2026-08-08T03:11:24Z
2026-08-08T03:12:05+00:00,Coolbet,h2h,song yadong,umar nurmagomedov,4.5,1.22,2026-08-08T03:11:58Z
2026-08-08T03:12:05+00:00,BetOnline.ag,h2h,tresean gore,vicente luque,1.83,2.0,2026-08-08T03:10:16Z
2026-08-08T03:12:05+00:00,1xBet,h2h,tresean gore,vicente luque,1.81,2.2,2026-08-08T03:11:46Z
2026-08-08T03:12:05+00:00,Pinnacle,h2h,tresean gore,vicente luque,1.71,2.19,2026-08-08T03:11:55Z
2026-08-08T03:12:05+00:00,Unibet (UK),h2h,tresean gore,vicente luque,1.78,1.98,2026-08-08T03:11:46Z
2026-08-08T03:12:05+00:00,Nordic Bet,h2h,tresean gore,vicente luque,1.7,2.1,2026-08-08T03:11:48Z
2026-08-08T03:12:05+00:00,Betsson,h2h,tresean gore,vicente luque,1.7,2.1,2026-08-08T03:11:37Z
2026-08-08T03:12:05+00:00,DraftKings,h2h,tresean gore,vicente luque,1.7,2.2,2026-08-08T03:11:24Z
2026-08-08T03:12:05+00:00,Grosvenor,h2h,tresean gore,vicente luque,1.7,1.96,2026-08-08T03:11:24Z
2026-08-08T03:12:05+00:00,LiveScore Bet,h2h,tresean gore,vicente luque,1.76,2.07,2026-08-08T03:11:35Z
2026-08-08T03:12:05+00:00,BetRivers,h2h,tresean gore,vicente luque,1.76,2.07,2026-08-08T03:11:24Z
2026-08-08T03:12:05+00:00,Virgin Bet,h2h,tresean gore,vicente luque,1.76,2.07,2026-08-08T03:11:03Z
2026-08-08T03:12:05+00:00,Coolbet,h2h,tresean gore,vicente luque,1.77,2.1,2026-08-08T03:11:58Z
2026-08-08T03:12:41+00:00,FanDuel,h2h,aaron jeffery,joshua silveira,1.02,15.0,2026-08-08T03:12:17Z
2026-08-08T03:12:41+00:00,Winamax (FR),h2h,aaron jeffery,joshua silveira,1.01,20.0,2026-08-08T03:12:07Z
2026-08-08T03:12:41+00:00,Grosvenor,h2h,aaron jeffery,joshua silveira,1.03,11.5,2026-08-08T03:12:29Z
2026-08-08T03:12:41+00:00,BetOnline.ag,h2h,alex pereira,josh hokit,2.4,1.62,2026-08-08T03:10:16Z
2026-08-08T03:12:41+00:00,DraftKings,h2h,alexandre pantoja,joshua van,1.85,1.98,2026-08-08T03:11:24Z
2026-08-08T03:12:41+00:00,Betclic (FR),h2h,alexandre pantoja,joshua van,1.85,1.85,2026-08-08T03:10:24Z
2026-08-08T03:12:41+00:00,1xBet,h2h,alexandre pantoja,joshua van,1.96,1.96,2026-08-08T03:11:46Z
2026-08-08T03:12:41+00:00,BetRivers,h2h,alexandre pantoja,joshua van,1.83,1.97,2026-08-08T03:12:30Z
2026-08-08T03:12:41+00:00,Virgin Bet,h2h,alexandre pantoja,joshua van,1.83,1.98,2026-08-08T03:12:07Z
2026-08-08T03:12:41+00:00,Grosvenor,h2h,alexandre pantoja,joshua van,1.75,1.88,2026-08-08T03:12:29Z
2026-08-08T03:12:41+00:00,LiveScore Bet,h2h,alexandre pantoja,joshua van,1.83,1.98,2026-08-08T03:12:39Z
2026-08-08T03:12:41+00:00,Winamax (FR),h2h,alexandre pantoja,joshua van,1.74,1.84,2026-08-08T03:12:07Z
2026-08-08T03:12:41+00:00,BetOnline.ag,h2h,alexia thainara,amanda lemos,1.38,3.15,2026-08-08T03:10:16Z
2026-08-08T03:12:41+00:00,1xBet,h2h,alexia thainara,amanda lemos,1.37,3.15,2026-08-08T03:11:46Z
2026-08-08T03:12:41+00:00,Pinnacle,h2h,alexia thainara,amanda lemos,1.4,3.15,2026-08-08T03:12:39Z
2026-08-08T03:12:41+00:00,BetUS,h2h,alexia thainara,amanda lemos,1.38,3.14,2026-08-08T03:11:44Z
2026-08-08T03:12:41+00:00,Unibet (UK),h2h,alexia thainara,amanda lemos,1.36,3.15,2026-08-08T03:11:46Z
2026-08-08T03:12:41+00:00,Nordic Bet,h2h,alexia thainara,amanda lemos,1.35,3.35,2026-08-08T03:11:48Z
2026-08-08T03:12:41+00:00,Betsson,h2h,alexia thainara,amanda lemos,1.35,3.35,2026-08-08T03:12:39Z
2026-08-08T03:12:41+00:00,DraftKings,h2h,alexia thainara,amanda lemos,1.38,3.15,2026-08-08T03:11:24Z
2026-08-08T03:12:41+00:00,Virgin Bet,h2h,alexia thainara,amanda lemos,1.37,3.1,2026-08-08T03:12:07Z
2026-08-08T03:12:41+00:00,LiveScore Bet,h2h,alexia thainara,amanda lemos,1.37,3.1,2026-08-08T03:12:39Z
2026-08-08T03:12:41+00:00,BetRivers,h2h,alexia thainara,amanda lemos,1.36,3.1,2026-08-08T03:12:30Z
2026-08-08T03:12:41+00:00,Grosvenor,h2h,alexia thainara,amanda lemos,1.33,2.9,2026-08-08T03:12:29Z
2026-08-08T03:12:41+00:00,Coolbet,h2h,alexia thainara,amanda lemos,1.37,3.22,2026-08-08T03:11:58Z
2026-08-08T03:12:41+00:00,FanDuel,h2h,alexia thainara,amanda lemos,1.4,3.05,2026-08-08T03:12:17Z
2026-08-08T03:12:41+00:00,Betfair Sportsbook,h2h,alexia thainara,amanda lemos,1.4,2.88,2026-08-08T03:12:39Z
2026-08-08T03:12:41+00:00,Paddy Power,h2h,alexia thainara,amanda lemos,1.4,2.88,2026-08-08T03:11:02Z
2026-08-08T03:12:41+00:00,Bovada,h2h,alexia thainara,amanda lemos,1.38,3.15,2026-08-08T03:08:59Z
2026-08-08T03:12:41+00:00,Betclic (FR),h2h,alexia thainara,amanda lemos,1.32,3.1,2026-08-08T03:10:24Z
2026-08-08T03:12:41+00:00,Betway,h2h,alexia thainara,amanda lemos,1.36,3.1,2026-08-08T03:11:48Z
2026-08-08T03:12:41+00:00,Betfair,h2h,alexia thainara,amanda lemos,1.43,3.2,2026-08-08T03:12:28Z
2026-08-08T03:12:41+00:00,Betfair,h2h,alexia thainara,amanda lemos,1.43,3.2,2026-08-08T03:12:28Z
2026-08-08T03:12:41+00:00,PMU (FR),h2h,alexia thainara,amanda lemos,1.36,3.1,2026-08-08T03:11:47Z
2026-08-08T03:12:41+00:00,BetAnything,h2h,alexia thainara,amanda lemos,1.38,3.05,2026-08-08T03:12:39Z
2026-08-08T03:12:41+00:00,Winamax (FR),h2h,alexia thainara,amanda lemos,1.34,2.95,2026-08-08T03:12:07Z
2026-08-08T03:12:41+00:00,Matchbook,h2h,alexia thainara,amanda lemos,1.43,3.2,2026-08-08T03:12:28Z
2026-08-08T03:12:41+00:00,Marathon Bet,h2h,alexia thainara,amanda lemos,1.36,3.04,2026-08-08T03:12:06Z
2026-08-08T03:12:41+00:00,Unibet (FR),h2h,alexia thainara,amanda lemos,1.33,3.05,2026-08-08T03:12:18Z
2026-08-08T03:12:41+00:00,BetOnline.ag,h2h,ananias mulumba,tom pagliarulo,1.59,2.3,2026-08-08T03:10:16Z
2026-08-08T03:12:41+00:00,BetOnline.ag,h2h,arman tsarukyan,justin gaethje,1.2,4.85,2026-08-08T03:10:16Z
2026-08-08T03:12:41+00:00,DraftKings,h2h,arman tsarukyan,mauricio ruffy,1.28,3.85,2026-08-08T03:11:24Z
2026-08-08T03:12:41+00:00,Betclic (FR),h2h,arman tsarukyan,mauricio ruffy,1.21,4.0,2026-08-08T03:10:24Z
2026-08-08T03:12:41+00:00,Winamax (FR),h2h,arman tsarukyan,mauricio ruffy,1.23,3.3,2026-08-08T03:12:07Z
2026-08-08T03:12:41+00:00,1xBet,h2h,arman tsarukyan,mauricio ruffy,1.28,4.14,2026-08-08T03:11:46Z
2026-08-08T03:12:41+00:00,BetOnline.ag,h2h,billy goff,ty miller,4.1,1.26,2026-08-08T03:10:16Z
2026-08-08T03:12:41+00:00,1xBet,h2h,billy goff,ty miller,4.22,1.23,2026-08-08T03:11:46Z
2026-08-08T03:12:41+00:00,Pinnacle,h2h,billy goff,ty miller,4.3,1.25,2026-08-08T03:12:39Z
2026-08-08T03:12:41+00:00,BetUS,h2h,billy goff,ty miller,4.3,1.23,2026-08-08T03:11:44Z
2026-08-08T03:12:41+00:00,Unibet (UK),h2h,billy goff,ty miller,4.1,1.24,2026-08-08T03:11:46Z
2026-08-08T03:12:41+00:00,888sport,h2h,billy goff,ty miller,4.0,1.25,2026-08-08T03:11:45Z
2026-08-08T03:12:41+00:00,Betsson,h2h,billy goff,ty miller,4.15,1.24,2026-08-08T03:12:39Z
2026-08-08T03:12:41+00:00,Nordic Bet,h2h,billy goff,ty miller,4.15,1.24,2026-08-08T03:11:48Z
2026-08-08T03:12:41+00:00,DraftKings,h2h,billy goff,ty miller,4.3,1.24,2026-08-08T03:11:24Z
2026-08-08T03:12:41+00:00,Coolbet,h2h,billy goff,ty miller,3.9,1.28,2026-08-08T03:11:58Z
2026-08-08T03:12:41+00:00,Virgin Bet,h2h,billy goff,ty miller,4.1,1.24,2026-08-08T03:12:07Z
2026-08-08T03:12:41+00:00,BetRivers,h2h,billy goff,ty miller,4.1,1.24,2026-08-08T03:12:30Z
2026-08-08T03:12:41+00:00,Grosvenor,h2h,billy goff,ty miller,3.85,1.19,2026-08-08T03:12:29Z
2026-08-08T03:12:41+00:00,LiveScore Bet,h2h,billy goff,ty miller,4.1,1.24,2026-08-08T03:12:39Z
2026-08-08T03:12:41+00:00,Betfair Sportsbook,h2h,billy goff,ty miller,3.75,1.25,2026-08-08T03:12:39Z
2026-08-08T03:12:41+00:00,Paddy Power,h2h,billy goff,ty miller,3.75,1.25,2026-08-08T03:11:02Z
2026-08-08T03:12:41+00:00,FanDuel,h2h,billy goff,ty miller,4.1,1.26,2026-08-08T03:12:17Z
2026-08-08T03:12:41+00:00,Bovada,h2h,billy goff,ty miller,4.15,1.25,2026-08-08T03:08:59Z
2026-08-08T03:12:41+00:00,Betclic (FR),h2h,billy goff,ty miller,4.0,1.21,2026-08-08T03:10:24Z
2026-08-08T03:12:41+00:00,Betway,h2h,billy goff,ty miller,4.0,1.25,2026-08-08T03:11:48Z
2026-08-08T03:12:41+00:00,Betfair,h2h,billy goff,ty miller,4.5,1.26,2026-08-08T03:12:28Z
2026-08-08T03:12:41+00:00,Betfair,h2h,billy goff,ty miller,4.5,1.26,2026-08-08T03:12:28Z
2026-08-08T03:12:41+00:00,PMU (FR),h2h,billy goff,ty miller,4.1,1.24,2026-08-08T03:11:47Z
2026-08-08T03:12:41+00:00,BetAnything,h2h,billy goff,ty miller,3.65,1.24,2026-08-08T03:12:39Z
2026-08-08T03:12:41+00:00,Winamax (FR),h2h,billy goff,ty miller,3.55,1.2,2026-08-08T03:12:07Z
2026-08-08T03:12:41+00:00,Matchbook,h2h,billy goff,ty miller,4.5,1.26,2026-08-08T03:12:28Z
2026-08-08T03:12:41+00:00,BetOnline.ag,h2h,billy quarantillo,carlos diego ferreira,2.57,1.56,2026-08-08T03:10:16Z
2026-08-08T03:12:41+00:00,1xBet,h2h,billy quarantillo,carlos diego ferreira,2.44,1.56,2026-08-08T03:11:46Z
2026-08-08T03:12:41+00:00,Pinnacle,h2h,billy quarantillo,carlos diego ferreira,2.51,1.57,2026-08-08T03:12:40Z
2026-08-08T03:12:41+00:00,BetUS,h2h,billy quarantillo,carlos diego ferreira,2.48,1.56,2026-08-08T03:11:44Z
2026-08-08T03:12:41+00:00,Unibet (UK),h2h,billy quarantillo,carlos diego ferreira,2.5,1.53,2026-08-08T03:11:46Z
2026-08-08T03:12:41+00:00,888sport,h2h,billy quarantillo,carlos diego ferreira,2.5,1.53,2026-08-08T03:11:45Z
2026-08-08T03:12:41+00:00,Nordic Bet,h2h,billy quarantillo,carlos diego ferreira,2.4,1.6,2026-08-08T03:11:48Z
2026-08-08T03:12:41+00:00,Betsson,h2h,billy quarantillo,carlos diego ferreira,2.4,1.6,2026-08-08T03:12:39Z
2026-08-08T03:12:41+00:00,DraftKings,h2h,billy quarantillo,carlos diego ferreira,2.5,1.56,2026-08-08T03:11:24Z
2026-08-08T03:12:41+00:00,LiveScore Bet,h2h,billy quarantillo,carlos diego ferreira,2.43,1.56,2026-08-08T03:12:39Z
2026-08-08T03:12:41+00:00,Grosvenor,h2h,billy quarantillo,carlos diego ferreira,2.3,1.5,2026-08-08T03:12:29Z
2026-08-08T03:12:41+00:00,Virgin Bet,h2h,billy quarantillo,carlos diego ferreira,2.43,1.56,2026-08-08T03:12:07Z
2026-08-08T03:12:41+00:00,BetRivers,h2h,billy quarantillo,carlos diego ferreira,2.43,1.56,2026-08-08T03:12:30Z
2026-08-08T03:12:41+00:00,Marathon Bet,h2h,billy quarantillo,carlos diego ferreira,2.43,1.53,2026-08-08T03:12:06Z
2026-08-08T03:12:41+00:00,Coolbet,h2h,billy quarantillo,carlos diego ferreira,2.5,1.56,2026-08-08T03:11:58Z
2026-08-08T03:12:41+00:00,Betclic (FR),h2h,billy quarantillo,carlos diego ferreira,2.43,1.5,2026-08-08T03:10:24Z
2026-08-08T03:12:41+00:00,FanDuel,h2h,billy quarantillo,carlos diego ferreira,2.48,1.57,2026-08-08T03:12:17Z
2026-08-08T03:12:41+00:00,Paddy Power,h2h,billy quarantillo,carlos diego ferreira,2.38,1.57,2026-08-08T03:11:02Z
2026-08-08T03:12:41+00:00,Bovada,h2h,billy quarantillo,carlos diego ferreira,2.47,1.58,2026-08-08T03:08:59Z
2026-08-08T03:12:41+00:00,Unibet (FR),h2h,billy quarantillo,carlos diego ferreira,2.45,1.49,2026-08-08T03:12:18Z
2026-08-08T03:12:41+00:00,Betway,h2h,billy quarantillo,carlos diego ferreira,2.4,1.57,2026-08-08T03:11:48Z
2026-08-08T03:12:41+00:00,Betfair,h2h,billy quarantillo,carlos diego ferreira,2.66,1.57,2026-08-08T03:12:28Z
2026-08-08T03:12:41+00:00,Betfair,h2h,billy quarantillo,carlos diego ferreira,2.66,1.57,2026-08-08T03:12:28Z
2026-08-08T03:12:41+00:00,PMU (FR),h2h,billy quarantillo,carlos diego ferreira,2.43,1.56,2026-08-08T03:11:47Z
2026-08-08T03:12:41+00:00,BetAnything,h2h,billy quarantillo,carlos diego ferreira,2.5,1.56,2026-08-08T03:12:39Z
2026-08-08T03:12:41+00:00,Winamax (FR),h2h,billy quarantillo,carlos diego ferreira,2.4,1.5,2026-08-08T03:12:07Z
2026-08-08T03:12:41+00:00,Matchbook,h2h,billy quarantillo,carlos diego ferreira,2.66,1.57,2026-08-08T03:12:28Z
2026-08-08T03:12:41+00:00,BetOnline.ag,h2h,bruno lopes,diyar nurgozhay,2.3,1.67,2026-08-08T03:10:16Z
2026-08-08T03:12:41+00:00,1xBet,h2h,bruno lopes,diyar nurgozhay,2.22,1.63,2026-08-08T03:11:46Z
2026-08-08T03:12:41+00:00,Pinnacle,h2h,bruno lopes,diyar nurgozhay,2.36,1.64,2026-08-08T03:12:39Z
2026-08-08T03:12:41+00:00,BetUS,h2h,bruno lopes,diyar nurgozhay,2.3,1.65,2026-08-08T03:11:44Z
2026-08-08T03:12:41+00:00,Unibet (UK),h2h,bruno lopes,diyar nurgozhay,2.3,1.63,2026-08-08T03:11:46Z
2026-08-08T03:12:41+00:00,Betsson,h2h,bruno lopes,diyar nurgozhay,2.25,1.67,2026-08-08T03:12:39Z
2026-08-08T03:12:41+00:00,Nordic Bet,h2h,bruno lopes,diyar nurgozhay,2.25,1.67,2026-08-08T03:11:48Z
2026-08-08T03:12:41+00:00,DraftKings,h2h,bruno lopes,diyar nurgozhay,2.3,1.65,2026-08-08T03:11:24Z
2026-08-08T03:12:41+00:00,Coolbet,h2h,bruno lopes,diyar nurgozhay,2.3,1.65,2026-08-08T03:11:58Z
2026-08-08T03:12:41+00:00,FanDuel,h2h,bruno lopes,diyar nurgozhay,2.32,1.64,2026-08-08T03:12:17Z
2026-08-08T03:12:41+00:00,Betfair Sportsbook,h2h,bruno lopes,diyar nurgozhay,2.25,1.62,2026-08-08T03:12:39Z
2026-08-08T03:12:41+00:00,Paddy Power,h2h,bruno lopes,diyar nurgozhay,2.25,1.62,2026-08-08T03:11:02Z
2026-08-08T03:12:41+00:00,Bovada,h2h,bruno lopes,diyar nurgozhay,2.3,1.67,2026-08-08T03:08:59Z
2026-08-08T03:12:41+00:00,LiveScore Bet,h2h,bruno lopes,diyar nurgozhay,2.23,1.65,2026-08-08T03:12:39Z
2026-08-08T03:12:41+00:00,Virgin Bet,h2h,bruno lopes,diyar nurgozhay,2.23,1.65,2026-08-08T03:12:07Z
2026-08-08T03:12:41+00:00,Grosvenor,h2h,bruno lopes,diyar nurgozhay,2.12,1.6,2026-08-08T03:12:29Z
2026-08-08T03:12:41+00:00,BetRivers,h2h,bruno lopes,diyar nurgozhay,2.23,1.65,2026-08-08T03:12:30Z
2026-08-08T03:12:41+00:00,Betway,h2h,bruno lopes,diyar nurgozhay,2.2,1.67,2026-08-08T03:11:48Z
2026-08-08T03:12:41+00:00,Betfair,h2h,bruno lopes,diyar nurgozhay,2.46,1.65,2026-08-08T03:12:28Z
2026-08-08T03:12:41+00:00,Betfair,h2h,bruno lopes,diyar nurgozhay,2.46,1.65,2026-08-08T03:12:28Z
2026-08-08T03:12:41+00:00,BetAnything,h2h,bruno lopes,diyar nurgozhay,2.3,1.62,2026-08-08T03:12:39Z
2026-08-08T03:12:41+00:00,Matchbook,h2h,bruno lopes,diyar nurgozhay,2.46,1.65,2026-08-08T03:12:28Z
2026-08-08T03:12:41+00:00,BetOnline.ag,h2h,bryan battle,dalton rosta,1.74,2.15,2026-08-08T03:10:16Z
2026-08-08T03:12:41+00:00,Winamax (FR),h2h,bryan battle,dalton rosta,1.62,1.96,2026-08-08T03:12:07Z
2026-08-08T03:12:41+00:00,Grosvenor,h2h,bryan battle,dalton rosta,1.68,2.15,2026-08-08T03:12:29Z
2026-08-08T03:12:41+00:00,FanDuel,h2h,bryan battle,dalton rosta,1.74,2.16,2026-08-08T03:12:17Z
2026-08-08T03:12:41+00:00,BetOnline.ag,h2h,carlos ulberg,magomed ankalaev,2.65,1.53,2026-08-08T03:10:16Z
2026-08-08T03:12:41+00:00,BetOnline.ag,h2h,carol foro,giovanna canuto,1.43,2.95,2026-08-08T03:10:16Z
2026-08-08T03:12:41+00:00,1xBet,h2h,carol foro,giovanna canuto,1.37,3.03,2026-08-08T03:11:46Z
2026-08-08T03:12:41+00:00,FanDuel,h2h,carol foro,giovanna canuto,1.42,2.94,2026-08-08T03:12:17Z
2026-08-08T03:12:41+00:00,Betfair Sportsbook,h2h,carol foro,giovanna canuto,1.4,2.88,2026-08-08T03:12:39Z
2026-08-08T03:12:41+00:00,Unibet (UK),h2h,carol foro,giovanna canuto,1.42,2.9,2026-08-08T03:11:46Z
2026-08-08T03:12:41+00:00,Betfair,h2h,carol foro,giovanna canuto,1.41,3.05,2026-08-08T03:12:28Z
2026-08-08T03:12:41+00:00,Paddy Power,h2h,carol foro,giovanna canuto,1.4,2.88,2026-08-08T03:11:02Z
2026-08-08T03:12:41+00:00,Betfair,h2h,carol foro,giovanna canuto,1.42,3.05,2026-08-08T03:12:28Z
2026-08-08T03:12:41+00:00,Betway,h2h,carol foro,giovanna canuto,1.36,3.1,2026-08-08T03:11:48Z
2026-08-08T03:12:41+00:00,Bovada,h2h,carol foro,giovanna canuto,1.41,3.05,2026-08-08T03:08:59Z
2026-08-08T03:12:41+00:00,DraftKings,h2h,carol foro,giovanna canuto,1.41,3.0,2026-08-08T03:11:24Z
2026-08-08T03:12:41+00:00,Betsson,h2h,carol foro,giovanna canuto,1.37,2.95,2026-08-08T03:12:39Z
2026-08-08T03:12:41+00:00,Nordic Bet,h2h,carol foro,giovanna canuto,1.37,2.95,2026-08-08T03:11:48Z
2026-08-08T03:12:41+00:00,Coolbet,h2h,carol foro,giovanna canuto,1.39,3.1,2026-08-08T03:11:58Z
2026-08-08T03:12:41+00:00,BetRivers,h2h,carol foro,giovanna canuto,1.38,3.05,2026-08-08T03:12:30Z
2026-08-08T03:12:41+00:00,Virgin Bet,h2h,carol foro,giovanna canuto,1.38,3.05,2026-08-08T03:12:07Z
2026-08-08T03:12:41+00:00,Grosvenor,h2h,carol foro,giovanna canuto,1.33,2.88,2026-08-08T03:12:29Z
2026-08-08T03:12:41+00:00,LiveScore Bet,h2h,carol foro,giovanna canuto,1.38,3.05,2026-08-08T03:12:39Z
2026-08-08T03:12:41+00:00,BetUS,h2h,carol foro,giovanna canuto,1.4,3.07,2026-08-08T03:11:44Z
2026-08-08T03:12:41+00:00,BetAnything,h2h,carol foro,giovanna canuto,1.42,2.9,2026-08-08T03:12:39Z
2026-08-08T03:12:41+00:00,888sport,h2h,carol foro,giovanna canuto,1.4,2.95,2026-08-08T03:11:45Z
2026-08-08T03:12:41+00:00,Matchbook,h2h,carol foro,giovanna canuto,1.42,3.05,2026-08-08T03:12:28Z
2026-08-08T03:12:41+00:00,Pinnacle,h2h,carol foro,giovanna canuto,1.41,3.07,2026-08-08T03:12:39Z
2026-08-08T03:12:41+00:00,BetOnline.ag,h2h,charles johnson,jose ochoa,3.89,1.28,2026-08-08T03:10:16Z
2026-08-08T03:12:41+00:00,Pinnacle,h2h,charles johnson,jose ochoa,3.67,1.31,2026-08-08T03:12:39Z
2026-08-08T03:12:41+00:00,1xBet,h2h,charles johnson,jose ochoa,3.69,1.3,2026-08-08T03:11:46Z
2026-08-08T03:12:41+00:00,Betsson,h2h,charles johnson,jose ochoa,3.75,1.25,2026-08-08T03:12:39Z
2026-08-08T03:12:41+00:00,Nordic Bet,h2h,charles johnson,jose ochoa,3.75,1.25,2026-08-08T03:11:48Z
2026-08-08T03:12:41+00:00,DraftKings,h2h,charles johnson,jose ochoa,3.6,1.31,2026-08-08T03:11:24Z
2026-08-08T03:12:41+00:00,Betclic (FR),h2h,charles johnson,jose ochoa,3.7,1.24,2026-08-08T03:10:24Z
2026-08-08T03:12:41+00:00,BetRivers,h2h,charles johnson,jose ochoa,3.8,1.26,2026-08-08T03:12:30Z
2026-08-08T03:12:41+00:00,Virgin Bet,h2h,charles johnson,jose ochoa,3.8,1.26,2026-08-08T03:12:07Z
2026-08-08T03:12:41+00:00,Grosvenor,h2h,charles johnson,jose ochoa,3.65,1.21,2026-08-08T03:12:29Z
2026-08-08T03:12:41+00:00,LiveScore Bet,h2h,charles johnson,jose ochoa,3.8,1.26,2026-08-08T03:12:39Z
2026-08-08T03:12:41+00:00,Coolbet,h2h,charles johnson,jose ochoa,3.7,1.3,2026-08-08T03:11:58Z
2026-08-08T03:12:41+00:00,BetOnline.ag,h2h,chidi njokuani,joel alvarez,3.19,1.38,2026-08-08T03:10:16Z
2026-08-08T03:12:41+00:00,DraftKings,h2h,chidi njokuani,joel alvarez,3.1,1.39,2026-08-08T03:11:24Z
2026-08-08T03:12:41+00:00,Nordic Bet,h2h,chidi njokuani,joel alvarez,2.85,1.4,2026-08-08T03:11:48Z
2026-08-08T03:12:41+00:00,Betsson,h2h,chidi njokuani,joel alvarez,2.85,1.4,2026-08-08T03:12:39Z
2026-08-08T03:12:41+00:00,1xBet,h2h,chidi njokuani,joel alvarez,3.3,1.41,2026-08-08T03:11:46Z
2026-08-08T03:12:41+00:00,BetRivers,h2h,chidi njokuani,joel alvarez,2.95,1.4,2026-08-08T03:12:30Z
2026-08-08T03:12:41+00:00,Virgin Bet,h2h,chidi njokuani,joel alvarez,2.95,1.4,2026-08-08T03:12:07Z
2026-08-08T03:12:41+00:00,Grosvenor,h2h,chidi njokuani,joel alvarez,2.8,1.35,2026-08-08T03:12:29Z
2026-08-08T03:12:41+00:00,LiveScore Bet,h2h,chidi njokuani,joel alvarez,2.95,1.4,2026-08-08T03:12:39Z
2026-08-08T03:12:41+00:00,888sport,h2h,chidi njokuani,joel alvarez,3.05,1.36,2026-08-08T03:11:45Z
2026-08-08T03:12:41+00:00,Coolbet,h2h,chidi njokuani,joel alvarez,3.05,1.4,2026-08-08T03:11:58Z
2026-08-08T03:12:41+00:00,Unibet (UK),h2h,chidi njokuani,joel alvarez,3.0,1.36,2026-08-08T03:11:46Z
2026-08-08T03:12:41+00:00,BetOnline.ag,h2h,ciryl gane,josh hokit,1.4,3.1,2026-08-08T03:10:16Z
2026-08-08T03:12:41+00:00,BetOnline.ag,h2h,ciryl gane,tom aspinall,2.05,1.8,2026-08-08T03:10:16Z
2026-08-08T03:12:41+00:00,BetOnline.ag,h2h,conor mcgregor,jorge masvidal,1.69,2.25,2026-08-08T03:10:16Z
2026-08-08T03:12:41+00:00,BetOnline.ag,h2h,conor mcgregor,paddy pimblett,2.3,1.67,2026-08-08T03:10:16Z
2026-08-08T03:12:41+00:00,BetOnline.ag,h2h,darren elkins,yadier delvalle,6.71,1.12,2026-08-08T03:10:16Z
2026-08-08T03:12:41+00:00,1xBet,h2h,darren elkins,yadier delvalle,6.6,1.11,2026-08-08T03:11:46Z
2026-08-08T03:12:41+00:00,Pinnacle,h2h,darren elkins,yadier delvalle,6.99,1.12,2026-08-08T03:12:39Z
2026-08-08T03:12:41+00:00,BetUS,h2h,darren elkins,yadier delvalle,6.35,1.12,2026-08-08T03:11:44Z
2026-08-08T03:12:41+00:00,Unibet (UK),h2h,darren elkins,yadier delvalle,6.5,1.12,2026-08-08T03:11:46Z
2026-08-08T03:12:41+00:00,888sport,h2h,darren elkins,yadier delvalle,6.7,1.1,2026-08-08T03:11:45Z
2026-08-08T03:12:41+00:00,Nordic Bet,h2h,darren elkins,yadier delvalle,7.0,1.11,2026-08-08T03:11:48Z
2026-08-08T03:12:41+00:00,Betsson,h2h,darren elkins,yadier delvalle,7.0,1.11,2026-08-08T03:12:39Z
2026-08-08T03:12:41+00:00,DraftKings,h2h,darren elkins,yadier delvalle,6.75,1.12,2026-08-08T03:11:24Z
2026-08-08T03:12:41+00:00,Coolbet,h2h,darren elkins,yadier delvalle,6.75,1.12,2026-08-08T03:11:58Z
2026-08-08T03:12:41+00:00,LiveScore Bet,h2h,darren elkins,yadier delvalle,6.5,1.11,2026-08-08T03:12:39Z
2026-08-08T03:12:41+00:00,Virgin Bet,h2h,darren elkins,yadier delvalle,6.5,1.11,2026-08-08T03:12:07Z
2026-08-08T03:12:41+00:00,BetRivers,h2h,darren elkins,yadier delvalle,6.5,1.11,2026-08-08T03:12:30Z
2026-08-08T03:12:41+00:00,Grosvenor,h2h,darren elkins,yadier delvalle,6.0,1.07,2026-08-08T03:12:29Z
2026-08-08T03:12:41+00:00,FanDuel,h2h,darren elkins,yadier delvalle,6.3,1.13,2026-08-08T03:12:17Z
2026-08-08T03:12:41+00:00,Paddy Power,h2h,darren elkins,yadier delvalle,5.5,1.14,2026-08-08T03:11:02Z
2026-08-08T03:12:41+00:00,Bovada,h2h,darren elkins,yadier delvalle,6.75,1.12,2026-08-08T03:08:59Z
2026-08-08T03:12:41+00:00,Betclic (FR),h2h,darren elkins,yadier delvalle,6.6,1.08,2026-08-08T03:10:24Z
2026-08-08T03:12:41+00:00,Betway,h2h,darren elkins,yadier delvalle,6.0,1.12,2026-08-08T03:11:48Z
2026-08-08T03:12:41+00:00,Betfair,h2h,darren elkins,yadier delvalle,6.8,1.15,2026-08-08T03:12:28Z
2026-08-08T03:12:41+00:00,Betfair,h2h,darren elkins,yadier delvalle,6.8,1.15,2026-08-08T03:12:28Z
2026-08-08T03:12:41+00:00,PMU (FR),h2h,darren elkins,yadier delvalle,6.5,1.11,2026-08-08T03:11:47Z
2026-08-08T03:12:41+00:00,BetAnything,h2h,darren elkins,yadier delvalle,5.75,1.12,2026-08-08T03:12:39Z
2026-08-08T03:12:41+00:00,Winamax (FR),h2h,darren elkins,yadier delvalle,5.8,1.1,2026-08-08T03:12:07Z
2026-08-08T03:12:41+00:00,Matchbook,h2h,darren elkins,yadier delvalle,7.4,1.15,2026-08-08T03:12:28Z
2026-08-08T03:12:41+00:00,Unibet (FR),h2h,darren elkins,yadier delvalle,6.1,1.09,2026-08-08T03:12:18Z
2026-08-08T03:12:41+00:00,BetOnline.ag,h2h,darren till,yoel romero,1.57,2.35,2026-08-08T03:10:16Z
2026-08-08T03:12:41+00:00,BetOnline.ag,h2h,donte johnson,eric mcconico,1.39,3.11,2026-08-08T03:10:16Z
2026-08-08T03:12:41+00:00,1xBet,h2h,donte johnson,eric mcconico,1.49,2.95,2026-08-08T03:11:46Z
2026-08-08T03:12:41+00:00,Pinnacle,h2h,donte johnson,eric mcconico,1.41,3.04,2026-08-08T03:12:39Z
2026-08-08T03:12:41+00:00,Unibet (UK),h2h,donte johnson,eric mcconico,1.36,2.95,2026-08-08T03:11:46Z
2026-08-08T03:12:41+00:00,Nordic Bet,h2h,donte johnson,eric mcconico,1.4,2.9,2026-08-08T03:11:48Z
2026-08-08T03:12:41+00:00,Betsson,h2h,donte johnson,eric mcconico,1.4,2.9,2026-08-08T03:12:39Z
2026-08-08T03:12:41+00:00,DraftKings,h2h,donte johnson,eric mcconico,1.41,3.0,2026-08-08T03:11:24Z
2026-08-08T03:12:41+00:00,BetRivers,h2h,donte johnson,eric mcconico,1.4,2.95,2026-08-08T03:12:30Z
2026-08-08T03:12:41+00:00,Virgin Bet,h2h,donte johnson,eric mcconico,1.4,2.95,2026-08-08T03:12:07Z
2026-08-08T03:12:41+00:00,Grosvenor,h2h,donte johnson,eric mcconico,1.35,2.8,2026-08-08T03:12:29Z
2026-08-08T03:12:41+00:00,LiveScore Bet,h2h,donte johnson,eric mcconico,1.4,2.95,2026-08-08T03:12:39Z
2026-08-08T03:12:41+00:00,Coolbet,h2h,donte johnson,eric mcconico,1.42,3.0,2026-08-08T03:11:58Z
2026-08-08T03:12:41+00:00,BetOnline.ag,h2h,dovletdzhan yagshimuradov,simeon powell,1.62,2.4,2026-08-08T03:10:16Z
2026-08-08T03:12:41+00:00,Unibet (FR),h2h,dovletdzhan yagshimuradov,simeon powell,1.57,2.25,2026-08-08T03:12:18Z
2026-08-08T03:12:41+00:00,FanDuel,h2h,dovletdzhan yagshimuradov,simeon powell,1.61,2.38,2026-08-08T03:12:17Z
2026-08-08T03:12:41+00:00,Winamax (FR),h2h,dovletdzhan yagshimuradov,simeon powell,1.52,2.15,2026-08-08T03:12:07Z
2026-08-08T03:12:41+00:00,Grosvenor,h2h,dovletdzhan yagshimuradov,simeon powell,1.53,2.38,2026-08-08T03:12:29Z
2026-08-08T03:12:41+00:00,BetOnline.ag,h2h,dustin stoltzfus,mansur abdul-malik,5.15,1.18,2026-08-08T03:10:16Z
2026-08-08T03:12:41+00:00,1xBet,h2h,dustin stoltzfus,mansur abdul-malik,5.19,1.22,2026-08-08T03:11:46Z
2026-08-08T03:12:41+00:00,Pinnacle,h2h,dustin stoltzfus,mansur abdul-malik,5.13,1.19,2026-08-08T03:12:39Z
2026-08-08T03:12:41+00:00,Unibet (UK),h2h,dustin stoltzfus,mansur abdul-malik,4.75,1.16,2026-08-08T03:11:46Z
2026-08-08T03:12:41+00:00,Winamax (FR),h2h,dustin stoltzfus,mansur abdul-malik,4.2,1.14,2026-08-08T03:12:07Z
2026-08-08T03:12:41+00:00,Betsson,h2h,dustin stoltzfus,mansur abdul-malik,5.0,1.15,2026-08-08T03:12:39Z
2026-08-08T03:12:41+00:00,Nordic Bet,h2h,dustin stoltzfus,mansur abdul-malik,5.0,1.15,2026-08-08T03:11:48Z
2026-08-08T03:12:41+00:00,DraftKings,h2h,dustin stoltzfus,mansur abdul-malik,5.1,1.18,2026-08-08T03:11:24Z
2026-08-08T03:12:41+00:00,Betclic (FR),h2h,dustin stoltzfus,mansur abdul-malik,4.85,1.15,2026-08-08T03:10:24Z
2026-08-08T03:12:41+00:00,BetRivers,h2h,dustin stoltzfus,mansur abdul-malik,5.2,1.16,2026-08-08T03:12:30Z
2026-08-08T03:12:41+00:00,Virgin Bet,h2h,dustin stoltzfus,mansur abdul-malik,5.2,1.16,2026-08-08T03:12:07Z
2026-08-08T03:12:41+00:00,Grosvenor,h2h,dustin stoltzfus,mansur abdul-malik,4.8,1.12,2026-08-08T03:12:29Z
2026-08-08T03:12:41+00:00,LiveScore Bet,h2h,dustin stoltzfus,mansur abdul-malik,5.2,1.16,2026-08-08T03:12:39Z
2026-08-08T03:12:41+00:00,Coolbet,h2h,dustin stoltzfus,mansur abdul-malik,5.15,1.18,2026-08-08T03:11:58Z
2026-08-08T03:12:41+00:00,BetOnline.ag,h2h,edson barboza,esteban ribovics,4.16,1.25,2026-08-08T03:10:16Z
2026-08-08T03:12:41+00:00,1xBet,h2h,edson barboza,esteban ribovics,4.25,1.29,2026-08-08T03:11:46Z
2026-08-08T03:12:41+00:00,Pinnacle,h2h,edson barboza,esteban ribovics,4.18,1.25,2026-08-08T03:12:39Z
2026-08-08T03:12:41+00:00,Unibet (UK),h2h,edson barboza,esteban ribovics,3.9,1.22,2026-08-08T03:11:46Z
2026-08-08T03:12:41+00:00,888sport,h2h,edson barboza,esteban ribovics,4.2,1.22,2026-08-08T03:11:45Z
2026-08-08T03:12:41+00:00,DraftKings,h2h,edson barboza,esteban ribovics,4.1,1.25,2026-08-08T03:11:24Z
2026-08-08T03:12:41+00:00,Betclic (FR),h2h,edson barboza,esteban ribovics,4.0,1.21,2026-08-08T03:10:24Z
2026-08-08T03:12:41+00:00,Grosvenor,h2h,edson barboza,esteban ribovics,4.0,1.18,2026-08-08T03:12:29Z
2026-08-08T03:12:41+00:00,LiveScore Bet,h2h,edson barboza,esteban ribovics,4.25,1.22,2026-08-08T03:12:39Z
2026-08-08T03:12:41+00:00,Virgin Bet,h2h,edson barboza,esteban ribovics,4.25,1.22,2026-08-08T03:12:07Z
2026-08-08T03:12:41+00:00,BetRivers,h2h,edson barboza,esteban ribovics,4.25,1.22,2026-08-08T03:12:30Z
2026-08-08T03:12:41+00:00,Coolbet,h2h,edson barboza,esteban ribovics,4.15,1.25,2026-08-08T03:11:58Z
2026-08-08T03:12:41+00:00,Winamax (FR),h2h,edson barboza,esteban ribovics,3.55,1.2,2026-08-08T03:12:07Z
2026-08-08T03:12:41+00:00,BetOnline.ag,h2h,gable steveson,sean sharaf,1.07,7.0,2026-08-08T03:10:16Z
2026-08-08T03:12:41+00:00,DraftKings,h2h,gable steveson,sean sharaf,1.09,8.0,2026-08-08T03:11:24Z
2026-08-08T03:12:41+00:00,1xBet,h2h,gable steveson,sean sharaf,1.09,7.55,2026-08-08T03:11:46Z
2026-08-08T03:12:41+00:00,FanDuel,h2h,gianni vazquez,miles johns,2.42,1.6,2026-08-08T03:12:17Z
2026-08-08T03:12:41+00:00,Paddy Power,h2h,gianni vazquez,miles johns,2.38,1.57,2026-08-08T03:11:02Z
2026-08-08T03:12:41+00:00,Betfair Sportsbook,h2h,gianni vazquez,miles johns,2.38,1.57,2026-08-08T03:12:39Z
2026-08-08T03:12:41+00:00,1xBet,h2h,gianni vazquez,miles johns,2.3,1.62,2026-08-08T03:11:46Z
2026-08-08T03:12:41+00:00,BetOnline.ag,h2h,gianni vazquez,miles johns,2.49,1.59,2026-08-08T03:10:16Z
2026-08-08T03:12:41+00:00,Betway,h2h,gianni vazquez,miles johns,2.4,1.57,2026-08-08T03:11:48Z
2026-08-08T03:12:41+00:00,Pinnacle,h2h,gianni vazquez,miles johns,2.42,1.61,2026-08-08T03:12:39Z
2026-08-08T03:12:41+00:00,Unibet (UK),h2h,gianni vazquez,miles johns,2.45,1.56,2026-08-08T03:11:46Z
2026-08-08T03:12:41+00:00,BetRivers,h2h,gianni vazquez,miles johns,2.38,1.57,2026-08-08T03:12:30Z
2026-08-08T03:12:41+00:00,Virgin Bet,h2h,gianni vazquez,miles johns,2.38,1.58,2026-08-08T03:12:07Z
2026-08-08T03:12:41+00:00,Grosvenor,h2h,gianni vazquez,miles johns,2.25,1.51,2026-08-08T03:12:29Z
2026-08-08T03:12:41+00:00,LiveScore Bet,h2h,gianni vazquez,miles johns,2.38,1.58,2026-08-08T03:12:39Z
2026-08-08T03:12:41+00:00,BetAnything,h2h,gianni vazquez,miles johns,2.4,1.59,2026-08-08T03:12:39Z
2026-08-08T03:12:41+00:00,Coolbet,h2h,gianni vazquez,miles johns,2.35,1.63,2026-08-08T03:11:58Z
2026-08-08T03:12:41+00:00,Betfair,h2h,gianni vazquez,miles johns,2.24,1.55,2026-08-08T03:12:28Z
2026-08-08T03:12:41+00:00,Betfair,h2h,gianni vazquez,miles johns,2.24,1.55,2026-08-08T03:12:28Z
2026-08-08T03:12:41+00:00,Matchbook,h2h,gianni vazquez,miles johns,2.5,1.56,2026-08-08T03:12:28Z
2026-08-08T03:12:41+00:00,DraftKings,h2h,gillian robertson,mackenzie dern,3.0,1.41,2026-08-08T03:11:24Z
2026-08-08T03:12:41+00:00,Betclic (FR),h2h,gillian robertson,mackenzie dern,2.97,1.34,2026-08-08T03:10:24Z
2026-08-08T03:12:41+00:00,BetOnline.ag,h2h,gillian robertson,mackenzie dern,3.07,1.4,2026-08-08T03:10:16Z
2026-08-08T03:12:41+00:00,1xBet,h2h,gillian robertson,mackenzie dern,2.95,1.44,2026-08-08T03:11:46Z
2026-08-08T03:12:41+00:00,FanDuel,h2h,gillian robertson,mackenzie dern,3.0,1.38,2026-08-08T03:12:17Z
2026-08-08T03:12:41+00:00,Paddy Power,h2h,gillian robertson,mackenzie dern,2.88,1.4,2026-08-08T03:11:02Z
2026-08-08T03:12:41+00:00,LiveScore Bet,h2h,gillian robertson,mackenzie dern,2.88,1.42,2026-08-08T03:12:39Z
2026-08-08T03:12:41+00:00,Grosvenor,h2h,gillian robertson,mackenzie dern,2.7,1.36,2026-08-08T03:12:29Z
2026-08-08T03:12:41+00:00,Virgin Bet,h2h,gillian robertson,mackenzie dern,2.88,1.42,2026-08-08T03:12:07Z
2026-08-08T03:12:41+00:00,Winamax (FR),h2h,gillian robertson,mackenzie dern,2.85,1.36,2026-08-08T03:12:07Z
2026-08-08T03:12:41+00:00,Marathon Bet,h2h,gillian robertson,mackenzie dern,2.86,1.4,2026-08-08T03:12:06Z
2026-08-08T03:12:41+00:00,Pinnacle,h2h,gillian robertson,mackenzie dern,3.01,1.42,2026-08-08T03:12:39Z
2026-08-08T03:12:41+00:00,Coolbet,h2h,gillian robertson,mackenzie dern,2.9,1.44,2026-08-08T03:11:58Z
2026-08-08T03:12:41+00:00,Unibet (FR),h2h,gillian robertson,mackenzie dern,2.7,1.33,2026-08-08T03:12:18Z
2026-08-08T03:12:41+00:00,Unibet (UK),h2h,gillian robertson,mackenzie dern,2.9,1.38,2026-08-08T03:11:46Z
2026-08-08T03:12:41+00:00,BetRivers,h2h,gillian robertson,mackenzie dern,2.88,1.42,2026-08-08T03:12:30Z
2026-08-08T03:12:41+00:00,888sport,h2h,gillian robertson,mackenzie dern,2.95,1.4,2026-08-08T03:11:45Z
2026-08-08T03:12:41+00:00,BetOnline.ag,h2h,guilherme pat,steven asplund,3.52,1.32,2026-08-08T03:10:16Z
2026-08-08T03:12:41+00:00,1xBet,h2h,guilherme pat,steven asplund,3.26,1.32,2026-08-08T03:11:46Z
2026-08-08T03:12:41+00:00,Pinnacle,h2h,guilherme pat,steven asplund,3.47,1.34,2026-08-08T03:12:39Z
2026-08-08T03:12:41+00:00,BetUS,h2h,guilherme pat,steven asplund,3.54,1.32,2026-08-08T03:11:44Z
2026-08-08T03:12:41+00:00,Unibet (UK),h2h,guilherme pat,steven asplund,3.45,1.32,2026-08-08T03:11:46Z
2026-08-08T03:12:41+00:00,888sport,h2h,guilherme pat,steven asplund,3.4,1.3,2026-08-08T03:11:45Z
2026-08-08T03:12:41+00:00,Nordic Bet,h2h,guilherme pat,steven asplund,3.35,1.34,2026-08-08T03:11:48Z
2026-08-08T03:12:41+00:00,Betsson,h2h,guilherme pat,steven asplund,3.35,1.34,2026-08-08T03:12:39Z
2026-08-08T03:12:41+00:00,DraftKings,h2h,guilherme pat,steven asplund,3.4,1.34,2026-08-08T03:11:24Z
2026-08-08T03:12:41+00:00,Grosvenor,h2h,guilherme pat,steven asplund,3.2,1.27,2026-08-08T03:12:29Z
2026-08-08T03:12:41+00:00,Virgin Bet,h2h,guilherme pat,steven asplund,3.4,1.32,2026-08-08T03:12:07Z
2026-08-08T03:12:41+00:00,BetRivers,h2h,guilherme pat,steven asplund,3.4,1.32,2026-08-08T03:12:30Z
2026-08-08T03:12:41+00:00,LiveScore Bet,h2h,guilherme pat,steven asplund,3.4,1.32,2026-08-08T03:12:39Z
2026-08-08T03:12:41+00:00,Coolbet,h2h,guilherme pat,steven asplund,3.45,1.33,2026-08-08T03:11:58Z
2026-08-08T03:12:41+00:00,FanDuel,h2h,guilherme pat,steven asplund,3.4,1.34,2026-08-08T03:12:17Z
2026-08-08T03:12:41+00:00,Betfair Sportsbook,h2h,guilherme pat,steven asplund,3.25,1.33,2026-08-08T03:12:39Z
2026-08-08T03:12:41+00:00,Paddy Power,h2h,guilherme pat,steven asplund,3.25,1.33,2026-08-08T03:11:02Z
2026-08-08T03:12:41+00:00,Bovada,h2h,guilherme pat,steven asplund,3.55,1.32,2026-08-08T03:08:59Z
2026-08-08T03:12:41+00:00,Betway,h2h,guilherme pat,steven asplund,3.1,1.36,2026-08-08T03:11:48Z
2026-08-08T03:12:41+00:00,Betfair,h2h,guilherme pat,steven asplund,3.6,1.36,2026-08-08T03:12:28Z
2026-08-08T03:12:41+00:00,Betfair,h2h,guilherme pat,steven asplund,3.6,1.36,2026-08-08T03:12:28Z
2026-08-08T03:12:41+00:00,BetAnything,h2h,guilherme pat,steven asplund,3.4,1.32,2026-08-08T03:12:39Z
2026-08-08T03:12:41+00:00,Matchbook,h2h,guilherme pat,steven asplund,3.6,1.37,2026-08-08T03:12:28Z
2026-08-08T03:12:41+00:00,DraftKings,h2h,ian garry,islam makhachev,3.75,1.29,2026-08-08T03:11:24Z
2026-08-08T03:12:41+00:00,Betclic (FR),h2h,ian garry,islam makhachev,3.9,1.22,2026-08-08T03:10:24Z
2026-08-08T03:12:41+00:00,BetOnline.ag,h2h,ian garry,islam makhachev,4.03,1.26,2026-08-08T03:10:16Z
2026-08-08T03:12:41+00:00,FanDuel,h2h,ian garry,islam makhachev,3.8,1.26,2026-08-08T03:12:17Z
2026-08-08T03:12:41+00:00,Paddy Power,h2h,ian garry,islam makhachev,3.5,1.29,2026-08-08T03:11:02Z
2026-08-08T03:12:41+00:00,1xBet,h2h,ian garry,islam makhachev,4.55,1.21,2026-08-08T03:11:46Z
2026-08-08T03:12:41+00:00,Winamax (FR),h2h,ian garry,islam makhachev,3.65,1.23,2026-08-08T03:12:07Z
2026-08-08T03:12:41+00:00,Virgin Bet,h2h,ian garry,islam makhachev,3.7,1.28,2026-08-08T03:12:07Z
2026-08-08T03:12:41+00:00,LiveScore Bet,h2h,ian garry,islam makhachev,3.7,1.28,2026-08-08T03:12:39Z
2026-08-08T03:12:41+00:00,Grosvenor,h2h,ian garry,islam makhachev,3.45,1.24,2026-08-08T03:12:29Z
2026-08-08T03:12:41+00:00,Pinnacle,h2h,ian garry,islam makhachev,3.81,1.29,2026-08-08T03:12:39Z
2026-08-08T03:12:41+00:00,Coolbet,h2h,ian garry,islam makhachev,3.7,1.3,2026-08-08T03:11:58Z
2026-08-08T03:12:41+00:00,BetRivers,h2h,ian garry,islam makhachev,3.7,1.28,2026-08-08T03:12:30Z
2026-08-08T03:12:41+00:00,888sport,h2h,ian garry,islam makhachev,3.6,1.29,2026-08-08T03:11:45Z
2026-08-08T03:12:41+00:00,Betfair,h2h,ian garry,islam makhachev,3.9,1.32,2026-08-08T03:12:28Z
2026-08-08T03:12:41+00:00,Betfair,h2h,ian garry,islam makhachev,3.9,1.32,2026-08-08T03:12:28Z
2026-08-08T03:12:41+00:00,Matchbook,h2h,ian garry,islam makhachev,3.9,1.32,2026-08-08T03:12:28Z
2026-08-08T03:12:41+00:00,BetOnline.ag,h2h,ilia topuria,justin gaethje,1.4,3.1,2026-08-08T03:10:16Z
2026-08-08T03:12:41+00:00,BetOnline.ag,h2h,islam makhachev,kamaru usman,1.3,3.7,2026-08-08T03:10:16Z
2026-08-08T03:12:41+00:00,BetOnline.ag,h2h,jalin turner,kaue fernandes,1.65,2.35,2026-08-08T03:10:16Z
2026-08-08T03:12:41+00:00,1xBet,h2h,jalin turner,kaue fernandes,1.61,2.14,2026-08-08T03:11:46Z
2026-08-08T03:12:41+00:00,Pinnacle,h2h,jalin turner,kaue fernandes,1.69,2.24,2026-08-08T03:12:39Z
2026-08-08T03:12:41+00:00,Unibet (UK),h2h,jalin turner,kaue fernandes,1.6,2.25,2026-08-08T03:11:46Z
2026-08-08T03:12:41+00:00,Betsson,h2h,jalin turner,kaue fernandes,1.65,2.2,2026-08-08T03:12:39Z
2026-08-08T03:12:41+00:00,Nordic Bet,h2h,jalin turner,kaue fernandes,1.65,2.2,2026-08-08T03:11:48Z
2026-08-08T03:12:41+00:00,DraftKings,h2h,jalin turner,kaue fernandes,1.68,2.24,2026-08-08T03:11:24Z
2026-08-08T03:12:41+00:00,BetRivers,h2h,jalin turner,kaue fernandes,1.65,2.23,2026-08-08T03:12:30Z
2026-08-08T03:12:41+00:00,Virgin Bet,h2h,jalin turner,kaue fernandes,1.65,2.23,2026-08-08T03:12:07Z
2026-08-08T03:12:41+00:00,Grosvenor,h2h,jalin turner,kaue fernandes,1.6,2.12,2026-08-08T03:12:29Z
2026-08-08T03:12:41+00:00,LiveScore Bet,h2h,jalin turner,kaue fernandes,1.65,2.23,2026-08-08T03:12:39Z
2026-08-08T03:12:41+00:00,Coolbet,h2h,jalin turner,kaue fernandes,1.65,2.3,2026-08-08T03:11:58Z
2026-08-08T03:12:41+00:00,BetOnline.ag,h2h,jean silva,yair rodriguez,1.29,3.8,2026-08-08T03:10:16Z
2026-08-08T03:12:41+00:00,Betclic (FR),h2h,jean silva,yair rodriguez,1.28,3.3,2026-08-08T03:10:24Z
2026-08-08T03:12:41+00:00,1xBet,h2h,jean silva,yair rodriguez,1.36,3.63,2026-08-08T03:11:46Z
2026-08-08T03:12:41+00:00,DraftKings,h2h,jean silva,yair rodriguez,1.28,3.8,2026-08-08T03:11:24Z
2026-08-08T03:12:41+00:00,Winamax (FR),h2h,jean silva,yair rodriguez,1.28,2.95,2026-08-08T03:12:07Z
2026-08-08T03:12:41+00:00,Virgin Bet,h2h,jean silva,yair rodriguez,1.27,3.75,2026-08-08T03:12:07Z
2026-08-08T03:12:41+00:00,Grosvenor,h2h,jean silva,yair rodriguez,1.23,3.5,2026-08-08T03:12:29Z
2026-08-08T03:12:41+00:00,LiveScore Bet,h2h,jean silva,yair rodriguez,1.27,3.75,2026-08-08T03:12:39Z
2026-08-08T03:12:41+00:00,BetRivers,h2h,jean silva,yair rodriguez,1.27,3.75,2026-08-08T03:12:30Z
2026-08-08T03:12:41+00:00,Betway,h2h,jean silva,yair rodriguez,1.29,3.5,2026-08-08T03:11:48Z
2026-08-08T03:12:41+00:00,BetOnline.ag,h2h,jeremiah wells,myktybek orolbai,5.46,1.17,2026-08-08T03:10:16Z
2026-08-08T03:12:41+00:00,1xBet,h2h,jeremiah wells,myktybek orolbai,5.47,1.21,2026-08-08T03:11:46Z
2026-08-08T03:12:41+00:00,Pinnacle,h2h,jeremiah wells,myktybek orolbai,5.11,1.19,2026-08-08T03:12:39Z
2026-08-08T03:12:41+00:00,Betsson,h2h,jeremiah wells,myktybek orolbai,5.25,1.14,2026-08-08T03:12:39Z
2026-08-08T03:12:41+00:00,Nordic Bet,h2h,jeremiah wells,myktybek orolbai,5.25,1.14,2026-08-08T03:11:48Z
2026-08-08T03:12:41+00:00,DraftKings,h2h,jeremiah wells,myktybek orolbai,5.1,1.18,2026-08-08T03:11:24Z
2026-08-08T03:12:41+00:00,LiveScore Bet,h2h,jeremiah wells,myktybek orolbai,5.3,1.16,2026-08-08T03:12:39Z
2026-08-08T03:12:41+00:00,Virgin Bet,h2h,jeremiah wells,myktybek orolbai,5.3,1.16,2026-08-08T03:12:07Z
2026-08-08T03:12:41+00:00,BetRivers,h2h,jeremiah wells,myktybek orolbai,5.3,1.16,2026-08-08T03:12:30Z
2026-08-08T03:12:41+00:00,Grosvenor,h2h,jeremiah wells,myktybek orolbai,4.9,1.12,2026-08-08T03:12:29Z
2026-08-08T03:12:41+00:00,Coolbet,h2h,jeremiah wells,myktybek orolbai,5.4,1.17,2026-08-08T03:11:58Z
2026-08-08T03:12:41+00:00,BetOnline.ag,h2h,jiri prochazka,magomed ankalaev,2.74,1.5,2026-08-08T03:10:16Z
2026-08-08T03:12:41+00:00,Pinnacle,h2h,jose montanha,louie sutherland,2.7,1.51,2026-08-08T03:12:39Z
2026-08-08T03:12:41+00:00,DraftKings,h2h,jose montanha,louie sutherland,2.64,1.51,2026-08-08T03:11:24Z
2026-08-08T03:12:41+00:00,1xBet,h2h,jose montanha,louie sutherland,2.53,1.5,2026-08-08T03:11:46Z
2026-08-08T03:12:41+00:00,BetUS,h2h,jose montanha,louie sutherland,2.74,1.48,2026-08-08T03:11:44Z
2026-08-08T03:12:41+00:00,BetOnline.ag,h2h,jose montanha,louie sutherland,2.8,1.48,2026-08-08T03:10:16Z
2026-08-08T03:12:41+00:00,Coolbet,h2h,jose montanha,louie sutherland,2.62,1.52,2026-08-08T03:11:58Z
2026-08-08T03:12:41+00:00,Bovada,h2h,jose montanha,louie sutherland,2.68,1.51,2026-08-08T03:08:59Z
2026-08-08T03:12:41+00:00,Unibet (UK),h2h,jose montanha,louie sutherland,2.7,1.48,2026-08-08T03:11:46Z
2026-08-08T03:12:41+00:00,FanDuel,h2h,jose montanha,louie sutherland,2.54,1.54,2026-08-08T03:12:17Z
2026-08-08T03:12:41+00:00,Paddy Power,h2h,jose montanha,louie sutherland,2.5,1.53,2026-08-08T03:11:02Z
2026-08-08T03:12:41+00:00,Betfair Sportsbook,h2h,jose montanha,louie sutherland,2.5,1.53,2026-08-08T03:12:39Z
2026-08-08T03:12:41+00:00,Betway,h2h,jose montanha,louie sutherland,2.5,1.53,2026-08-08T03:11:48Z
2026-08-08T03:12:41+00:00,Betfair,h2h,jose montanha,louie sutherland,2.74,1.51,2026-08-08T03:12:28Z
2026-08-08T03:12:41+00:00,Betfair,h2h,jose montanha,louie sutherland,2.74,1.51,2026-08-08T03:12:28Z
2026-08-08T03:12:41+00:00,BetAnything,h2h,jose montanha,louie sutherland,2.6,1.53,2026-08-08T03:12:39Z
2026-08-08T03:12:41+00:00,Grosvenor,h2h,jose montanha,louie sutherland,2.43,1.45,2026-08-08T03:12:29Z
2026-08-08T03:12:41+00:00,Virgin Bet,h2h,jose montanha,louie sutherland,2.55,1.52,2026-08-08T03:12:07Z
2026-08-08T03:12:41+00:00,BetRivers,h2h,jose montanha,louie sutherland,2.55,1.51,2026-08-08T03:12:30Z
2026-08-08T03:12:41+00:00,LiveScore Bet,h2h,jose montanha,louie sutherland,2.55,1.52,2026-08-08T03:12:39Z
2026-08-08T03:12:41+00:00,Matchbook,h2h,jose montanha,louie sutherland,2.74,1.51,2026-08-08T03:12:28Z
2026-08-08T03:12:41+00:00,BetOnline.ag,h2h,joshua van,manel kape,2.65,1.53,2026-08-08T03:10:16Z
2026-08-08T03:12:41+00:00,BetOnline.ag,h2h,juliana miller,ravena oliveira,1.33,3.49,2026-08-08T03:10:16Z
2026-08-08T03:12:41+00:00,1xBet,h2h,juliana miller,ravena oliveira,1.29,3.42,2026-08-08T03:11:46Z
2026-08-08T03:12:41+00:00,Pinnacle,h2h,juliana miller,ravena oliveira,1.34,3.45,2026-08-08T03:12:39Z
2026-08-08T03:12:41+00:00,BetUS,h2h,juliana miller,ravena oliveira,1.33,3.5,2026-08-08T03:11:44Z
2026-08-08T03:12:41+00:00,Unibet (UK),h2h,juliana miller,ravena oliveira,1.32,3.45,2026-08-08T03:11:46Z
2026-08-08T03:12:41+00:00,888sport,h2h,juliana miller,ravena oliveira,1.3,3.4,2026-08-08T03:11:45Z
2026-08-08T03:12:41+00:00,Betsson,h2h,juliana miller,ravena oliveira,1.32,3.5,2026-08-08T03:12:39Z
2026-08-08T03:12:41+00:00,Nordic Bet,h2h,juliana miller,ravena oliveira,1.32,3.5,2026-08-08T03:11:48Z
2026-08-08T03:12:41+00:00,DraftKings,h2h,juliana miller,ravena oliveira,1.34,3.4,2026-08-08T03:11:24Z
2026-08-08T03:12:41+00:00,Grosvenor,h2h,juliana miller,ravena oliveira,1.28,3.15,2026-08-08T03:12:29Z
2026-08-08T03:12:41+00:00,Virgin Bet,h2h,juliana miller,ravena oliveira,1.33,3.35,2026-08-08T03:12:07Z
2026-08-08T03:12:41+00:00,BetRivers,h2h,juliana miller,ravena oliveira,1.33,3.35,2026-08-08T03:12:30Z
2026-08-08T03:12:41+00:00,LiveScore Bet,h2h,juliana miller,ravena oliveira,1.33,3.35,2026-08-08T03:12:39Z
2026-08-08T03:12:41+00:00,Coolbet,h2h,juliana miller,ravena oliveira,1.34,3.37,2026-08-08T03:11:58Z
2026-08-08T03:12:41+00:00,FanDuel,h2h,juliana miller,ravena oliveira,1.33,3.45,2026-08-08T03:12:17Z
2026-08-08T03:12:41+00:00,Betfair Sportsbook,h2h,juliana miller,ravena oliveira,1.33,3.25,2026-08-08T03:12:39Z
2026-08-08T03:12:41+00:00,Paddy Power,h2h,juliana miller,ravena oliveira,1.33,3.25,2026-08-08T03:11:02Z
2026-08-08T03:12:41+00:00,Bovada,h2h,juliana miller,ravena oliveira,1.32,3.55,2026-08-08T03:08:59Z
2026-08-08T03:12:41+00:00,Betway,h2h,juliana miller,ravena oliveira,1.3,3.5,2026-08-08T03:11:48Z
2026-08-08T03:12:41+00:00,Betfair,h2h,juliana miller,ravena oliveira,1.36,3.4,2026-08-08T03:12:28Z
2026-08-08T03:12:41+00:00,Betfair,h2h,juliana miller,ravena oliveira,1.36,3.4,2026-08-08T03:12:28Z
2026-08-08T03:12:41+00:00,BetAnything,h2h,juliana miller,ravena oliveira,1.32,3.4,2026-08-08T03:12:39Z
2026-08-08T03:12:41+00:00,Matchbook,h2h,juliana miller,ravena oliveira,1.36,3.4,2026-08-08T03:12:28Z
2026-08-08T03:12:41+00:00,BetOnline.ag,h2h,khamzat chimaev,paulo henrique costa,1.2,4.75,2026-08-08T03:10:16Z
2026-08-08T03:12:41+00:00,BetOnline.ag,h2h,khamzat chimaev,sean strickland,1.49,2.75,2026-08-08T03:10:16Z
2026-08-08T03:12:41+00:00,BetOnline.ag,h2h,lucas fernando,rafael tobias,1.43,2.92,2026-08-08T03:10:16Z
2026-08-08T03:12:41+00:00,Pinnacle,h2h,lucas fernando,rafael tobias,1.42,3.0,2026-08-08T03:12:39Z
2026-08-08T03:12:41+00:00,1xBet,h2h,lucas fernando,rafael tobias,1.43,2.94,2026-08-08T03:11:46Z
2026-08-08T03:12:41+00:00,Nordic Bet,h2h,lucas fernando,rafael tobias,1.44,2.7,2026-08-08T03:11:48Z
2026-08-08T03:12:41+00:00,Betsson,h2h,lucas fernando,rafael tobias,1.44,2.7,2026-08-08T03:12:39Z
2026-08-08T03:12:41+00:00,DraftKings,h2h,lucas fernando,rafael tobias,1.42,2.95,2026-08-08T03:11:24Z
2026-08-08T03:12:41+00:00,Virgin Bet,h2h,lucas fernando,rafael tobias,1.41,2.9,2026-08-08T03:12:07Z
2026-08-08T03:12:41+00:00,Grosvenor,h2h,lucas fernando,rafael tobias,1.36,2.75,2026-08-08T03:12:29Z
2026-08-08T03:12:41+00:00,LiveScore Bet,h2h,lucas fernando,rafael tobias,1.41,2.9,2026-08-08T03:12:39Z
2026-08-08T03:12:41+00:00,BetRivers,h2h,lucas fernando,rafael tobias,1.41,2.9,2026-08-08T03:12:30Z
2026-08-08T03:12:41+00:00,Coolbet,h2h,lucas fernando,rafael tobias,1.44,2.9,2026-08-08T03:11:58Z
2026-08-08T03:12:41+00:00,Unibet (UK),h2h,lucas fernando,rafael tobias,1.4,2.8,2026-08-08T03:11:46Z
2026-08-08T03:12:41+00:00,BetOnline.ag,h2h,manoel sousa,richie miranda,1.31,3.6,2026-08-08T03:10:16Z
2026-08-08T03:12:41+00:00,1xBet,h2h,manoel sousa,richie miranda,1.32,3.26,2026-08-08T03:11:46Z
2026-08-08T03:12:41+00:00,Unibet (UK),h2h,manoel sousa,richie miranda,1.3,3.5,2026-08-08T03:11:46Z
2026-08-08T03:12:41+00:00,Coolbet,h2h,manoel sousa,richie miranda,1.32,3.54,2026-08-08T03:11:58Z
2026-08-08T03:12:41+00:00,Pinnacle,h2h,manoel sousa,richie miranda,1.34,3.47,2026-08-08T03:12:39Z
2026-08-08T03:12:41+00:00,Betway,h2h,manoel sousa,richie miranda,1.3,3.5,2026-08-08T03:11:48Z
2026-08-08T03:12:41+00:00,FanDuel,h2h,manoel sousa,richie miranda,1.34,3.4,2026-08-08T03:12:17Z
2026-08-08T03:12:41+00:00,Paddy Power,h2h,manoel sousa,richie miranda,1.33,3.25,2026-08-08T03:11:02Z
2026-08-08T03:12:41+00:00,Betfair Sportsbook,h2h,manoel sousa,richie miranda,1.33,3.25,2026-08-08T03:12:39Z
2026-08-08T03:12:41+00:00,Betfair,h2h,manoel sousa,richie miranda,1.37,3.45,2026-08-08T03:12:28Z
2026-08-08T03:12:41+00:00,Betfair,h2h,manoel sousa,richie miranda,1.37,3.45,2026-08-08T03:12:28Z
2026-08-08T03:12:41+00:00,Bovada,h2h,manoel sousa,richie miranda,1.33,3.5,2026-08-08T03:08:59Z
2026-08-08T03:12:41+00:00,Virgin Bet,h2h,manoel sousa,richie miranda,1.32,3.4,2026-08-08T03:12:07Z
2026-08-08T03:12:41+00:00,BetRivers,h2h,manoel sousa,richie miranda,1.32,3.4,2026-08-08T03:12:30Z
2026-08-08T03:12:41+00:00,LiveScore Bet,h2h,manoel sousa,richie miranda,1.32,3.4,2026-08-08T03:12:39Z
2026-08-08T03:12:41+00:00,Grosvenor,h2h,manoel sousa,richie miranda,1.28,3.15,2026-08-08T03:12:29Z
2026-08-08T03:12:41+00:00,BetUS,h2h,manoel sousa,richie miranda,1.34,3.42,2026-08-08T03:11:44Z
2026-08-08T03:12:41+00:00,Nordic Bet,h2h,manoel sousa,richie miranda,1.31,3.6,2026-08-08T03:11:48Z
2026-08-08T03:12:41+00:00,Betsson,h2h,manoel sousa,richie miranda,1.31,3.6,2026-08-08T03:12:39Z
2026-08-08T03:12:41+00:00,888sport,h2h,manoel sousa,richie miranda,1.3,3.4,2026-08-08T03:11:45Z
2026-08-08T03:12:41+00:00,Matchbook,h2h,manoel sousa,richie miranda,1.37,3.65,2026-08-08T03:12:28Z
2026-08-08T03:12:41+00:00,DraftKings,h2h,manoel sousa,richie miranda,1.32,3.5,2026-08-08T03:11:24Z
2026-08-08T03:12:41+00:00,BetAnything,h2h,manoel sousa,richie miranda,1.32,3.35,2026-08-08T03:12:39Z
2026-08-08T03:12:41+00:00,BetOnline.ag,h2h,mateusz gamrot,quillan salkilld,2.12,1.76,2026-08-08T03:10:16Z
2026-08-08T03:12:41+00:00,Winamax (FR),h2h,mateusz gamrot,quillan salkilld,2.0,1.68,2026-08-08T03:12:07Z
2026-08-08T03:12:41+00:00,Betclic (FR),h2h,mateusz gamrot,quillan salkilld,2.1,1.65,2026-08-08T03:10:24Z
2026-08-08T03:12:41+00:00,1xBet,h2h,mateusz gamrot,quillan salkilld,2.16,1.71,2026-08-08T03:11:46Z
2026-08-08T03:12:41+00:00,Pinnacle,h2h,mateusz gamrot,quillan salkilld,2.18,1.74,2026-08-08T03:12:39Z
2026-08-08T03:12:41+00:00,BetUS,h2h,mateusz gamrot,quillan salkilld,2.14,1.74,2026-08-08T03:11:44Z
2026-08-08T03:12:41+00:00,Unibet (UK),h2h,mateusz gamrot,quillan salkilld,2.1,1.75,2026-08-08T03:11:46Z
2026-08-08T03:12:41+00:00,Nordic Bet,h2h,mateusz gamrot,quillan salkilld,2.25,1.67,2026-08-08T03:11:48Z
2026-08-08T03:12:41+00:00,Betsson,h2h,mateusz gamrot,quillan salkilld,2.25,1.67,2026-08-08T03:12:39Z
2026-08-08T03:12:41+00:00,DraftKings,h2h,mateusz gamrot,quillan salkilld,2.14,1.74,2026-08-08T03:11:24Z
2026-08-08T03:12:41+00:00,LiveScore Bet,h2h,mateusz gamrot,quillan salkilld,2.16,1.7,2026-08-08T03:12:39Z
2026-08-08T03:12:41+00:00,Grosvenor,h2h,mateusz gamrot,quillan salkilld,2.07,1.63,2026-08-08T03:12:29Z
2026-08-08T03:12:41+00:00,Virgin Bet,h2h,mateusz gamrot,quillan salkilld,2.16,1.7,2026-08-08T03:12:07Z
2026-08-08T03:12:41+00:00,BetRivers,h2h,mateusz gamrot,quillan salkilld,2.16,1.7,2026-08-08T03:12:30Z
2026-08-08T03:12:41+00:00,Coolbet,h2h,mateusz gamrot,quillan salkilld,2.13,1.75,2026-08-08T03:11:58Z
2026-08-08T03:12:41+00:00,FanDuel,h2h,mateusz gamrot,quillan salkilld,2.22,1.69,2026-08-08T03:12:17Z
2026-08-08T03:12:41+00:00,Paddy Power,h2h,mateusz gamrot,quillan salkilld,2.2,1.67,2026-08-08T03:11:02Z
2026-08-08T03:12:41+00:00,Bovada,h2h,mateusz gamrot,quillan salkilld,2.17,1.72,2026-08-08T03:08:59Z
2026-08-08T03:12:41+00:00,Betway,h2h,mateusz gamrot,quillan salkilld,2.1,1.73,2026-08-08T03:11:48Z
2026-08-08T03:12:41+00:00,Betfair,h2h,mateusz gamrot,quillan salkilld,2.24,1.78,2026-08-08T03:12:28Z
2026-08-08T03:12:41+00:00,Betfair,h2h,mateusz gamrot,quillan salkilld,2.24,1.78,2026-08-08T03:12:28Z
2026-08-08T03:12:41+00:00,PMU (FR),h2h,mateusz gamrot,quillan salkilld,2.16,1.7,2026-08-08T03:11:47Z
2026-08-08T03:12:41+00:00,BetAnything,h2h,mateusz gamrot,quillan salkilld,2.05,1.74,2026-08-08T03:12:39Z
2026-08-08T03:12:41+00:00,Matchbook,h2h,mateusz gamrot,quillan salkilld,2.26,1.78,2026-08-08T03:12:28Z
2026-08-08T03:12:41+00:00,Unibet (FR),h2h,mateusz gamrot,quillan salkilld,2.05,1.68,2026-08-08T03:12:18Z
2026-08-08T03:12:41+00:00,Marathon Bet,h2h,mateusz gamrot,quillan salkilld,2.13,1.68,2026-08-08T03:12:06Z
2026-08-08T03:12:41+00:00,BetOnline.ag,h2h,max holloway,paddy pimblett,1.56,2.55,2026-08-08T03:10:16Z
2026-08-08T03:12:41+00:00,BetOnline.ag,h2h,merab dvalishvili,petr yan,2.5,1.57,2026-08-08T03:10:16Z
2026-08-08T03:12:41+00:00,BetOnline.ag,h2h,nassourdine imavov,sean strickland,1.88,1.94,2026-08-08T03:10:16Z
2026-08-08T03:12:41+00:00,BetOnline.ag,h2h,natalia silva,valentina shevchenko,3.1,1.4,2026-08-08T03:10:16Z
2026-08-08T03:12:41+00:00,BetOnline.ag,h2h,neil magny,ramiz brahimaj,1.91,1.91,2026-08-08T03:10:16Z
2026-08-08T03:12:41+00:00,1xBet,h2h,neil magny,ramiz brahimaj,1.96,1.96,2026-08-08T03:11:46Z
2026-08-08T03:12:41+00:00,Pinnacle,h2h,neil magny,ramiz brahimaj,1.88,1.97,2026-08-08T03:12:39Z
2026-08-08T03:12:41+00:00,888sport,h2h,neil magny,ramiz brahimaj,1.91,1.91,2026-08-08T03:11:45Z
2026-08-08T03:12:41+00:00,Nordic Bet,h2h,neil magny,ramiz brahimaj,1.88,1.88,2026-08-08T03:11:48Z
2026-08-08T03:12:41+00:00,Betsson,h2h,neil magny,ramiz brahimaj,1.88,1.88,2026-08-08T03:12:39Z
2026-08-08T03:12:41+00:00,DraftKings,h2h,neil magny,ramiz brahimaj,1.87,1.95,2026-08-08T03:11:24Z
2026-08-08T03:12:41+00:00,LiveScore Bet,h2h,neil magny,ramiz brahimaj,1.9,1.9,2026-08-08T03:12:39Z
2026-08-08T03:12:41+00:00,Virgin Bet,h2h,neil magny,ramiz brahimaj,1.9,1.9,2026-08-08T03:12:07Z
2026-08-08T03:12:41+00:00,Grosvenor,h2h,neil magny,ramiz brahimaj,1.82,1.82,2026-08-08T03:12:29Z
2026-08-08T03:12:41+00:00,BetRivers,h2h,neil magny,ramiz brahimaj,1.89,1.89,2026-08-08T03:12:30Z
2026-08-08T03:12:41+00:00,Coolbet,h2h,neil magny,ramiz brahimaj,1.92,1.92,2026-08-08T03:11:58Z
2026-08-08T03:12:41+00:00,DraftKings,h2h,robelis despaigne,tai tuivasa,1.2,4.8,2026-08-08T03:11:24Z
2026-08-08T03:12:41+00:00,1xBet,h2h,robelis despaigne,tai tuivasa,1.23,4.66,2026-08-08T03:11:46Z
2026-08-08T03:12:41+00:00,BetOnline.ag,h2h,song yadong,umar nurmagomedov,4.5,1.22,2026-08-08T03:10:16Z
2026-08-08T03:12:41+00:00,Betclic (FR),h2h,song yadong,umar nurmagomedov,4.45,1.17,2026-08-08T03:10:24Z
2026-08-08T03:12:41+00:00,1xBet,h2h,song yadong,umar nurmagomedov,5.19,1.19,2026-08-08T03:11:46Z
2026-08-08T03:12:41+00:00,BetUS,h2h,song yadong,umar nurmagomedov,4.39,1.22,2026-08-08T03:11:44Z
2026-08-08T03:12:41+00:00,DraftKings,h2h,song yadong,umar nurmagomedov,4.5,1.22,2026-08-08T03:11:24Z
2026-08-08T03:12:41+00:00,Betway,h2h,song yadong,umar nurmagomedov,4.5,1.2,2026-08-08T03:11:48Z
2026-08-08T03:12:41+00:00,FanDuel,h2h,song yadong,umar nurmagomedov,4.5,1.19,2026-08-08T03:12:17Z
2026-08-08T03:12:41+00:00,Paddy Power,h2h,song yadong,umar nurmagomedov,4.5,1.2,2026-08-08T03:11:02Z
2026-08-08T03:12:41+00:00,Winamax (FR),h2h,song yadong,umar nurmagomedov,4.0,1.2,2026-08-08T03:12:07Z
2026-08-08T03:12:41+00:00,LiveScore Bet,h2h,song yadong,umar nurmagomedov,4.35,1.21,2026-08-08T03:12:39Z
2026-08-08T03:12:41+00:00,BetRivers,h2h,song yadong,umar nurmagomedov,4.35,1.21,2026-08-08T03:12:30Z
2026-08-08T03:12:41+00:00,Virgin Bet,h2h,song yadong,umar nurmagomedov,4.35,1.21,2026-08-08T03:12:07Z
2026-08-08T03:12:41+00:00,Grosvenor,h2h,song yadong,umar nurmagomedov,4.1,1.17,2026-08-08T03:12:29Z
2026-08-08T03:12:41+00:00,Coolbet,h2h,song yadong,umar nurmagomedov,4.5,1.22,2026-08-08T03:11:58Z
2026-08-08T03:12:41+00:00,BetOnline.ag,h2h,tresean gore,vicente luque,1.83,2.0,2026-08-08T03:10:16Z
2026-08-08T03:12:41+00:00,1xBet,h2h,tresean gore,vicente luque,1.81,2.2,2026-08-08T03:11:46Z
2026-08-08T03:12:41+00:00,Pinnacle,h2h,tresean gore,vicente luque,1.71,2.19,2026-08-08T03:12:39Z
2026-08-08T03:12:41+00:00,Unibet (UK),h2h,tresean gore,vicente luque,1.78,1.98,2026-08-08T03:11:46Z
2026-08-08T03:12:41+00:00,Nordic Bet,h2h,tresean gore,vicente luque,1.7,2.1,2026-08-08T03:11:48Z
2026-08-08T03:12:41+00:00,Betsson,h2h,tresean gore,vicente luque,1.7,2.1,2026-08-08T03:12:39Z
2026-08-08T03:12:41+00:00,DraftKings,h2h,tresean gore,vicente luque,1.7,2.2,2026-08-08T03:11:24Z
2026-08-08T03:12:41+00:00,Grosvenor,h2h,tresean gore,vicente luque,1.7,1.96,2026-08-08T03:12:29Z
2026-08-08T03:12:41+00:00,LiveScore Bet,h2h,tresean gore,vicente luque,1.76,2.07,2026-08-08T03:12:39Z
2026-08-08T03:12:41+00:00,BetRivers,h2h,tresean gore,vicente luque,1.76,2.07,2026-08-08T03:12:30Z
2026-08-08T03:12:41+00:00,Virgin Bet,h2h,tresean gore,vicente luque,1.76,2.07,2026-08-08T03:12:07Z
2026-08-08T03:12:41+00:00,Coolbet,h2h,tresean gore,vicente luque,1.77,2.1,2026-08-08T03:11:58Z
2026-08-08T03:12:47+00:00,FanDuel,h2h,aaron jeffery,joshua silveira,1.02,15.0,2026-08-08T03:12:17Z
2026-08-08T03:12:47+00:00,Winamax (FR),h2h,aaron jeffery,joshua silveira,1.01,20.0,2026-08-08T03:12:07Z
2026-08-08T03:12:47+00:00,Grosvenor,h2h,aaron jeffery,joshua silveira,1.03,11.5,2026-08-08T03:12:29Z
2026-08-08T03:12:47+00:00,BetOnline.ag,h2h,alex pereira,josh hokit,2.4,1.62,2026-08-08T03:10:16Z
2026-08-08T03:12:47+00:00,DraftKings,h2h,alexandre pantoja,joshua van,1.85,1.98,2026-08-08T03:11:24Z
2026-08-08T03:12:47+00:00,Betclic (FR),h2h,alexandre pantoja,joshua van,1.85,1.85,2026-08-08T03:12:43Z
2026-08-08T03:12:47+00:00,1xBet,h2h,alexandre pantoja,joshua van,1.96,1.96,2026-08-08T03:11:46Z
2026-08-08T03:12:47+00:00,BetRivers,h2h,alexandre pantoja,joshua van,1.83,1.97,2026-08-08T03:12:30Z
2026-08-08T03:12:47+00:00,Virgin Bet,h2h,alexandre pantoja,joshua van,1.83,1.98,2026-08-08T03:12:07Z
2026-08-08T03:12:47+00:00,Grosvenor,h2h,alexandre pantoja,joshua van,1.75,1.88,2026-08-08T03:12:29Z
2026-08-08T03:12:47+00:00,LiveScore Bet,h2h,alexandre pantoja,joshua van,1.83,1.98,2026-08-08T03:12:39Z
2026-08-08T03:12:47+00:00,Winamax (FR),h2h,alexandre pantoja,joshua van,1.74,1.84,2026-08-08T03:12:07Z
2026-08-08T03:12:47+00:00,BetOnline.ag,h2h,alexia thainara,amanda lemos,1.38,3.15,2026-08-08T03:10:16Z
2026-08-08T03:12:47+00:00,1xBet,h2h,alexia thainara,amanda lemos,1.37,3.15,2026-08-08T03:11:46Z
2026-08-08T03:12:47+00:00,Pinnacle,h2h,alexia thainara,amanda lemos,1.4,3.15,2026-08-08T03:12:39Z
2026-08-08T03:12:47+00:00,BetUS,h2h,alexia thainara,amanda lemos,1.38,3.14,2026-08-08T03:11:44Z
2026-08-08T03:12:47+00:00,Unibet (UK),h2h,alexia thainara,amanda lemos,1.36,3.15,2026-08-08T03:11:46Z
2026-08-08T03:12:47+00:00,Nordic Bet,h2h,alexia thainara,amanda lemos,1.35,3.35,2026-08-08T03:11:48Z
2026-08-08T03:12:47+00:00,Betsson,h2h,alexia thainara,amanda lemos,1.35,3.35,2026-08-08T03:12:39Z
2026-08-08T03:12:47+00:00,DraftKings,h2h,alexia thainara,amanda lemos,1.38,3.15,2026-08-08T03:11:24Z
2026-08-08T03:12:47+00:00,Virgin Bet,h2h,alexia thainara,amanda lemos,1.37,3.1,2026-08-08T03:12:07Z
2026-08-08T03:12:47+00:00,LiveScore Bet,h2h,alexia thainara,amanda lemos,1.37,3.1,2026-08-08T03:12:39Z
2026-08-08T03:12:47+00:00,BetRivers,h2h,alexia thainara,amanda lemos,1.36,3.1,2026-08-08T03:12:30Z
2026-08-08T03:12:47+00:00,Grosvenor,h2h,alexia thainara,amanda lemos,1.33,2.9,2026-08-08T03:12:29Z
2026-08-08T03:12:47+00:00,Coolbet,h2h,alexia thainara,amanda lemos,1.37,3.22,2026-08-08T03:11:58Z
2026-08-08T03:12:47+00:00,FanDuel,h2h,alexia thainara,amanda lemos,1.4,3.05,2026-08-08T03:12:17Z
2026-08-08T03:12:47+00:00,Betfair Sportsbook,h2h,alexia thainara,amanda lemos,1.4,2.88,2026-08-08T03:12:39Z
2026-08-08T03:12:47+00:00,Paddy Power,h2h,alexia thainara,amanda lemos,1.4,2.88,2026-08-08T03:11:02Z
2026-08-08T03:12:47+00:00,Bovada,h2h,alexia thainara,amanda lemos,1.38,3.15,2026-08-08T03:08:59Z
2026-08-08T03:12:47+00:00,Betclic (FR),h2h,alexia thainara,amanda lemos,1.32,3.1,2026-08-08T03:12:43Z
2026-08-08T03:12:47+00:00,Betway,h2h,alexia thainara,amanda lemos,1.36,3.1,2026-08-08T03:11:48Z
2026-08-08T03:12:47+00:00,Betfair,h2h,alexia thainara,amanda lemos,1.43,3.2,2026-08-08T03:12:28Z
2026-08-08T03:12:47+00:00,Betfair,h2h,alexia thainara,amanda lemos,1.43,3.2,2026-08-08T03:12:28Z
2026-08-08T03:12:47+00:00,PMU (FR),h2h,alexia thainara,amanda lemos,1.36,3.1,2026-08-08T03:11:47Z
2026-08-08T03:12:47+00:00,BetAnything,h2h,alexia thainara,amanda lemos,1.38,3.05,2026-08-08T03:12:39Z
2026-08-08T03:12:47+00:00,Winamax (FR),h2h,alexia thainara,amanda lemos,1.34,2.95,2026-08-08T03:12:07Z
2026-08-08T03:12:47+00:00,Matchbook,h2h,alexia thainara,amanda lemos,1.43,3.2,2026-08-08T03:12:28Z
2026-08-08T03:12:47+00:00,Marathon Bet,h2h,alexia thainara,amanda lemos,1.36,3.04,2026-08-08T03:12:06Z
2026-08-08T03:12:47+00:00,Unibet (FR),h2h,alexia thainara,amanda lemos,1.33,3.05,2026-08-08T03:12:18Z
2026-08-08T03:12:47+00:00,BetOnline.ag,h2h,ananias mulumba,tom pagliarulo,1.59,2.3,2026-08-08T03:10:16Z
2026-08-08T03:12:47+00:00,BetOnline.ag,h2h,arman tsarukyan,justin gaethje,1.2,4.85,2026-08-08T03:10:16Z
2026-08-08T03:12:47+00:00,DraftKings,h2h,arman tsarukyan,mauricio ruffy,1.28,3.85,2026-08-08T03:11:24Z
2026-08-08T03:12:47+00:00,Betclic (FR),h2h,arman tsarukyan,mauricio ruffy,1.21,4.0,2026-08-08T03:12:43Z
2026-08-08T03:12:47+00:00,Winamax (FR),h2h,arman tsarukyan,mauricio ruffy,1.23,3.3,2026-08-08T03:12:07Z
2026-08-08T03:12:47+00:00,1xBet,h2h,arman tsarukyan,mauricio ruffy,1.28,4.14,2026-08-08T03:11:46Z
2026-08-08T03:12:47+00:00,BetOnline.ag,h2h,billy goff,ty miller,4.1,1.26,2026-08-08T03:10:16Z
2026-08-08T03:12:47+00:00,1xBet,h2h,billy goff,ty miller,4.22,1.23,2026-08-08T03:11:46Z
2026-08-08T03:12:47+00:00,Pinnacle,h2h,billy goff,ty miller,4.3,1.25,2026-08-08T03:12:39Z
2026-08-08T03:12:47+00:00,BetUS,h2h,billy goff,ty miller,4.3,1.23,2026-08-08T03:11:44Z
2026-08-08T03:12:47+00:00,Unibet (UK),h2h,billy goff,ty miller,4.1,1.24,2026-08-08T03:11:46Z
2026-08-08T03:12:47+00:00,888sport,h2h,billy goff,ty miller,4.0,1.25,2026-08-08T03:11:45Z
2026-08-08T03:12:47+00:00,Betsson,h2h,billy goff,ty miller,4.15,1.24,2026-08-08T03:12:39Z
2026-08-08T03:12:47+00:00,Nordic Bet,h2h,billy goff,ty miller,4.15,1.24,2026-08-08T03:11:48Z
2026-08-08T03:12:47+00:00,DraftKings,h2h,billy goff,ty miller,4.3,1.24,2026-08-08T03:11:24Z
2026-08-08T03:12:47+00:00,Coolbet,h2h,billy goff,ty miller,3.9,1.28,2026-08-08T03:11:58Z
2026-08-08T03:12:47+00:00,Virgin Bet,h2h,billy goff,ty miller,4.1,1.24,2026-08-08T03:12:07Z
2026-08-08T03:12:47+00:00,BetRivers,h2h,billy goff,ty miller,4.1,1.24,2026-08-08T03:12:30Z
2026-08-08T03:12:47+00:00,Grosvenor,h2h,billy goff,ty miller,3.85,1.19,2026-08-08T03:12:29Z
2026-08-08T03:12:47+00:00,LiveScore Bet,h2h,billy goff,ty miller,4.1,1.24,2026-08-08T03:12:39Z
2026-08-08T03:12:47+00:00,Betfair Sportsbook,h2h,billy goff,ty miller,3.75,1.25,2026-08-08T03:12:39Z
2026-08-08T03:12:47+00:00,Paddy Power,h2h,billy goff,ty miller,3.75,1.25,2026-08-08T03:11:02Z
2026-08-08T03:12:47+00:00,FanDuel,h2h,billy goff,ty miller,4.1,1.26,2026-08-08T03:12:17Z
2026-08-08T03:12:47+00:00,Bovada,h2h,billy goff,ty miller,4.15,1.25,2026-08-08T03:08:59Z
2026-08-08T03:12:47+00:00,Betclic (FR),h2h,billy goff,ty miller,4.0,1.21,2026-08-08T03:12:43Z
2026-08-08T03:12:47+00:00,Betway,h2h,billy goff,ty miller,4.0,1.25,2026-08-08T03:11:48Z
2026-08-08T03:12:47+00:00,Betfair,h2h,billy goff,ty miller,4.5,1.26,2026-08-08T03:12:28Z
2026-08-08T03:12:47+00:00,Betfair,h2h,billy goff,ty miller,4.5,1.26,2026-08-08T03:12:28Z
2026-08-08T03:12:47+00:00,PMU (FR),h2h,billy goff,ty miller,4.1,1.24,2026-08-08T03:11:47Z
2026-08-08T03:12:47+00:00,BetAnything,h2h,billy goff,ty miller,3.65,1.24,2026-08-08T03:12:39Z
2026-08-08T03:12:47+00:00,Winamax (FR),h2h,billy goff,ty miller,3.55,1.2,2026-08-08T03:12:07Z
2026-08-08T03:12:47+00:00,Matchbook,h2h,billy goff,ty miller,4.5,1.26,2026-08-08T03:12:28Z
2026-08-08T03:12:47+00:00,BetOnline.ag,h2h,billy quarantillo,carlos diego ferreira,2.57,1.56,2026-08-08T03:10:16Z
2026-08-08T03:12:47+00:00,1xBet,h2h,billy quarantillo,carlos diego ferreira,2.44,1.56,2026-08-08T03:11:46Z
2026-08-08T03:12:47+00:00,Pinnacle,h2h,billy quarantillo,carlos diego ferreira,2.51,1.57,2026-08-08T03:12:40Z
2026-08-08T03:12:47+00:00,BetUS,h2h,billy quarantillo,carlos diego ferreira,2.48,1.56,2026-08-08T03:11:44Z
2026-08-08T03:12:47+00:00,Unibet (UK),h2h,billy quarantillo,carlos diego ferreira,2.5,1.53,2026-08-08T03:11:46Z
2026-08-08T03:12:47+00:00,888sport,h2h,billy quarantillo,carlos diego ferreira,2.5,1.53,2026-08-08T03:11:45Z
2026-08-08T03:12:47+00:00,Nordic Bet,h2h,billy quarantillo,carlos diego ferreira,2.4,1.6,2026-08-08T03:11:48Z
2026-08-08T03:12:47+00:00,Betsson,h2h,billy quarantillo,carlos diego ferreira,2.4,1.6,2026-08-08T03:12:39Z
2026-08-08T03:12:47+00:00,DraftKings,h2h,billy quarantillo,carlos diego ferreira,2.5,1.56,2026-08-08T03:11:24Z
2026-08-08T03:12:47+00:00,LiveScore Bet,h2h,billy quarantillo,carlos diego ferreira,2.43,1.56,2026-08-08T03:12:39Z
2026-08-08T03:12:47+00:00,Grosvenor,h2h,billy quarantillo,carlos diego ferreira,2.3,1.5,2026-08-08T03:12:29Z
2026-08-08T03:12:47+00:00,Virgin Bet,h2h,billy quarantillo,carlos diego ferreira,2.43,1.56,2026-08-08T03:12:07Z
2026-08-08T03:12:47+00:00,BetRivers,h2h,billy quarantillo,carlos diego ferreira,2.43,1.56,2026-08-08T03:12:30Z
2026-08-08T03:12:47+00:00,Marathon Bet,h2h,billy quarantillo,carlos diego ferreira,2.43,1.53,2026-08-08T03:12:06Z
2026-08-08T03:12:47+00:00,Coolbet,h2h,billy quarantillo,carlos diego ferreira,2.5,1.56,2026-08-08T03:11:58Z
2026-08-08T03:12:47+00:00,Betclic (FR),h2h,billy quarantillo,carlos diego ferreira,2.43,1.5,2026-08-08T03:12:43Z
2026-08-08T03:12:47+00:00,FanDuel,h2h,billy quarantillo,carlos diego ferreira,2.48,1.57,2026-08-08T03:12:17Z
2026-08-08T03:12:47+00:00,Paddy Power,h2h,billy quarantillo,carlos diego ferreira,2.38,1.57,2026-08-08T03:11:02Z
2026-08-08T03:12:47+00:00,Bovada,h2h,billy quarantillo,carlos diego ferreira,2.47,1.58,2026-08-08T03:08:59Z
2026-08-08T03:12:47+00:00,Unibet (FR),h2h,billy quarantillo,carlos diego ferreira,2.45,1.49,2026-08-08T03:12:18Z
2026-08-08T03:12:47+00:00,Betway,h2h,billy quarantillo,carlos diego ferreira,2.4,1.57,2026-08-08T03:11:48Z
2026-08-08T03:12:47+00:00,Betfair,h2h,billy quarantillo,carlos diego ferreira,2.66,1.57,2026-08-08T03:12:28Z
2026-08-08T03:12:47+00:00,Betfair,h2h,billy quarantillo,carlos diego ferreira,2.66,1.57,2026-08-08T03:12:28Z
2026-08-08T03:12:47+00:00,PMU (FR),h2h,billy quarantillo,carlos diego ferreira,2.43,1.56,2026-08-08T03:11:47Z
2026-08-08T03:12:47+00:00,BetAnything,h2h,billy quarantillo,carlos diego ferreira,2.5,1.56,2026-08-08T03:12:39Z
2026-08-08T03:12:47+00:00,Winamax (FR),h2h,billy quarantillo,carlos diego ferreira,2.4,1.5,2026-08-08T03:12:07Z
2026-08-08T03:12:47+00:00,Matchbook,h2h,billy quarantillo,carlos diego ferreira,2.66,1.57,2026-08-08T03:12:28Z
2026-08-08T03:12:47+00:00,BetOnline.ag,h2h,bruno lopes,diyar nurgozhay,2.3,1.67,2026-08-08T03:10:16Z
2026-08-08T03:12:47+00:00,1xBet,h2h,bruno lopes,diyar nurgozhay,2.22,1.63,2026-08-08T03:11:46Z
2026-08-08T03:12:47+00:00,Pinnacle,h2h,bruno lopes,diyar nurgozhay,2.36,1.64,2026-08-08T03:12:39Z
2026-08-08T03:12:47+00:00,BetUS,h2h,bruno lopes,diyar nurgozhay,2.3,1.65,2026-08-08T03:11:44Z
2026-08-08T03:12:47+00:00,Unibet (UK),h2h,bruno lopes,diyar nurgozhay,2.3,1.63,2026-08-08T03:11:46Z
2026-08-08T03:12:47+00:00,Betsson,h2h,bruno lopes,diyar nurgozhay,2.25,1.67,2026-08-08T03:12:39Z
2026-08-08T03:12:47+00:00,Nordic Bet,h2h,bruno lopes,diyar nurgozhay,2.25,1.67,2026-08-08T03:11:48Z
2026-08-08T03:12:47+00:00,DraftKings,h2h,bruno lopes,diyar nurgozhay,2.3,1.65,2026-08-08T03:11:24Z
2026-08-08T03:12:47+00:00,Coolbet,h2h,bruno lopes,diyar nurgozhay,2.3,1.65,2026-08-08T03:11:58Z
2026-08-08T03:12:47+00:00,FanDuel,h2h,bruno lopes,diyar nurgozhay,2.32,1.64,2026-08-08T03:12:17Z
2026-08-08T03:12:47+00:00,Betfair Sportsbook,h2h,bruno lopes,diyar nurgozhay,2.25,1.62,2026-08-08T03:12:39Z
2026-08-08T03:12:47+00:00,Paddy Power,h2h,bruno lopes,diyar nurgozhay,2.25,1.62,2026-08-08T03:11:02Z
2026-08-08T03:12:47+00:00,Bovada,h2h,bruno lopes,diyar nurgozhay,2.3,1.67,2026-08-08T03:08:59Z
2026-08-08T03:12:47+00:00,LiveScore Bet,h2h,bruno lopes,diyar nurgozhay,2.23,1.65,2026-08-08T03:12:39Z
2026-08-08T03:12:47+00:00,Virgin Bet,h2h,bruno lopes,diyar nurgozhay,2.23,1.65,2026-08-08T03:12:07Z
2026-08-08T03:12:47+00:00,Grosvenor,h2h,bruno lopes,diyar nurgozhay,2.12,1.6,2026-08-08T03:12:29Z
2026-08-08T03:12:47+00:00,BetRivers,h2h,bruno lopes,diyar nurgozhay,2.23,1.65,2026-08-08T03:12:30Z
2026-08-08T03:12:47+00:00,Betway,h2h,bruno lopes,diyar nurgozhay,2.2,1.67,2026-08-08T03:11:48Z
2026-08-08T03:12:47+00:00,Betfair,h2h,bruno lopes,diyar nurgozhay,2.46,1.65,2026-08-08T03:12:28Z
2026-08-08T03:12:47+00:00,Betfair,h2h,bruno lopes,diyar nurgozhay,2.46,1.65,2026-08-08T03:12:28Z
2026-08-08T03:12:47+00:00,BetAnything,h2h,bruno lopes,diyar nurgozhay,2.3,1.62,2026-08-08T03:12:39Z
2026-08-08T03:12:47+00:00,Matchbook,h2h,bruno lopes,diyar nurgozhay,2.46,1.65,2026-08-08T03:12:28Z
2026-08-08T03:12:47+00:00,BetOnline.ag,h2h,bryan battle,dalton rosta,1.74,2.15,2026-08-08T03:10:16Z
2026-08-08T03:12:47+00:00,Winamax (FR),h2h,bryan battle,dalton rosta,1.62,1.96,2026-08-08T03:12:07Z
2026-08-08T03:12:47+00:00,Grosvenor,h2h,bryan battle,dalton rosta,1.68,2.15,2026-08-08T03:12:29Z
2026-08-08T03:12:47+00:00,FanDuel,h2h,bryan battle,dalton rosta,1.74,2.16,2026-08-08T03:12:17Z
2026-08-08T03:12:47+00:00,BetOnline.ag,h2h,carlos ulberg,magomed ankalaev,2.65,1.53,2026-08-08T03:10:16Z
2026-08-08T03:12:47+00:00,BetOnline.ag,h2h,carol foro,giovanna canuto,1.43,2.95,2026-08-08T03:10:16Z
2026-08-08T03:12:47+00:00,1xBet,h2h,carol foro,giovanna canuto,1.37,3.03,2026-08-08T03:11:46Z
2026-08-08T03:12:47+00:00,FanDuel,h2h,carol foro,giovanna canuto,1.42,2.94,2026-08-08T03:12:17Z
2026-08-08T03:12:47+00:00,Betfair Sportsbook,h2h,carol foro,giovanna canuto,1.4,2.88,2026-08-08T03:12:39Z
2026-08-08T03:12:47+00:00,Unibet (UK),h2h,carol foro,giovanna canuto,1.42,2.9,2026-08-08T03:11:46Z
2026-08-08T03:12:47+00:00,Betfair,h2h,carol foro,giovanna canuto,1.41,3.05,2026-08-08T03:12:28Z
2026-08-08T03:12:47+00:00,Paddy Power,h2h,carol foro,giovanna canuto,1.4,2.88,2026-08-08T03:11:02Z
2026-08-08T03:12:47+00:00,Betfair,h2h,carol foro,giovanna canuto,1.42,3.05,2026-08-08T03:12:28Z
2026-08-08T03:12:47+00:00,Betway,h2h,carol foro,giovanna canuto,1.36,3.1,2026-08-08T03:11:48Z
2026-08-08T03:12:47+00:00,Bovada,h2h,carol foro,giovanna canuto,1.41,3.05,2026-08-08T03:08:59Z
2026-08-08T03:12:47+00:00,DraftKings,h2h,carol foro,giovanna canuto,1.41,3.0,2026-08-08T03:11:24Z
2026-08-08T03:12:47+00:00,Betsson,h2h,carol foro,giovanna canuto,1.37,2.95,2026-08-08T03:12:39Z
2026-08-08T03:12:47+00:00,Nordic Bet,h2h,carol foro,giovanna canuto,1.37,2.95,2026-08-08T03:11:48Z
2026-08-08T03:12:47+00:00,Coolbet,h2h,carol foro,giovanna canuto,1.39,3.1,2026-08-08T03:11:58Z
2026-08-08T03:12:47+00:00,BetRivers,h2h,carol foro,giovanna canuto,1.38,3.05,2026-08-08T03:12:30Z
2026-08-08T03:12:47+00:00,Virgin Bet,h2h,carol foro,giovanna canuto,1.38,3.05,2026-08-08T03:12:07Z
2026-08-08T03:12:47+00:00,Grosvenor,h2h,carol foro,giovanna canuto,1.33,2.88,2026-08-08T03:12:29Z
2026-08-08T03:12:47+00:00,LiveScore Bet,h2h,carol foro,giovanna canuto,1.38,3.05,2026-08-08T03:12:39Z
2026-08-08T03:12:47+00:00,BetUS,h2h,carol foro,giovanna canuto,1.4,3.07,2026-08-08T03:11:44Z
2026-08-08T03:12:47+00:00,BetAnything,h2h,carol foro,giovanna canuto,1.42,2.9,2026-08-08T03:12:39Z
2026-08-08T03:12:47+00:00,888sport,h2h,carol foro,giovanna canuto,1.4,2.95,2026-08-08T03:11:45Z
2026-08-08T03:12:47+00:00,Matchbook,h2h,carol foro,giovanna canuto,1.42,3.05,2026-08-08T03:12:28Z
2026-08-08T03:12:47+00:00,Pinnacle,h2h,carol foro,giovanna canuto,1.41,3.07,2026-08-08T03:12:39Z
2026-08-08T03:12:47+00:00,BetOnline.ag,h2h,charles johnson,jose ochoa,3.89,1.28,2026-08-08T03:10:16Z
2026-08-08T03:12:47+00:00,Pinnacle,h2h,charles johnson,jose ochoa,3.67,1.31,2026-08-08T03:12:39Z
2026-08-08T03:12:47+00:00,1xBet,h2h,charles johnson,jose ochoa,3.69,1.3,2026-08-08T03:11:46Z
2026-08-08T03:12:47+00:00,Betsson,h2h,charles johnson,jose ochoa,3.75,1.25,2026-08-08T03:12:39Z
2026-08-08T03:12:47+00:00,Nordic Bet,h2h,charles johnson,jose ochoa,3.75,1.25,2026-08-08T03:11:48Z
2026-08-08T03:12:47+00:00,DraftKings,h2h,charles johnson,jose ochoa,3.6,1.31,2026-08-08T03:11:24Z
2026-08-08T03:12:47+00:00,Betclic (FR),h2h,charles johnson,jose ochoa,3.7,1.24,2026-08-08T03:12:43Z
2026-08-08T03:12:47+00:00,BetRivers,h2h,charles johnson,jose ochoa,3.8,1.26,2026-08-08T03:12:30Z
2026-08-08T03:12:47+00:00,Virgin Bet,h2h,charles johnson,jose ochoa,3.8,1.26,2026-08-08T03:12:07Z
2026-08-08T03:12:47+00:00,Grosvenor,h2h,charles johnson,jose ochoa,3.65,1.21,2026-08-08T03:12:29Z
2026-08-08T03:12:47+00:00,LiveScore Bet,h2h,charles johnson,jose ochoa,3.8,1.26,2026-08-08T03:12:39Z
2026-08-08T03:12:47+00:00,Coolbet,h2h,charles johnson,jose ochoa,3.7,1.3,2026-08-08T03:11:58Z
2026-08-08T03:12:47+00:00,BetOnline.ag,h2h,chidi njokuani,joel alvarez,3.19,1.38,2026-08-08T03:10:16Z
2026-08-08T03:12:47+00:00,DraftKings,h2h,chidi njokuani,joel alvarez,3.1,1.39,2026-08-08T03:11:24Z
2026-08-08T03:12:47+00:00,Nordic Bet,h2h,chidi njokuani,joel alvarez,2.85,1.4,2026-08-08T03:11:48Z
2026-08-08T03:12:47+00:00,Betsson,h2h,chidi njokuani,joel alvarez,2.85,1.4,2026-08-08T03:12:39Z
2026-08-08T03:12:47+00:00,1xBet,h2h,chidi njokuani,joel alvarez,3.3,1.41,2026-08-08T03:11:46Z
2026-08-08T03:12:47+00:00,BetRivers,h2h,chidi njokuani,joel alvarez,2.95,1.4,2026-08-08T03:12:30Z
2026-08-08T03:12:47+00:00,Virgin Bet,h2h,chidi njokuani,joel alvarez,2.95,1.4,2026-08-08T03:12:07Z
2026-08-08T03:12:47+00:00,Grosvenor,h2h,chidi njokuani,joel alvarez,2.8,1.35,2026-08-08T03:12:29Z
2026-08-08T03:12:47+00:00,LiveScore Bet,h2h,chidi njokuani,joel alvarez,2.95,1.4,2026-08-08T03:12:39Z
2026-08-08T03:12:47+00:00,888sport,h2h,chidi njokuani,joel alvarez,3.05,1.36,2026-08-08T03:11:45Z
2026-08-08T03:12:47+00:00,Coolbet,h2h,chidi njokuani,joel alvarez,3.05,1.4,2026-08-08T03:11:58Z
2026-08-08T03:12:47+00:00,Unibet (UK),h2h,chidi njokuani,joel alvarez,3.0,1.36,2026-08-08T03:11:46Z
2026-08-08T03:12:47+00:00,BetOnline.ag,h2h,ciryl gane,josh hokit,1.4,3.1,2026-08-08T03:10:16Z
2026-08-08T03:12:47+00:00,BetOnline.ag,h2h,ciryl gane,tom aspinall,2.05,1.8,2026-08-08T03:10:16Z
2026-08-08T03:12:47+00:00,BetOnline.ag,h2h,conor mcgregor,jorge masvidal,1.69,2.25,2026-08-08T03:10:16Z
2026-08-08T03:12:47+00:00,BetOnline.ag,h2h,conor mcgregor,paddy pimblett,2.3,1.67,2026-08-08T03:10:16Z
2026-08-08T03:12:47+00:00,BetOnline.ag,h2h,darren elkins,yadier delvalle,6.71,1.12,2026-08-08T03:10:16Z
2026-08-08T03:12:47+00:00,1xBet,h2h,darren elkins,yadier delvalle,6.6,1.11,2026-08-08T03:11:46Z
2026-08-08T03:12:47+00:00,Pinnacle,h2h,darren elkins,yadier delvalle,6.99,1.12,2026-08-08T03:12:39Z
2026-08-08T03:12:47+00:00,BetUS,h2h,darren elkins,yadier delvalle,6.35,1.12,2026-08-08T03:11:44Z
2026-08-08T03:12:47+00:00,Unibet (UK),h2h,darren elkins,yadier delvalle,6.5,1.12,2026-08-08T03:11:46Z
2026-08-08T03:12:47+00:00,888sport,h2h,darren elkins,yadier delvalle,6.7,1.1,2026-08-08T03:11:45Z
2026-08-08T03:12:47+00:00,Nordic Bet,h2h,darren elkins,yadier delvalle,7.0,1.11,2026-08-08T03:11:48Z
2026-08-08T03:12:47+00:00,Betsson,h2h,darren elkins,yadier delvalle,7.0,1.11,2026-08-08T03:12:39Z
2026-08-08T03:12:47+00:00,DraftKings,h2h,darren elkins,yadier delvalle,6.75,1.12,2026-08-08T03:11:24Z
2026-08-08T03:12:47+00:00,Coolbet,h2h,darren elkins,yadier delvalle,6.75,1.12,2026-08-08T03:11:58Z
2026-08-08T03:12:47+00:00,LiveScore Bet,h2h,darren elkins,yadier delvalle,6.5,1.11,2026-08-08T03:12:39Z
2026-08-08T03:12:47+00:00,Virgin Bet,h2h,darren elkins,yadier delvalle,6.5,1.11,2026-08-08T03:12:07Z
2026-08-08T03:12:47+00:00,BetRivers,h2h,darren elkins,yadier delvalle,6.5,1.11,2026-08-08T03:12:30Z
2026-08-08T03:12:47+00:00,Grosvenor,h2h,darren elkins,yadier delvalle,6.0,1.07,2026-08-08T03:12:29Z
2026-08-08T03:12:47+00:00,FanDuel,h2h,darren elkins,yadier delvalle,6.3,1.13,2026-08-08T03:12:17Z
2026-08-08T03:12:47+00:00,Paddy Power,h2h,darren elkins,yadier delvalle,5.5,1.14,2026-08-08T03:11:02Z
2026-08-08T03:12:47+00:00,Bovada,h2h,darren elkins,yadier delvalle,6.75,1.12,2026-08-08T03:08:59Z
2026-08-08T03:12:47+00:00,Betclic (FR),h2h,darren elkins,yadier delvalle,6.6,1.08,2026-08-08T03:12:43Z
2026-08-08T03:12:47+00:00,Betway,h2h,darren elkins,yadier delvalle,6.0,1.12,2026-08-08T03:11:48Z
2026-08-08T03:12:47+00:00,Betfair,h2h,darren elkins,yadier delvalle,6.8,1.15,2026-08-08T03:12:28Z
2026-08-08T03:12:47+00:00,Betfair,h2h,darren elkins,yadier delvalle,6.8,1.15,2026-08-08T03:12:28Z
2026-08-08T03:12:47+00:00,PMU (FR),h2h,darren elkins,yadier delvalle,6.5,1.11,2026-08-08T03:11:47Z
2026-08-08T03:12:47+00:00,BetAnything,h2h,darren elkins,yadier delvalle,5.75,1.12,2026-08-08T03:12:39Z
2026-08-08T03:12:47+00:00,Winamax (FR),h2h,darren elkins,yadier delvalle,5.8,1.1,2026-08-08T03:12:07Z
2026-08-08T03:12:47+00:00,Matchbook,h2h,darren elkins,yadier delvalle,7.4,1.15,2026-08-08T03:12:28Z
2026-08-08T03:12:47+00:00,Unibet (FR),h2h,darren elkins,yadier delvalle,6.1,1.09,2026-08-08T03:12:18Z
2026-08-08T03:12:47+00:00,BetOnline.ag,h2h,darren till,yoel romero,1.57,2.35,2026-08-08T03:10:16Z
2026-08-08T03:12:47+00:00,BetOnline.ag,h2h,donte johnson,eric mcconico,1.39,3.11,2026-08-08T03:10:16Z
2026-08-08T03:12:47+00:00,1xBet,h2h,donte johnson,eric mcconico,1.49,2.95,2026-08-08T03:11:46Z
2026-08-08T03:12:47+00:00,Pinnacle,h2h,donte johnson,eric mcconico,1.41,3.04,2026-08-08T03:12:39Z
2026-08-08T03:12:47+00:00,Unibet (UK),h2h,donte johnson,eric mcconico,1.36,2.95,2026-08-08T03:11:46Z
2026-08-08T03:12:47+00:00,Nordic Bet,h2h,donte johnson,eric mcconico,1.4,2.9,2026-08-08T03:11:48Z
2026-08-08T03:12:47+00:00,Betsson,h2h,donte johnson,eric mcconico,1.4,2.9,2026-08-08T03:12:39Z
2026-08-08T03:12:47+00:00,DraftKings,h2h,donte johnson,eric mcconico,1.41,3.0,2026-08-08T03:11:24Z
2026-08-08T03:12:47+00:00,BetRivers,h2h,donte johnson,eric mcconico,1.4,2.95,2026-08-08T03:12:30Z
2026-08-08T03:12:47+00:00,Virgin Bet,h2h,donte johnson,eric mcconico,1.4,2.95,2026-08-08T03:12:07Z
2026-08-08T03:12:47+00:00,Grosvenor,h2h,donte johnson,eric mcconico,1.35,2.8,2026-08-08T03:12:29Z
2026-08-08T03:12:47+00:00,LiveScore Bet,h2h,donte johnson,eric mcconico,1.4,2.95,2026-08-08T03:12:39Z
2026-08-08T03:12:47+00:00,Coolbet,h2h,donte johnson,eric mcconico,1.42,3.0,2026-08-08T03:11:58Z
2026-08-08T03:12:47+00:00,BetOnline.ag,h2h,dovletdzhan yagshimuradov,simeon powell,1.62,2.4,2026-08-08T03:10:16Z
2026-08-08T03:12:47+00:00,Unibet (FR),h2h,dovletdzhan yagshimuradov,simeon powell,1.57,2.25,2026-08-08T03:12:18Z
2026-08-08T03:12:47+00:00,FanDuel,h2h,dovletdzhan yagshimuradov,simeon powell,1.61,2.38,2026-08-08T03:12:17Z
2026-08-08T03:12:47+00:00,Winamax (FR),h2h,dovletdzhan yagshimuradov,simeon powell,1.52,2.15,2026-08-08T03:12:07Z
2026-08-08T03:12:47+00:00,Grosvenor,h2h,dovletdzhan yagshimuradov,simeon powell,1.53,2.38,2026-08-08T03:12:29Z
2026-08-08T03:12:47+00:00,BetOnline.ag,h2h,dustin stoltzfus,mansur abdul-malik,5.15,1.18,2026-08-08T03:10:16Z
2026-08-08T03:12:47+00:00,1xBet,h2h,dustin stoltzfus,mansur abdul-malik,5.19,1.22,2026-08-08T03:11:46Z
2026-08-08T03:12:47+00:00,Pinnacle,h2h,dustin stoltzfus,mansur abdul-malik,5.13,1.19,2026-08-08T03:12:39Z
2026-08-08T03:12:47+00:00,Unibet (UK),h2h,dustin stoltzfus,mansur abdul-malik,4.75,1.16,2026-08-08T03:11:46Z
2026-08-08T03:12:47+00:00,Winamax (FR),h2h,dustin stoltzfus,mansur abdul-malik,4.2,1.14,2026-08-08T03:12:07Z
2026-08-08T03:12:47+00:00,Betsson,h2h,dustin stoltzfus,mansur abdul-malik,5.0,1.15,2026-08-08T03:12:39Z
2026-08-08T03:12:47+00:00,Nordic Bet,h2h,dustin stoltzfus,mansur abdul-malik,5.0,1.15,2026-08-08T03:11:48Z
2026-08-08T03:12:47+00:00,DraftKings,h2h,dustin stoltzfus,mansur abdul-malik,5.1,1.18,2026-08-08T03:11:24Z
2026-08-08T03:12:47+00:00,Betclic (FR),h2h,dustin stoltzfus,mansur abdul-malik,4.85,1.15,2026-08-08T03:12:43Z
2026-08-08T03:12:47+00:00,BetRivers,h2h,dustin stoltzfus,mansur abdul-malik,5.2,1.16,2026-08-08T03:12:30Z
2026-08-08T03:12:47+00:00,Virgin Bet,h2h,dustin stoltzfus,mansur abdul-malik,5.2,1.16,2026-08-08T03:12:07Z
2026-08-08T03:12:47+00:00,Grosvenor,h2h,dustin stoltzfus,mansur abdul-malik,4.8,1.12,2026-08-08T03:12:29Z
2026-08-08T03:12:47+00:00,LiveScore Bet,h2h,dustin stoltzfus,mansur abdul-malik,5.2,1.16,2026-08-08T03:12:39Z
2026-08-08T03:12:47+00:00,Coolbet,h2h,dustin stoltzfus,mansur abdul-malik,5.15,1.18,2026-08-08T03:11:58Z
2026-08-08T03:12:47+00:00,BetOnline.ag,h2h,edson barboza,esteban ribovics,4.16,1.25,2026-08-08T03:10:16Z
2026-08-08T03:12:47+00:00,1xBet,h2h,edson barboza,esteban ribovics,4.25,1.29,2026-08-08T03:11:46Z
2026-08-08T03:12:47+00:00,Pinnacle,h2h,edson barboza,esteban ribovics,4.18,1.25,2026-08-08T03:12:39Z
2026-08-08T03:12:47+00:00,Unibet (UK),h2h,edson barboza,esteban ribovics,3.9,1.22,2026-08-08T03:11:46Z
2026-08-08T03:12:47+00:00,888sport,h2h,edson barboza,esteban ribovics,4.2,1.22,2026-08-08T03:11:45Z
2026-08-08T03:12:47+00:00,DraftKings,h2h,edson barboza,esteban ribovics,4.1,1.25,2026-08-08T03:11:24Z
2026-08-08T03:12:47+00:00,Betclic (FR),h2h,edson barboza,esteban ribovics,4.0,1.21,2026-08-08T03:12:43Z
2026-08-08T03:12:47+00:00,Grosvenor,h2h,edson barboza,esteban ribovics,4.0,1.18,2026-08-08T03:12:29Z
2026-08-08T03:12:47+00:00,LiveScore Bet,h2h,edson barboza,esteban ribovics,4.25,1.22,2026-08-08T03:12:39Z
2026-08-08T03:12:47+00:00,Virgin Bet,h2h,edson barboza,esteban ribovics,4.25,1.22,2026-08-08T03:12:07Z
2026-08-08T03:12:47+00:00,BetRivers,h2h,edson barboza,esteban ribovics,4.25,1.22,2026-08-08T03:12:30Z
2026-08-08T03:12:47+00:00,Coolbet,h2h,edson barboza,esteban ribovics,4.15,1.25,2026-08-08T03:11:58Z
2026-08-08T03:12:47+00:00,Winamax (FR),h2h,edson barboza,esteban ribovics,3.55,1.2,2026-08-08T03:12:07Z
2026-08-08T03:12:47+00:00,BetOnline.ag,h2h,gable steveson,sean sharaf,1.07,7.0,2026-08-08T03:10:16Z
2026-08-08T03:12:47+00:00,DraftKings,h2h,gable steveson,sean sharaf,1.09,8.0,2026-08-08T03:11:24Z
2026-08-08T03:12:47+00:00,1xBet,h2h,gable steveson,sean sharaf,1.09,7.55,2026-08-08T03:11:46Z
2026-08-08T03:12:47+00:00,FanDuel,h2h,gianni vazquez,miles johns,2.42,1.6,2026-08-08T03:12:17Z
2026-08-08T03:12:47+00:00,Paddy Power,h2h,gianni vazquez,miles johns,2.38,1.57,2026-08-08T03:11:02Z
2026-08-08T03:12:47+00:00,Betfair Sportsbook,h2h,gianni vazquez,miles johns,2.38,1.57,2026-08-08T03:12:39Z
2026-08-08T03:12:47+00:00,1xBet,h2h,gianni vazquez,miles johns,2.3,1.62,2026-08-08T03:11:46Z
2026-08-08T03:12:47+00:00,BetOnline.ag,h2h,gianni vazquez,miles johns,2.49,1.59,2026-08-08T03:10:16Z
2026-08-08T03:12:47+00:00,Betway,h2h,gianni vazquez,miles johns,2.4,1.57,2026-08-08T03:11:48Z
2026-08-08T03:12:47+00:00,Pinnacle,h2h,gianni vazquez,miles johns,2.42,1.61,2026-08-08T03:12:39Z
2026-08-08T03:12:47+00:00,Unibet (UK),h2h,gianni vazquez,miles johns,2.45,1.56,2026-08-08T03:11:46Z
2026-08-08T03:12:47+00:00,BetRivers,h2h,gianni vazquez,miles johns,2.38,1.57,2026-08-08T03:12:30Z
2026-08-08T03:12:47+00:00,Virgin Bet,h2h,gianni vazquez,miles johns,2.38,1.58,2026-08-08T03:12:07Z
2026-08-08T03:12:47+00:00,Grosvenor,h2h,gianni vazquez,miles johns,2.25,1.51,2026-08-08T03:12:29Z
2026-08-08T03:12:47+00:00,LiveScore Bet,h2h,gianni vazquez,miles johns,2.38,1.58,2026-08-08T03:12:39Z
2026-08-08T03:12:47+00:00,BetAnything,h2h,gianni vazquez,miles johns,2.4,1.59,2026-08-08T03:12:39Z
2026-08-08T03:12:47+00:00,Coolbet,h2h,gianni vazquez,miles johns,2.35,1.63,2026-08-08T03:11:58Z
2026-08-08T03:12:47+00:00,Betfair,h2h,gianni vazquez,miles johns,2.24,1.55,2026-08-08T03:12:28Z
2026-08-08T03:12:47+00:00,Betfair,h2h,gianni vazquez,miles johns,2.24,1.55,2026-08-08T03:12:28Z
2026-08-08T03:12:47+00:00,Matchbook,h2h,gianni vazquez,miles johns,2.5,1.56,2026-08-08T03:12:28Z
2026-08-08T03:12:47+00:00,DraftKings,h2h,gillian robertson,mackenzie dern,3.0,1.41,2026-08-08T03:11:24Z
2026-08-08T03:12:47+00:00,Betclic (FR),h2h,gillian robertson,mackenzie dern,2.97,1.34,2026-08-08T03:12:43Z
2026-08-08T03:12:47+00:00,BetOnline.ag,h2h,gillian robertson,mackenzie dern,3.07,1.4,2026-08-08T03:10:16Z
2026-08-08T03:12:47+00:00,1xBet,h2h,gillian robertson,mackenzie dern,2.95,1.44,2026-08-08T03:11:46Z
2026-08-08T03:12:47+00:00,FanDuel,h2h,gillian robertson,mackenzie dern,3.0,1.38,2026-08-08T03:12:17Z
2026-08-08T03:12:47+00:00,Paddy Power,h2h,gillian robertson,mackenzie dern,2.88,1.4,2026-08-08T03:11:02Z
2026-08-08T03:12:47+00:00,LiveScore Bet,h2h,gillian robertson,mackenzie dern,2.88,1.42,2026-08-08T03:12:39Z
2026-08-08T03:12:47+00:00,Grosvenor,h2h,gillian robertson,mackenzie dern,2.7,1.36,2026-08-08T03:12:29Z
2026-08-08T03:12:47+00:00,Virgin Bet,h2h,gillian robertson,mackenzie dern,2.88,1.42,2026-08-08T03:12:07Z
2026-08-08T03:12:47+00:00,Winamax (FR),h2h,gillian robertson,mackenzie dern,2.85,1.36,2026-08-08T03:12:07Z
2026-08-08T03:12:47+00:00,Marathon Bet,h2h,gillian robertson,mackenzie dern,2.86,1.4,2026-08-08T03:12:06Z
2026-08-08T03:12:47+00:00,Pinnacle,h2h,gillian robertson,mackenzie dern,3.01,1.42,2026-08-08T03:12:39Z
2026-08-08T03:12:47+00:00,Coolbet,h2h,gillian robertson,mackenzie dern,2.9,1.44,2026-08-08T03:11:58Z
2026-08-08T03:12:47+00:00,Unibet (FR),h2h,gillian robertson,mackenzie dern,2.7,1.33,2026-08-08T03:12:18Z
2026-08-08T03:12:47+00:00,Unibet (UK),h2h,gillian robertson,mackenzie dern,2.9,1.38,2026-08-08T03:11:46Z
2026-08-08T03:12:47+00:00,BetRivers,h2h,gillian robertson,mackenzie dern,2.88,1.42,2026-08-08T03:12:30Z
2026-08-08T03:12:47+00:00,888sport,h2h,gillian robertson,mackenzie dern,2.95,1.4,2026-08-08T03:11:45Z
2026-08-08T03:12:47+00:00,BetOnline.ag,h2h,guilherme pat,steven asplund,3.52,1.32,2026-08-08T03:10:16Z
2026-08-08T03:12:47+00:00,1xBet,h2h,guilherme pat,steven asplund,3.26,1.32,2026-08-08T03:11:46Z
2026-08-08T03:12:47+00:00,Pinnacle,h2h,guilherme pat,steven asplund,3.47,1.34,2026-08-08T03:12:39Z
2026-08-08T03:12:47+00:00,BetUS,h2h,guilherme pat,steven asplund,3.54,1.32,2026-08-08T03:11:44Z
2026-08-08T03:12:47+00:00,Unibet (UK),h2h,guilherme pat,steven asplund,3.45,1.32,2026-08-08T03:11:46Z
2026-08-08T03:12:47+00:00,888sport,h2h,guilherme pat,steven asplund,3.4,1.3,2026-08-08T03:11:45Z
2026-08-08T03:12:47+00:00,Nordic Bet,h2h,guilherme pat,steven asplund,3.35,1.34,2026-08-08T03:11:48Z
2026-08-08T03:12:47+00:00,Betsson,h2h,guilherme pat,steven asplund,3.35,1.34,2026-08-08T03:12:39Z
2026-08-08T03:12:47+00:00,DraftKings,h2h,guilherme pat,steven asplund,3.4,1.34,2026-08-08T03:11:24Z
2026-08-08T03:12:47+00:00,Grosvenor,h2h,guilherme pat,steven asplund,3.2,1.27,2026-08-08T03:12:29Z
2026-08-08T03:12:47+00:00,Virgin Bet,h2h,guilherme pat,steven asplund,3.4,1.32,2026-08-08T03:12:07Z
2026-08-08T03:12:47+00:00,BetRivers,h2h,guilherme pat,steven asplund,3.4,1.32,2026-08-08T03:12:30Z
2026-08-08T03:12:47+00:00,LiveScore Bet,h2h,guilherme pat,steven asplund,3.4,1.32,2026-08-08T03:12:39Z
2026-08-08T03:12:47+00:00,Coolbet,h2h,guilherme pat,steven asplund,3.45,1.33,2026-08-08T03:11:58Z
2026-08-08T03:12:47+00:00,FanDuel,h2h,guilherme pat,steven asplund,3.4,1.34,2026-08-08T03:12:17Z
2026-08-08T03:12:47+00:00,Betfair Sportsbook,h2h,guilherme pat,steven asplund,3.25,1.33,2026-08-08T03:12:39Z
2026-08-08T03:12:47+00:00,Paddy Power,h2h,guilherme pat,steven asplund,3.25,1.33,2026-08-08T03:11:02Z
2026-08-08T03:12:47+00:00,Bovada,h2h,guilherme pat,steven asplund,3.55,1.32,2026-08-08T03:08:59Z
2026-08-08T03:12:47+00:00,Betway,h2h,guilherme pat,steven asplund,3.1,1.36,2026-08-08T03:11:48Z
2026-08-08T03:12:47+00:00,Betfair,h2h,guilherme pat,steven asplund,3.6,1.36,2026-08-08T03:12:28Z
2026-08-08T03:12:47+00:00,Betfair,h2h,guilherme pat,steven asplund,3.6,1.36,2026-08-08T03:12:28Z
2026-08-08T03:12:47+00:00,BetAnything,h2h,guilherme pat,steven asplund,3.4,1.32,2026-08-08T03:12:39Z
2026-08-08T03:12:47+00:00,Matchbook,h2h,guilherme pat,steven asplund,3.6,1.37,2026-08-08T03:12:28Z
2026-08-08T03:12:47+00:00,DraftKings,h2h,ian garry,islam makhachev,3.75,1.29,2026-08-08T03:11:24Z
2026-08-08T03:12:47+00:00,Betclic (FR),h2h,ian garry,islam makhachev,3.9,1.22,2026-08-08T03:12:43Z
2026-08-08T03:12:47+00:00,BetOnline.ag,h2h,ian garry,islam makhachev,4.03,1.26,2026-08-08T03:10:16Z
2026-08-08T03:12:47+00:00,FanDuel,h2h,ian garry,islam makhachev,3.8,1.26,2026-08-08T03:12:17Z
2026-08-08T03:12:47+00:00,Paddy Power,h2h,ian garry,islam makhachev,3.5,1.29,2026-08-08T03:11:02Z
2026-08-08T03:12:47+00:00,1xBet,h2h,ian garry,islam makhachev,4.55,1.21,2026-08-08T03:11:46Z
2026-08-08T03:12:47+00:00,Winamax (FR),h2h,ian garry,islam makhachev,3.65,1.23,2026-08-08T03:12:07Z
2026-08-08T03:12:47+00:00,Virgin Bet,h2h,ian garry,islam makhachev,3.7,1.28,2026-08-08T03:12:07Z
2026-08-08T03:12:47+00:00,LiveScore Bet,h2h,ian garry,islam makhachev,3.7,1.28,2026-08-08T03:12:39Z
2026-08-08T03:12:47+00:00,Grosvenor,h2h,ian garry,islam makhachev,3.45,1.24,2026-08-08T03:12:29Z
2026-08-08T03:12:47+00:00,Pinnacle,h2h,ian garry,islam makhachev,3.81,1.29,2026-08-08T03:12:39Z
2026-08-08T03:12:47+00:00,Coolbet,h2h,ian garry,islam makhachev,3.7,1.3,2026-08-08T03:11:58Z
2026-08-08T03:12:47+00:00,BetRivers,h2h,ian garry,islam makhachev,3.7,1.28,2026-08-08T03:12:30Z
2026-08-08T03:12:47+00:00,888sport,h2h,ian garry,islam makhachev,3.6,1.29,2026-08-08T03:11:45Z
2026-08-08T03:12:47+00:00,Betfair,h2h,ian garry,islam makhachev,3.9,1.32,2026-08-08T03:12:28Z
2026-08-08T03:12:47+00:00,Betfair,h2h,ian garry,islam makhachev,3.9,1.32,2026-08-08T03:12:28Z
2026-08-08T03:12:47+00:00,Matchbook,h2h,ian garry,islam makhachev,3.9,1.32,2026-08-08T03:12:28Z
2026-08-08T03:12:47+00:00,BetOnline.ag,h2h,ilia topuria,justin gaethje,1.4,3.1,2026-08-08T03:10:16Z
2026-08-08T03:12:47+00:00,BetOnline.ag,h2h,islam makhachev,kamaru usman,1.3,3.7,2026-08-08T03:10:16Z
2026-08-08T03:12:47+00:00,BetOnline.ag,h2h,jalin turner,kaue fernandes,1.65,2.35,2026-08-08T03:10:16Z
2026-08-08T03:12:47+00:00,1xBet,h2h,jalin turner,kaue fernandes,1.61,2.14,2026-08-08T03:11:46Z
2026-08-08T03:12:47+00:00,Pinnacle,h2h,jalin turner,kaue fernandes,1.69,2.24,2026-08-08T03:12:39Z
2026-08-08T03:12:47+00:00,Unibet (UK),h2h,jalin turner,kaue fernandes,1.6,2.25,2026-08-08T03:11:46Z
2026-08-08T03:12:47+00:00,Betsson,h2h,jalin turner,kaue fernandes,1.65,2.2,2026-08-08T03:12:39Z
2026-08-08T03:12:47+00:00,Nordic Bet,h2h,jalin turner,kaue fernandes,1.65,2.2,2026-08-08T03:11:48Z
2026-08-08T03:12:47+00:00,DraftKings,h2h,jalin turner,kaue fernandes,1.68,2.24,2026-08-08T03:11:24Z
2026-08-08T03:12:47+00:00,BetRivers,h2h,jalin turner,kaue fernandes,1.65,2.23,2026-08-08T03:12:30Z
2026-08-08T03:12:47+00:00,Virgin Bet,h2h,jalin turner,kaue fernandes,1.65,2.23,2026-08-08T03:12:07Z
2026-08-08T03:12:47+00:00,Grosvenor,h2h,jalin turner,kaue fernandes,1.6,2.12,2026-08-08T03:12:29Z
2026-08-08T03:12:47+00:00,LiveScore Bet,h2h,jalin turner,kaue fernandes,1.65,2.23,2026-08-08T03:12:39Z
2026-08-08T03:12:47+00:00,Coolbet,h2h,jalin turner,kaue fernandes,1.65,2.3,2026-08-08T03:11:58Z
2026-08-08T03:12:47+00:00,BetOnline.ag,h2h,jean silva,yair rodriguez,1.29,3.8,2026-08-08T03:10:16Z
2026-08-08T03:12:47+00:00,Betclic (FR),h2h,jean silva,yair rodriguez,1.28,3.3,2026-08-08T03:12:43Z
2026-08-08T03:12:47+00:00,1xBet,h2h,jean silva,yair rodriguez,1.36,3.63,2026-08-08T03:11:46Z
2026-08-08T03:12:47+00:00,DraftKings,h2h,jean silva,yair rodriguez,1.28,3.8,2026-08-08T03:11:24Z
2026-08-08T03:12:47+00:00,Winamax (FR),h2h,jean silva,yair rodriguez,1.28,2.95,2026-08-08T03:12:07Z
2026-08-08T03:12:47+00:00,Virgin Bet,h2h,jean silva,yair rodriguez,1.27,3.75,2026-08-08T03:12:07Z
2026-08-08T03:12:47+00:00,Grosvenor,h2h,jean silva,yair rodriguez,1.23,3.5,2026-08-08T03:12:29Z
2026-08-08T03:12:47+00:00,LiveScore Bet,h2h,jean silva,yair rodriguez,1.27,3.75,2026-08-08T03:12:39Z
2026-08-08T03:12:47+00:00,BetRivers,h2h,jean silva,yair rodriguez,1.27,3.75,2026-08-08T03:12:30Z
2026-08-08T03:12:47+00:00,Betway,h2h,jean silva,yair rodriguez,1.29,3.5,2026-08-08T03:11:48Z
2026-08-08T03:12:47+00:00,BetOnline.ag,h2h,jeremiah wells,myktybek orolbai,5.46,1.17,2026-08-08T03:10:16Z
2026-08-08T03:12:47+00:00,1xBet,h2h,jeremiah wells,myktybek orolbai,5.47,1.21,2026-08-08T03:11:46Z
2026-08-08T03:12:47+00:00,Pinnacle,h2h,jeremiah wells,myktybek orolbai,5.11,1.19,2026-08-08T03:12:39Z
2026-08-08T03:12:47+00:00,Betsson,h2h,jeremiah wells,myktybek orolbai,5.25,1.14,2026-08-08T03:12:39Z
2026-08-08T03:12:47+00:00,Nordic Bet,h2h,jeremiah wells,myktybek orolbai,5.25,1.14,2026-08-08T03:11:48Z
2026-08-08T03:12:47+00:00,DraftKings,h2h,jeremiah wells,myktybek orolbai,5.1,1.18,2026-08-08T03:11:24Z
2026-08-08T03:12:47+00:00,LiveScore Bet,h2h,jeremiah wells,myktybek orolbai,5.3,1.16,2026-08-08T03:12:39Z
2026-08-08T03:12:47+00:00,Virgin Bet,h2h,jeremiah wells,myktybek orolbai,5.3,1.16,2026-08-08T03:12:07Z
2026-08-08T03:12:47+00:00,BetRivers,h2h,jeremiah wells,myktybek orolbai,5.3,1.16,2026-08-08T03:12:30Z
2026-08-08T03:12:47+00:00,Grosvenor,h2h,jeremiah wells,myktybek orolbai,4.9,1.12,2026-08-08T03:12:29Z
2026-08-08T03:12:47+00:00,Coolbet,h2h,jeremiah wells,myktybek orolbai,5.4,1.17,2026-08-08T03:11:58Z
2026-08-08T03:12:47+00:00,BetOnline.ag,h2h,jiri prochazka,magomed ankalaev,2.74,1.5,2026-08-08T03:10:16Z
2026-08-08T03:12:47+00:00,Pinnacle,h2h,jose montanha,louie sutherland,2.7,1.51,2026-08-08T03:12:39Z
2026-08-08T03:12:47+00:00,DraftKings,h2h,jose montanha,louie sutherland,2.64,1.51,2026-08-08T03:11:24Z
2026-08-08T03:12:47+00:00,1xBet,h2h,jose montanha,louie sutherland,2.53,1.5,2026-08-08T03:11:46Z
2026-08-08T03:12:47+00:00,BetUS,h2h,jose montanha,louie sutherland,2.74,1.48,2026-08-08T03:11:44Z
2026-08-08T03:12:47+00:00,BetOnline.ag,h2h,jose montanha,louie sutherland,2.8,1.48,2026-08-08T03:10:16Z
2026-08-08T03:12:47+00:00,Coolbet,h2h,jose montanha,louie sutherland,2.62,1.52,2026-08-08T03:11:58Z
2026-08-08T03:12:47+00:00,Bovada,h2h,jose montanha,louie sutherland,2.68,1.51,2026-08-08T03:08:59Z
2026-08-08T03:12:47+00:00,Unibet (UK),h2h,jose montanha,louie sutherland,2.7,1.48,2026-08-08T03:11:46Z
2026-08-08T03:12:47+00:00,FanDuel,h2h,jose montanha,louie sutherland,2.54,1.54,2026-08-08T03:12:17Z
2026-08-08T03:12:47+00:00,Paddy Power,h2h,jose montanha,louie sutherland,2.5,1.53,2026-08-08T03:11:02Z
2026-08-08T03:12:47+00:00,Betfair Sportsbook,h2h,jose montanha,louie sutherland,2.5,1.53,2026-08-08T03:12:39Z
2026-08-08T03:12:47+00:00,Betway,h2h,jose montanha,louie sutherland,2.5,1.53,2026-08-08T03:11:48Z
2026-08-08T03:12:47+00:00,Betfair,h2h,jose montanha,louie sutherland,2.74,1.51,2026-08-08T03:12:28Z
2026-08-08T03:12:47+00:00,Betfair,h2h,jose montanha,louie sutherland,2.74,1.51,2026-08-08T03:12:28Z
2026-08-08T03:12:47+00:00,BetAnything,h2h,jose montanha,louie sutherland,2.6,1.53,2026-08-08T03:12:39Z
2026-08-08T03:12:47+00:00,Grosvenor,h2h,jose montanha,louie sutherland,2.43,1.45,2026-08-08T03:12:29Z
2026-08-08T03:12:47+00:00,Virgin Bet,h2h,jose montanha,louie sutherland,2.55,1.52,2026-08-08T03:12:07Z
2026-08-08T03:12:47+00:00,BetRivers,h2h,jose montanha,louie sutherland,2.55,1.51,2026-08-08T03:12:30Z
2026-08-08T03:12:47+00:00,LiveScore Bet,h2h,jose montanha,louie sutherland,2.55,1.52,2026-08-08T03:12:39Z
2026-08-08T03:12:47+00:00,Matchbook,h2h,jose montanha,louie sutherland,2.74,1.51,2026-08-08T03:12:28Z
2026-08-08T03:12:47+00:00,BetOnline.ag,h2h,joshua van,manel kape,2.65,1.53,2026-08-08T03:10:16Z
2026-08-08T03:12:47+00:00,BetOnline.ag,h2h,juliana miller,ravena oliveira,1.33,3.49,2026-08-08T03:10:16Z
2026-08-08T03:12:47+00:00,1xBet,h2h,juliana miller,ravena oliveira,1.29,3.42,2026-08-08T03:11:46Z
2026-08-08T03:12:47+00:00,Pinnacle,h2h,juliana miller,ravena oliveira,1.34,3.45,2026-08-08T03:12:39Z
2026-08-08T03:12:47+00:00,BetUS,h2h,juliana miller,ravena oliveira,1.33,3.5,2026-08-08T03:11:44Z
2026-08-08T03:12:47+00:00,Unibet (UK),h2h,juliana miller,ravena oliveira,1.32,3.45,2026-08-08T03:11:46Z
2026-08-08T03:12:47+00:00,888sport,h2h,juliana miller,ravena oliveira,1.3,3.4,2026-08-08T03:11:45Z
2026-08-08T03:12:47+00:00,Betsson,h2h,juliana miller,ravena oliveira,1.32,3.5,2026-08-08T03:12:39Z
2026-08-08T03:12:47+00:00,Nordic Bet,h2h,juliana miller,ravena oliveira,1.32,3.5,2026-08-08T03:11:48Z
2026-08-08T03:12:47+00:00,DraftKings,h2h,juliana miller,ravena oliveira,1.34,3.4,2026-08-08T03:11:24Z
2026-08-08T03:12:47+00:00,Grosvenor,h2h,juliana miller,ravena oliveira,1.28,3.15,2026-08-08T03:12:29Z
2026-08-08T03:12:47+00:00,Virgin Bet,h2h,juliana miller,ravena oliveira,1.33,3.35,2026-08-08T03:12:07Z
2026-08-08T03:12:47+00:00,BetRivers,h2h,juliana miller,ravena oliveira,1.33,3.35,2026-08-08T03:12:30Z
2026-08-08T03:12:47+00:00,LiveScore Bet,h2h,juliana miller,ravena oliveira,1.33,3.35,2026-08-08T03:12:39Z
2026-08-08T03:12:47+00:00,Coolbet,h2h,juliana miller,ravena oliveira,1.34,3.37,2026-08-08T03:11:58Z
2026-08-08T03:12:47+00:00,FanDuel,h2h,juliana miller,ravena oliveira,1.33,3.45,2026-08-08T03:12:17Z
2026-08-08T03:12:47+00:00,Betfair Sportsbook,h2h,juliana miller,ravena oliveira,1.33,3.25,2026-08-08T03:12:39Z
2026-08-08T03:12:47+00:00,Paddy Power,h2h,juliana miller,ravena oliveira,1.33,3.25,2026-08-08T03:11:02Z
2026-08-08T03:12:47+00:00,Bovada,h2h,juliana miller,ravena oliveira,1.32,3.55,2026-08-08T03:08:59Z
2026-08-08T03:12:47+00:00,Betway,h2h,juliana miller,ravena oliveira,1.3,3.5,2026-08-08T03:11:48Z
2026-08-08T03:12:47+00:00,Betfair,h2h,juliana miller,ravena oliveira,1.36,3.4,2026-08-08T03:12:28Z
2026-08-08T03:12:47+00:00,Betfair,h2h,juliana miller,ravena oliveira,1.36,3.4,2026-08-08T03:12:28Z
2026-08-08T03:12:47+00:00,BetAnything,h2h,juliana miller,ravena oliveira,1.32,3.4,2026-08-08T03:12:39Z
2026-08-08T03:12:47+00:00,Matchbook,h2h,juliana miller,ravena oliveira,1.36,3.4,2026-08-08T03:12:28Z
2026-08-08T03:12:47+00:00,BetOnline.ag,h2h,khamzat chimaev,paulo henrique costa,1.2,4.75,2026-08-08T03:10:16Z
2026-08-08T03:12:47+00:00,BetOnline.ag,h2h,khamzat chimaev,sean strickland,1.49,2.75,2026-08-08T03:10:16Z
2026-08-08T03:12:47+00:00,BetOnline.ag,h2h,lucas fernando,rafael tobias,1.43,2.92,2026-08-08T03:10:16Z
2026-08-08T03:12:47+00:00,Pinnacle,h2h,lucas fernando,rafael tobias,1.42,3.0,2026-08-08T03:12:39Z
2026-08-08T03:12:47+00:00,1xBet,h2h,lucas fernando,rafael tobias,1.43,2.94,2026-08-08T03:11:46Z
2026-08-08T03:12:47+00:00,Nordic Bet,h2h,lucas fernando,rafael tobias,1.44,2.7,2026-08-08T03:11:48Z
2026-08-08T03:12:47+00:00,Betsson,h2h,lucas fernando,rafael tobias,1.44,2.7,2026-08-08T03:12:39Z
2026-08-08T03:12:47+00:00,DraftKings,h2h,lucas fernando,rafael tobias,1.42,2.95,2026-08-08T03:11:24Z
2026-08-08T03:12:47+00:00,Virgin Bet,h2h,lucas fernando,rafael tobias,1.41,2.9,2026-08-08T03:12:07Z
2026-08-08T03:12:47+00:00,Grosvenor,h2h,lucas fernando,rafael tobias,1.36,2.75,2026-08-08T03:12:29Z
2026-08-08T03:12:47+00:00,LiveScore Bet,h2h,lucas fernando,rafael tobias,1.41,2.9,2026-08-08T03:12:39Z
2026-08-08T03:12:47+00:00,BetRivers,h2h,lucas fernando,rafael tobias,1.41,2.9,2026-08-08T03:12:30Z
2026-08-08T03:12:47+00:00,Coolbet,h2h,lucas fernando,rafael tobias,1.44,2.9,2026-08-08T03:11:58Z
2026-08-08T03:12:47+00:00,Unibet (UK),h2h,lucas fernando,rafael tobias,1.4,2.8,2026-08-08T03:11:46Z
2026-08-08T03:12:47+00:00,BetOnline.ag,h2h,manoel sousa,richie miranda,1.31,3.6,2026-08-08T03:10:16Z
2026-08-08T03:12:47+00:00,1xBet,h2h,manoel sousa,richie miranda,1.32,3.26,2026-08-08T03:11:46Z
2026-08-08T03:12:47+00:00,Unibet (UK),h2h,manoel sousa,richie miranda,1.3,3.5,2026-08-08T03:11:46Z
2026-08-08T03:12:47+00:00,Coolbet,h2h,manoel sousa,richie miranda,1.32,3.54,2026-08-08T03:11:58Z
2026-08-08T03:12:47+00:00,Pinnacle,h2h,manoel sousa,richie miranda,1.34,3.47,2026-08-08T03:12:39Z
2026-08-08T03:12:47+00:00,Betway,h2h,manoel sousa,richie miranda,1.3,3.5,2026-08-08T03:11:48Z
2026-08-08T03:12:47+00:00,FanDuel,h2h,manoel sousa,richie miranda,1.34,3.4,2026-08-08T03:12:17Z
2026-08-08T03:12:47+00:00,Paddy Power,h2h,manoel sousa,richie miranda,1.33,3.25,2026-08-08T03:11:02Z
2026-08-08T03:12:47+00:00,Betfair Sportsbook,h2h,manoel sousa,richie miranda,1.33,3.25,2026-08-08T03:12:39Z
2026-08-08T03:12:47+00:00,Betfair,h2h,manoel sousa,richie miranda,1.37,3.45,2026-08-08T03:12:28Z
2026-08-08T03:12:47+00:00,Betfair,h2h,manoel sousa,richie miranda,1.37,3.45,2026-08-08T03:12:28Z
2026-08-08T03:12:47+00:00,Bovada,h2h,manoel sousa,richie miranda,1.33,3.5,2026-08-08T03:08:59Z
2026-08-08T03:12:47+00:00,Virgin Bet,h2h,manoel sousa,richie miranda,1.32,3.4,2026-08-08T03:12:07Z
2026-08-08T03:12:47+00:00,BetRivers,h2h,manoel sousa,richie miranda,1.32,3.4,2026-08-08T03:12:30Z
2026-08-08T03:12:47+00:00,LiveScore Bet,h2h,manoel sousa,richie miranda,1.32,3.4,2026-08-08T03:12:39Z
2026-08-08T03:12:47+00:00,Grosvenor,h2h,manoel sousa,richie miranda,1.28,3.15,2026-08-08T03:12:29Z
2026-08-08T03:12:47+00:00,BetUS,h2h,manoel sousa,richie miranda,1.34,3.42,2026-08-08T03:11:44Z
2026-08-08T03:12:47+00:00,Nordic Bet,h2h,manoel sousa,richie miranda,1.31,3.6,2026-08-08T03:11:48Z
2026-08-08T03:12:47+00:00,Betsson,h2h,manoel sousa,richie miranda,1.31,3.6,2026-08-08T03:12:39Z
2026-08-08T03:12:47+00:00,888sport,h2h,manoel sousa,richie miranda,1.3,3.4,2026-08-08T03:11:45Z
2026-08-08T03:12:47+00:00,Matchbook,h2h,manoel sousa,richie miranda,1.37,3.65,2026-08-08T03:12:28Z
2026-08-08T03:12:47+00:00,DraftKings,h2h,manoel sousa,richie miranda,1.32,3.5,2026-08-08T03:11:24Z
2026-08-08T03:12:47+00:00,BetAnything,h2h,manoel sousa,richie miranda,1.32,3.35,2026-08-08T03:12:39Z
2026-08-08T03:12:47+00:00,BetOnline.ag,h2h,mateusz gamrot,quillan salkilld,2.12,1.76,2026-08-08T03:10:16Z
2026-08-08T03:12:47+00:00,Winamax (FR),h2h,mateusz gamrot,quillan salkilld,2.0,1.68,2026-08-08T03:12:07Z
2026-08-08T03:12:47+00:00,Betclic (FR),h2h,mateusz gamrot,quillan salkilld,2.1,1.65,2026-08-08T03:12:43Z
2026-08-08T03:12:47+00:00,1xBet,h2h,mateusz gamrot,quillan salkilld,2.16,1.71,2026-08-08T03:11:46Z
2026-08-08T03:12:47+00:00,Pinnacle,h2h,mateusz gamrot,quillan salkilld,2.18,1.74,2026-08-08T03:12:39Z
2026-08-08T03:12:47+00:00,BetUS,h2h,mateusz gamrot,quillan salkilld,2.14,1.74,2026-08-08T03:11:44Z
2026-08-08T03:12:47+00:00,Unibet (UK),h2h,mateusz gamrot,quillan salkilld,2.1,1.75,2026-08-08T03:11:46Z
2026-08-08T03:12:47+00:00,Nordic Bet,h2h,mateusz gamrot,quillan salkilld,2.25,1.67,2026-08-08T03:11:48Z
2026-08-08T03:12:47+00:00,Betsson,h2h,mateusz gamrot,quillan salkilld,2.25,1.67,2026-08-08T03:12:39Z
2026-08-08T03:12:47+00:00,DraftKings,h2h,mateusz gamrot,quillan salkilld,2.14,1.74,2026-08-08T03:11:24Z
2026-08-08T03:12:47+00:00,LiveScore Bet,h2h,mateusz gamrot,quillan salkilld,2.16,1.7,2026-08-08T03:12:39Z
2026-08-08T03:12:47+00:00,Grosvenor,h2h,mateusz gamrot,quillan salkilld,2.07,1.63,2026-08-08T03:12:29Z
2026-08-08T03:12:47+00:00,Virgin Bet,h2h,mateusz gamrot,quillan salkilld,2.16,1.7,2026-08-08T03:12:07Z
2026-08-08T03:12:47+00:00,BetRivers,h2h,mateusz gamrot,quillan salkilld,2.16,1.7,2026-08-08T03:12:30Z
2026-08-08T03:12:47+00:00,Coolbet,h2h,mateusz gamrot,quillan salkilld,2.13,1.75,2026-08-08T03:11:58Z
2026-08-08T03:12:47+00:00,FanDuel,h2h,mateusz gamrot,quillan salkilld,2.22,1.69,2026-08-08T03:12:17Z
2026-08-08T03:12:47+00:00,Paddy Power,h2h,mateusz gamrot,quillan salkilld,2.2,1.67,2026-08-08T03:11:02Z
2026-08-08T03:12:47+00:00,Bovada,h2h,mateusz gamrot,quillan salkilld,2.17,1.72,2026-08-08T03:08:59Z
2026-08-08T03:12:47+00:00,Betway,h2h,mateusz gamrot,quillan salkilld,2.1,1.73,2026-08-08T03:11:48Z
2026-08-08T03:12:47+00:00,Betfair,h2h,mateusz gamrot,quillan salkilld,2.24,1.78,2026-08-08T03:12:28Z
2026-08-08T03:12:47+00:00,Betfair,h2h,mateusz gamrot,quillan salkilld,2.24,1.78,2026-08-08T03:12:28Z
2026-08-08T03:12:47+00:00,PMU (FR),h2h,mateusz gamrot,quillan salkilld,2.16,1.7,2026-08-08T03:11:47Z
2026-08-08T03:12:47+00:00,BetAnything,h2h,mateusz gamrot,quillan salkilld,2.05,1.74,2026-08-08T03:12:39Z
2026-08-08T03:12:47+00:00,Matchbook,h2h,mateusz gamrot,quillan salkilld,2.26,1.78,2026-08-08T03:12:28Z
2026-08-08T03:12:47+00:00,Unibet (FR),h2h,mateusz gamrot,quillan salkilld,2.05,1.68,2026-08-08T03:12:18Z
2026-08-08T03:12:47+00:00,Marathon Bet,h2h,mateusz gamrot,quillan salkilld,2.13,1.68,2026-08-08T03:12:06Z
2026-08-08T03:12:47+00:00,BetOnline.ag,h2h,max holloway,paddy pimblett,1.56,2.55,2026-08-08T03:10:16Z
2026-08-08T03:12:47+00:00,BetOnline.ag,h2h,merab dvalishvili,petr yan,2.5,1.57,2026-08-08T03:10:16Z
2026-08-08T03:12:47+00:00,BetOnline.ag,h2h,nassourdine imavov,sean strickland,1.88,1.94,2026-08-08T03:10:16Z
2026-08-08T03:12:47+00:00,BetOnline.ag,h2h,natalia silva,valentina shevchenko,3.1,1.4,2026-08-08T03:10:16Z
2026-08-08T03:12:47+00:00,BetOnline.ag,h2h,neil magny,ramiz brahimaj,1.91,1.91,2026-08-08T03:10:16Z
2026-08-08T03:12:47+00:00,1xBet,h2h,neil magny,ramiz brahimaj,1.96,1.96,2026-08-08T03:11:46Z
2026-08-08T03:12:47+00:00,Pinnacle,h2h,neil magny,ramiz brahimaj,1.88,1.97,2026-08-08T03:12:39Z
2026-08-08T03:12:47+00:00,888sport,h2h,neil magny,ramiz brahimaj,1.91,1.91,2026-08-08T03:11:45Z
2026-08-08T03:12:47+00:00,Nordic Bet,h2h,neil magny,ramiz brahimaj,1.88,1.88,2026-08-08T03:11:48Z
2026-08-08T03:12:47+00:00,Betsson,h2h,neil magny,ramiz brahimaj,1.88,1.88,2026-08-08T03:12:39Z
2026-08-08T03:12:47+00:00,DraftKings,h2h,neil magny,ramiz brahimaj,1.87,1.95,2026-08-08T03:11:24Z
2026-08-08T03:12:47+00:00,LiveScore Bet,h2h,neil magny,ramiz brahimaj,1.9,1.9,2026-08-08T03:12:39Z
2026-08-08T03:12:47+00:00,Virgin Bet,h2h,neil magny,ramiz brahimaj,1.9,1.9,2026-08-08T03:12:07Z
2026-08-08T03:12:47+00:00,Grosvenor,h2h,neil magny,ramiz brahimaj,1.82,1.82,2026-08-08T03:12:29Z
2026-08-08T03:12:47+00:00,BetRivers,h2h,neil magny,ramiz brahimaj,1.89,1.89,2026-08-08T03:12:30Z
2026-08-08T03:12:47+00:00,Coolbet,h2h,neil magny,ramiz brahimaj,1.92,1.92,2026-08-08T03:11:58Z
2026-08-08T03:12:47+00:00,DraftKings,h2h,robelis despaigne,tai tuivasa,1.2,4.8,2026-08-08T03:11:24Z
2026-08-08T03:12:47+00:00,1xBet,h2h,robelis despaigne,tai tuivasa,1.23,4.66,2026-08-08T03:11:46Z
2026-08-08T03:12:47+00:00,BetOnline.ag,h2h,song yadong,umar nurmagomedov,4.5,1.22,2026-08-08T03:10:16Z
2026-08-08T03:12:47+00:00,Betclic (FR),h2h,song yadong,umar nurmagomedov,4.45,1.17,2026-08-08T03:12:43Z
2026-08-08T03:12:47+00:00,1xBet,h2h,song yadong,umar nurmagomedov,5.19,1.19,2026-08-08T03:11:46Z
2026-08-08T03:12:47+00:00,BetUS,h2h,song yadong,umar nurmagomedov,4.39,1.22,2026-08-08T03:11:44Z
2026-08-08T03:12:47+00:00,DraftKings,h2h,song yadong,umar nurmagomedov,4.5,1.22,2026-08-08T03:11:24Z
2026-08-08T03:12:47+00:00,Betway,h2h,song yadong,umar nurmagomedov,4.5,1.2,2026-08-08T03:11:48Z
2026-08-08T03:12:47+00:00,FanDuel,h2h,song yadong,umar nurmagomedov,4.5,1.19,2026-08-08T03:12:17Z
2026-08-08T03:12:47+00:00,Paddy Power,h2h,song yadong,umar nurmagomedov,4.5,1.2,2026-08-08T03:11:02Z
2026-08-08T03:12:47+00:00,Winamax (FR),h2h,song yadong,umar nurmagomedov,4.0,1.2,2026-08-08T03:12:07Z
2026-08-08T03:12:47+00:00,LiveScore Bet,h2h,song yadong,umar nurmagomedov,4.35,1.21,2026-08-08T03:12:39Z
2026-08-08T03:12:47+00:00,BetRivers,h2h,song yadong,umar nurmagomedov,4.35,1.21,2026-08-08T03:12:30Z
2026-08-08T03:12:47+00:00,Virgin Bet,h2h,song yadong,umar nurmagomedov,4.35,1.21,2026-08-08T03:12:07Z
2026-08-08T03:12:47+00:00,Grosvenor,h2h,song yadong,umar nurmagomedov,4.1,1.17,2026-08-08T03:12:29Z
2026-08-08T03:12:47+00:00,Coolbet,h2h,song yadong,umar nurmagomedov,4.5,1.22,2026-08-08T03:11:58Z
2026-08-08T03:12:47+00:00,BetOnline.ag,h2h,tresean gore,vicente luque,1.83,2.0,2026-08-08T03:10:16Z
2026-08-08T03:12:47+00:00,1xBet,h2h,tresean gore,vicente luque,1.81,2.2,2026-08-08T03:11:46Z
2026-08-08T03:12:47+00:00,Pinnacle,h2h,tresean gore,vicente luque,1.71,2.19,2026-08-08T03:12:39Z
2026-08-08T03:12:47+00:00,Unibet (UK),h2h,tresean gore,vicente luque,1.78,1.98,2026-08-08T03:11:46Z
2026-08-08T03:12:47+00:00,Nordic Bet,h2h,tresean gore,vicente luque,1.7,2.1,2026-08-08T03:11:48Z
2026-08-08T03:12:47+00:00,Betsson,h2h,tresean gore,vicente luque,1.7,2.1,2026-08-08T03:12:39Z
2026-08-08T03:12:47+00:00,DraftKings,h2h,tresean gore,vicente luque,1.7,2.2,2026-08-08T03:11:24Z
2026-08-08T03:12:47+00:00,Grosvenor,h2h,tresean gore,vicente luque,1.7,1.96,2026-08-08T03:12:29Z
2026-08-08T03:12:47+00:00,LiveScore Bet,h2h,tresean gore,vicente luque,1.76,2.07,2026-08-08T03:12:39Z
2026-08-08T03:12:47+00:00,BetRivers,h2h,tresean gore,vicente luque,1.76,2.07,2026-08-08T03:12:30Z
2026-08-08T03:12:47+00:00,Virgin Bet,h2h,tresean gore,vicente luque,1.76,2.07,2026-08-08T03:12:07Z
2026-08-08T03:12:47+00:00,Coolbet,h2h,tresean gore,vicente luque,1.77,2.1,2026-08-08T03:11:58Z
2026-08-08T03:12:50+00:00,FanDuel,h2h,aaron jeffery,joshua silveira,1.02,15.0,2026-08-08T03:12:49Z
2026-08-08T03:12:50+00:00,Winamax (FR),h2h,aaron jeffery,joshua silveira,1.01,20.0,2026-08-08T03:12:07Z
2026-08-08T03:12:50+00:00,Grosvenor,h2h,aaron jeffery,joshua silveira,1.03,11.5,2026-08-08T03:12:29Z
2026-08-08T03:12:50+00:00,BetOnline.ag,h2h,alex pereira,josh hokit,2.4,1.62,2026-08-08T03:10:16Z
2026-08-08T03:12:50+00:00,DraftKings,h2h,alexandre pantoja,joshua van,1.85,1.98,2026-08-08T03:11:24Z
2026-08-08T03:12:50+00:00,Betclic (FR),h2h,alexandre pantoja,joshua van,1.85,1.85,2026-08-08T03:12:43Z
2026-08-08T03:12:50+00:00,1xBet,h2h,alexandre pantoja,joshua van,1.96,1.96,2026-08-08T03:12:49Z
2026-08-08T03:12:50+00:00,BetRivers,h2h,alexandre pantoja,joshua van,1.83,1.97,2026-08-08T03:12:30Z
2026-08-08T03:12:50+00:00,Virgin Bet,h2h,alexandre pantoja,joshua van,1.83,1.98,2026-08-08T03:12:07Z
2026-08-08T03:12:50+00:00,Grosvenor,h2h,alexandre pantoja,joshua van,1.75,1.88,2026-08-08T03:12:29Z
2026-08-08T03:12:50+00:00,LiveScore Bet,h2h,alexandre pantoja,joshua van,1.83,1.98,2026-08-08T03:12:39Z
2026-08-08T03:12:50+00:00,Winamax (FR),h2h,alexandre pantoja,joshua van,1.74,1.84,2026-08-08T03:12:07Z
2026-08-08T03:12:50+00:00,BetOnline.ag,h2h,alexia thainara,amanda lemos,1.38,3.15,2026-08-08T03:10:16Z
2026-08-08T03:12:50+00:00,1xBet,h2h,alexia thainara,amanda lemos,1.37,3.15,2026-08-08T03:12:49Z
2026-08-08T03:12:50+00:00,Pinnacle,h2h,alexia thainara,amanda lemos,1.4,3.15,2026-08-08T03:12:39Z
2026-08-08T03:12:50+00:00,BetUS,h2h,alexia thainara,amanda lemos,1.38,3.14,2026-08-08T03:12:49Z
2026-08-08T03:12:50+00:00,Unibet (UK),h2h,alexia thainara,amanda lemos,1.36,3.15,2026-08-08T03:11:46Z
2026-08-08T03:12:50+00:00,Nordic Bet,h2h,alexia thainara,amanda lemos,1.35,3.35,2026-08-08T03:12:49Z
2026-08-08T03:12:50+00:00,Betsson,h2h,alexia thainara,amanda lemos,1.35,3.35,2026-08-08T03:12:39Z
2026-08-08T03:12:50+00:00,DraftKings,h2h,alexia thainara,amanda lemos,1.38,3.15,2026-08-08T03:11:24Z
2026-08-08T03:12:50+00:00,Virgin Bet,h2h,alexia thainara,amanda lemos,1.37,3.1,2026-08-08T03:12:07Z
2026-08-08T03:12:50+00:00,LiveScore Bet,h2h,alexia thainara,amanda lemos,1.37,3.1,2026-08-08T03:12:39Z
2026-08-08T03:12:50+00:00,BetRivers,h2h,alexia thainara,amanda lemos,1.36,3.1,2026-08-08T03:12:30Z
2026-08-08T03:12:50+00:00,Grosvenor,h2h,alexia thainara,amanda lemos,1.33,2.9,2026-08-08T03:12:29Z
2026-08-08T03:12:50+00:00,Coolbet,h2h,alexia thainara,amanda lemos,1.37,3.22,2026-08-08T03:11:58Z
2026-08-08T03:12:50+00:00,FanDuel,h2h,alexia thainara,amanda lemos,1.4,3.05,2026-08-08T03:12:49Z
2026-08-08T03:12:50+00:00,Betfair Sportsbook,h2h,alexia thainara,amanda lemos,1.4,2.88,2026-08-08T03:12:39Z
2026-08-08T03:12:50+00:00,Paddy Power,h2h,alexia thainara,amanda lemos,1.4,2.88,2026-08-08T03:11:02Z
2026-08-08T03:12:50+00:00,Bovada,h2h,alexia thainara,amanda lemos,1.38,3.15,2026-08-08T03:08:59Z
2026-08-08T03:12:50+00:00,Betclic (FR),h2h,alexia thainara,amanda lemos,1.32,3.1,2026-08-08T03:12:43Z
2026-08-08T03:12:50+00:00,Betway,h2h,alexia thainara,amanda lemos,1.36,3.1,2026-08-08T03:11:48Z
2026-08-08T03:12:50+00:00,Betfair,h2h,alexia thainara,amanda lemos,1.43,3.2,2026-08-08T03:12:28Z
2026-08-08T03:12:50+00:00,Betfair,h2h,alexia thainara,amanda lemos,1.43,3.2,2026-08-08T03:12:49Z
2026-08-08T03:12:50+00:00,PMU (FR),h2h,alexia thainara,amanda lemos,1.36,3.1,2026-08-08T03:12:49Z
2026-08-08T03:12:50+00:00,BetAnything,h2h,alexia thainara,amanda lemos,1.38,3.05,2026-08-08T03:12:39Z
2026-08-08T03:12:50+00:00,Winamax (FR),h2h,alexia thainara,amanda lemos,1.34,2.95,2026-08-08T03:12:07Z
2026-08-08T03:12:50+00:00,Matchbook,h2h,alexia thainara,amanda lemos,1.43,3.2,2026-08-08T03:12:49Z
2026-08-08T03:12:50+00:00,Marathon Bet,h2h,alexia thainara,amanda lemos,1.36,3.04,2026-08-08T03:12:06Z
2026-08-08T03:12:50+00:00,Unibet (FR),h2h,alexia thainara,amanda lemos,1.33,3.05,2026-08-08T03:12:18Z
2026-08-08T03:12:50+00:00,BetOnline.ag,h2h,ananias mulumba,tom pagliarulo,1.59,2.3,2026-08-08T03:10:16Z
2026-08-08T03:12:50+00:00,BetOnline.ag,h2h,arman tsarukyan,justin gaethje,1.2,4.85,2026-08-08T03:10:16Z
2026-08-08T03:12:50+00:00,DraftKings,h2h,arman tsarukyan,mauricio ruffy,1.28,3.85,2026-08-08T03:11:24Z
2026-08-08T03:12:50+00:00,Betclic (FR),h2h,arman tsarukyan,mauricio ruffy,1.21,4.0,2026-08-08T03:12:43Z
2026-08-08T03:12:50+00:00,Winamax (FR),h2h,arman tsarukyan,mauricio ruffy,1.23,3.3,2026-08-08T03:12:07Z
2026-08-08T03:12:50+00:00,1xBet,h2h,arman tsarukyan,mauricio ruffy,1.28,4.14,2026-08-08T03:12:49Z
2026-08-08T03:12:50+00:00,BetOnline.ag,h2h,billy goff,ty miller,4.1,1.26,2026-08-08T03:10:16Z
2026-08-08T03:12:50+00:00,1xBet,h2h,billy goff,ty miller,4.22,1.23,2026-08-08T03:12:49Z
2026-08-08T03:12:50+00:00,Pinnacle,h2h,billy goff,ty miller,4.3,1.25,2026-08-08T03:12:39Z
2026-08-08T03:12:50+00:00,BetUS,h2h,billy goff,ty miller,4.3,1.23,2026-08-08T03:12:49Z
2026-08-08T03:12:50+00:00,Unibet (UK),h2h,billy goff,ty miller,4.1,1.24,2026-08-08T03:11:46Z
2026-08-08T03:12:50+00:00,888sport,h2h,billy goff,ty miller,4.0,1.25,2026-08-08T03:12:49Z
2026-08-08T03:12:50+00:00,Betsson,h2h,billy goff,ty miller,4.15,1.24,2026-08-08T03:12:39Z
2026-08-08T03:12:50+00:00,Nordic Bet,h2h,billy goff,ty miller,4.15,1.24,2026-08-08T03:12:49Z
2026-08-08T03:12:50+00:00,DraftKings,h2h,billy goff,ty miller,4.3,1.24,2026-08-08T03:11:24Z
2026-08-08T03:12:50+00:00,Coolbet,h2h,billy goff,ty miller,3.9,1.28,2026-08-08T03:11:58Z
2026-08-08T03:12:50+00:00,Virgin Bet,h2h,billy goff,ty miller,4.1,1.24,2026-08-08T03:12:07Z
2026-08-08T03:12:50+00:00,BetRivers,h2h,billy goff,ty miller,4.1,1.24,2026-08-08T03:12:30Z
2026-08-08T03:12:50+00:00,Grosvenor,h2h,billy goff,ty miller,3.85,1.19,2026-08-08T03:12:29Z
2026-08-08T03:12:50+00:00,LiveScore Bet,h2h,billy goff,ty miller,4.1,1.24,2026-08-08T03:12:39Z
2026-08-08T03:12:50+00:00,Betfair Sportsbook,h2h,billy goff,ty miller,3.75,1.25,2026-08-08T03:12:39Z
2026-08-08T03:12:50+00:00,Paddy Power,h2h,billy goff,ty miller,3.75,1.25,2026-08-08T03:11:02Z
2026-08-08T03:12:50+00:00,FanDuel,h2h,billy goff,ty miller,4.1,1.26,2026-08-08T03:12:49Z
2026-08-08T03:12:50+00:00,Bovada,h2h,billy goff,ty miller,4.15,1.25,2026-08-08T03:08:59Z
2026-08-08T03:12:50+00:00,Betclic (FR),h2h,billy goff,ty miller,4.0,1.21,2026-08-08T03:12:43Z
2026-08-08T03:12:50+00:00,Betway,h2h,billy goff,ty miller,4.0,1.25,2026-08-08T03:11:48Z
2026-08-08T03:12:50+00:00,Betfair,h2h,billy goff,ty miller,4.5,1.26,2026-08-08T03:12:28Z
2026-08-08T03:12:50+00:00,Betfair,h2h,billy goff,ty miller,4.5,1.26,2026-08-08T03:12:49Z
2026-08-08T03:12:50+00:00,PMU (FR),h2h,billy goff,ty miller,4.1,1.24,2026-08-08T03:12:49Z
2026-08-08T03:12:50+00:00,BetAnything,h2h,billy goff,ty miller,3.65,1.24,2026-08-08T03:12:39Z
2026-08-08T03:12:50+00:00,Winamax (FR),h2h,billy goff,ty miller,3.55,1.2,2026-08-08T03:12:07Z
2026-08-08T03:12:50+00:00,Matchbook,h2h,billy goff,ty miller,4.5,1.26,2026-08-08T03:12:49Z
2026-08-08T03:12:50+00:00,BetOnline.ag,h2h,billy quarantillo,carlos diego ferreira,2.57,1.56,2026-08-08T03:10:16Z
2026-08-08T03:12:50+00:00,1xBet,h2h,billy quarantillo,carlos diego ferreira,2.44,1.56,2026-08-08T03:12:49Z
2026-08-08T03:12:50+00:00,Pinnacle,h2h,billy quarantillo,carlos diego ferreira,2.51,1.57,2026-08-08T03:12:40Z
2026-08-08T03:12:50+00:00,BetUS,h2h,billy quarantillo,carlos diego ferreira,2.48,1.56,2026-08-08T03:12:49Z
2026-08-08T03:12:50+00:00,Unibet (UK),h2h,billy quarantillo,carlos diego ferreira,2.5,1.53,2026-08-08T03:11:46Z
2026-08-08T03:12:50+00:00,888sport,h2h,billy quarantillo,carlos diego ferreira,2.5,1.53,2026-08-08T03:12:49Z
2026-08-08T03:12:50+00:00,Nordic Bet,h2h,billy quarantillo,carlos diego ferreira,2.4,1.6,2026-08-08T03:12:49Z
2026-08-08T03:12:50+00:00,Betsson,h2h,billy quarantillo,carlos diego ferreira,2.4,1.6,2026-08-08T03:12:39Z
2026-08-08T03:12:50+00:00,DraftKings,h2h,billy quarantillo,carlos diego ferreira,2.5,1.56,2026-08-08T03:11:24Z
2026-08-08T03:12:50+00:00,LiveScore Bet,h2h,billy quarantillo,carlos diego ferreira,2.43,1.56,2026-08-08T03:12:39Z
2026-08-08T03:12:50+00:00,Grosvenor,h2h,billy quarantillo,carlos diego ferreira,2.3,1.5,2026-08-08T03:12:29Z
2026-08-08T03:12:50+00:00,Virgin Bet,h2h,billy quarantillo,carlos diego ferreira,2.43,1.56,2026-08-08T03:12:07Z
2026-08-08T03:12:50+00:00,BetRivers,h2h,billy quarantillo,carlos diego ferreira,2.43,1.56,2026-08-08T03:12:30Z
2026-08-08T03:12:50+00:00,Marathon Bet,h2h,billy quarantillo,carlos diego ferreira,2.43,1.53,2026-08-08T03:12:06Z
2026-08-08T03:12:50+00:00,Coolbet,h2h,billy quarantillo,carlos diego ferreira,2.5,1.56,2026-08-08T03:11:58Z
2026-08-08T03:12:50+00:00,Betclic (FR),h2h,billy quarantillo,carlos diego ferreira,2.43,1.5,2026-08-08T03:12:43Z
2026-08-08T03:12:50+00:00,FanDuel,h2h,billy quarantillo,carlos diego ferreira,2.48,1.57,2026-08-08T03:12:49Z
2026-08-08T03:12:50+00:00,Paddy Power,h2h,billy quarantillo,carlos diego ferreira,2.38,1.57,2026-08-08T03:11:02Z
2026-08-08T03:12:50+00:00,Bovada,h2h,billy quarantillo,carlos diego ferreira,2.47,1.58,2026-08-08T03:08:59Z
2026-08-08T03:12:50+00:00,Unibet (FR),h2h,billy quarantillo,carlos diego ferreira,2.45,1.49,2026-08-08T03:12:18Z
2026-08-08T03:12:50+00:00,Betway,h2h,billy quarantillo,carlos diego ferreira,2.4,1.57,2026-08-08T03:11:48Z
2026-08-08T03:12:50+00:00,Betfair,h2h,billy quarantillo,carlos diego ferreira,2.66,1.57,2026-08-08T03:12:28Z
2026-08-08T03:12:50+00:00,Betfair,h2h,billy quarantillo,carlos diego ferreira,2.66,1.57,2026-08-08T03:12:49Z
2026-08-08T03:12:50+00:00,PMU (FR),h2h,billy quarantillo,carlos diego ferreira,2.43,1.56,2026-08-08T03:12:49Z
2026-08-08T03:12:50+00:00,BetAnything,h2h,billy quarantillo,carlos diego ferreira,2.5,1.56,2026-08-08T03:12:39Z
2026-08-08T03:12:50+00:00,Winamax (FR),h2h,billy quarantillo,carlos diego ferreira,2.4,1.5,2026-08-08T03:12:07Z
2026-08-08T03:12:50+00:00,Matchbook,h2h,billy quarantillo,carlos diego ferreira,2.66,1.57,2026-08-08T03:12:49Z
2026-08-08T03:12:50+00:00,BetOnline.ag,h2h,bruno lopes,diyar nurgozhay,2.3,1.67,2026-08-08T03:10:16Z
2026-08-08T03:12:50+00:00,1xBet,h2h,bruno lopes,diyar nurgozhay,2.22,1.63,2026-08-08T03:12:49Z
2026-08-08T03:12:50+00:00,Pinnacle,h2h,bruno lopes,diyar nurgozhay,2.36,1.64,2026-08-08T03:12:39Z
2026-08-08T03:12:50+00:00,BetUS,h2h,bruno lopes,diyar nurgozhay,2.3,1.65,2026-08-08T03:12:49Z
2026-08-08T03:12:50+00:00,Unibet (UK),h2h,bruno lopes,diyar nurgozhay,2.3,1.63,2026-08-08T03:11:46Z
2026-08-08T03:12:50+00:00,Betsson,h2h,bruno lopes,diyar nurgozhay,2.25,1.67,2026-08-08T03:12:39Z
2026-08-08T03:12:50+00:00,Nordic Bet,h2h,bruno lopes,diyar nurgozhay,2.25,1.67,2026-08-08T03:12:49Z
2026-08-08T03:12:50+00:00,DraftKings,h2h,bruno lopes,diyar nurgozhay,2.3,1.65,2026-08-08T03:11:24Z
2026-08-08T03:12:50+00:00,Coolbet,h2h,bruno lopes,diyar nurgozhay,2.3,1.65,2026-08-08T03:11:58Z
2026-08-08T03:12:50+00:00,FanDuel,h2h,bruno lopes,diyar nurgozhay,2.32,1.64,2026-08-08T03:12:49Z
2026-08-08T03:12:50+00:00,Betfair Sportsbook,h2h,bruno lopes,diyar nurgozhay,2.25,1.62,2026-08-08T03:12:39Z
2026-08-08T03:12:50+00:00,Paddy Power,h2h,bruno lopes,diyar nurgozhay,2.25,1.62,2026-08-08T03:11:02Z
2026-08-08T03:12:50+00:00,Bovada,h2h,bruno lopes,diyar nurgozhay,2.3,1.67,2026-08-08T03:08:59Z
2026-08-08T03:12:50+00:00,LiveScore Bet,h2h,bruno lopes,diyar nurgozhay,2.23,1.65,2026-08-08T03:12:39Z
2026-08-08T03:12:50+00:00,Virgin Bet,h2h,bruno lopes,diyar nurgozhay,2.23,1.65,2026-08-08T03:12:07Z
2026-08-08T03:12:50+00:00,Grosvenor,h2h,bruno lopes,diyar nurgozhay,2.12,1.6,2026-08-08T03:12:29Z
2026-08-08T03:12:50+00:00,BetRivers,h2h,bruno lopes,diyar nurgozhay,2.23,1.65,2026-08-08T03:12:30Z
2026-08-08T03:12:50+00:00,Betway,h2h,bruno lopes,diyar nurgozhay,2.2,1.67,2026-08-08T03:11:48Z
2026-08-08T03:12:50+00:00,Betfair,h2h,bruno lopes,diyar nurgozhay,2.46,1.65,2026-08-08T03:12:28Z
2026-08-08T03:12:50+00:00,Betfair,h2h,bruno lopes,diyar nurgozhay,2.46,1.65,2026-08-08T03:12:49Z
2026-08-08T03:12:50+00:00,BetAnything,h2h,bruno lopes,diyar nurgozhay,2.3,1.62,2026-08-08T03:12:39Z
2026-08-08T03:12:50+00:00,Matchbook,h2h,bruno lopes,diyar nurgozhay,2.46,1.65,2026-08-08T03:12:49Z
2026-08-08T03:12:50+00:00,BetOnline.ag,h2h,bryan battle,dalton rosta,1.74,2.15,2026-08-08T03:10:16Z
2026-08-08T03:12:50+00:00,Winamax (FR),h2h,bryan battle,dalton rosta,1.62,1.96,2026-08-08T03:12:07Z
2026-08-08T03:12:50+00:00,Grosvenor,h2h,bryan battle,dalton rosta,1.68,2.15,2026-08-08T03:12:29Z
2026-08-08T03:12:50+00:00,FanDuel,h2h,bryan battle,dalton rosta,1.74,2.16,2026-08-08T03:12:49Z
2026-08-08T03:12:50+00:00,BetOnline.ag,h2h,carlos ulberg,magomed ankalaev,2.65,1.53,2026-08-08T03:10:16Z
2026-08-08T03:12:50+00:00,BetOnline.ag,h2h,carol foro,giovanna canuto,1.43,2.95,2026-08-08T03:10:16Z
2026-08-08T03:12:50+00:00,1xBet,h2h,carol foro,giovanna canuto,1.37,3.03,2026-08-08T03:12:49Z
2026-08-08T03:12:50+00:00,FanDuel,h2h,carol foro,giovanna canuto,1.42,2.94,2026-08-08T03:12:49Z
2026-08-08T03:12:50+00:00,Betfair Sportsbook,h2h,carol foro,giovanna canuto,1.4,2.88,2026-08-08T03:12:39Z
2026-08-08T03:12:50+00:00,Unibet (UK),h2h,carol foro,giovanna canuto,1.42,2.9,2026-08-08T03:11:46Z
2026-08-08T03:12:50+00:00,Betfair,h2h,carol foro,giovanna canuto,1.41,3.05,2026-08-08T03:12:28Z
2026-08-08T03:12:50+00:00,Paddy Power,h2h,carol foro,giovanna canuto,1.4,2.88,2026-08-08T03:11:02Z
2026-08-08T03:12:50+00:00,Betfair,h2h,carol foro,giovanna canuto,1.42,3.05,2026-08-08T03:12:49Z
2026-08-08T03:12:50+00:00,Betway,h2h,carol foro,giovanna canuto,1.36,3.1,2026-08-08T03:11:48Z
2026-08-08T03:12:50+00:00,Bovada,h2h,carol foro,giovanna canuto,1.41,3.05,2026-08-08T03:08:59Z
2026-08-08T03:12:50+00:00,DraftKings,h2h,carol foro,giovanna canuto,1.41,3.0,2026-08-08T03:11:24Z
2026-08-08T03:12:50+00:00,Betsson,h2h,carol foro,giovanna canuto,1.37,2.95,2026-08-08T03:12:39Z
2026-08-08T03:12:50+00:00,Nordic Bet,h2h,carol foro,giovanna canuto,1.37,2.95,2026-08-08T03:12:49Z
2026-08-08T03:12:50+00:00,Coolbet,h2h,carol foro,giovanna canuto,1.39,3.1,2026-08-08T03:11:58Z
2026-08-08T03:12:50+00:00,BetRivers,h2h,carol foro,giovanna canuto,1.38,3.05,2026-08-08T03:12:30Z
2026-08-08T03:12:50+00:00,Virgin Bet,h2h,carol foro,giovanna canuto,1.38,3.05,2026-08-08T03:12:07Z
2026-08-08T03:12:50+00:00,Grosvenor,h2h,carol foro,giovanna canuto,1.33,2.88,2026-08-08T03:12:29Z
2026-08-08T03:12:50+00:00,LiveScore Bet,h2h,carol foro,giovanna canuto,1.38,3.05,2026-08-08T03:12:39Z
2026-08-08T03:12:50+00:00,BetUS,h2h,carol foro,giovanna canuto,1.4,3.07,2026-08-08T03:12:49Z
2026-08-08T03:12:50+00:00,BetAnything,h2h,carol foro,giovanna canuto,1.42,2.9,2026-08-08T03:12:39Z
2026-08-08T03:12:50+00:00,888sport,h2h,carol foro,giovanna canuto,1.4,2.95,2026-08-08T03:12:49Z
2026-08-08T03:12:50+00:00,Matchbook,h2h,carol foro,giovanna canuto,1.42,3.05,2026-08-08T03:12:49Z
2026-08-08T03:12:50+00:00,Pinnacle,h2h,carol foro,giovanna canuto,1.41,3.07,2026-08-08T03:12:39Z
2026-08-08T03:12:50+00:00,BetOnline.ag,h2h,charles johnson,jose ochoa,3.89,1.28,2026-08-08T03:10:16Z
2026-08-08T03:12:50+00:00,Pinnacle,h2h,charles johnson,jose ochoa,3.67,1.31,2026-08-08T03:12:39Z
2026-08-08T03:12:50+00:00,1xBet,h2h,charles johnson,jose ochoa,3.69,1.3,2026-08-08T03:12:49Z
2026-08-08T03:12:50+00:00,Betsson,h2h,charles johnson,jose ochoa,3.75,1.25,2026-08-08T03:12:39Z
2026-08-08T03:12:50+00:00,Nordic Bet,h2h,charles johnson,jose ochoa,3.75,1.25,2026-08-08T03:12:49Z
2026-08-08T03:12:50+00:00,DraftKings,h2h,charles johnson,jose ochoa,3.6,1.31,2026-08-08T03:11:24Z
2026-08-08T03:12:50+00:00,Betclic (FR),h2h,charles johnson,jose ochoa,3.7,1.24,2026-08-08T03:12:43Z
2026-08-08T03:12:50+00:00,BetRivers,h2h,charles johnson,jose ochoa,3.8,1.26,2026-08-08T03:12:30Z
2026-08-08T03:12:50+00:00,Virgin Bet,h2h,charles johnson,jose ochoa,3.8,1.26,2026-08-08T03:12:07Z
2026-08-08T03:12:50+00:00,Grosvenor,h2h,charles johnson,jose ochoa,3.65,1.21,2026-08-08T03:12:29Z
2026-08-08T03:12:50+00:00,LiveScore Bet,h2h,charles johnson,jose ochoa,3.8,1.26,2026-08-08T03:12:39Z
2026-08-08T03:12:50+00:00,Coolbet,h2h,charles johnson,jose ochoa,3.7,1.3,2026-08-08T03:11:58Z
2026-08-08T03:12:50+00:00,BetOnline.ag,h2h,chidi njokuani,joel alvarez,3.19,1.38,2026-08-08T03:10:16Z
2026-08-08T03:12:50+00:00,DraftKings,h2h,chidi njokuani,joel alvarez,3.1,1.39,2026-08-08T03:11:24Z
2026-08-08T03:12:50+00:00,Nordic Bet,h2h,chidi njokuani,joel alvarez,2.85,1.4,2026-08-08T03:12:49Z
2026-08-08T03:12:50+00:00,Betsson,h2h,chidi njokuani,joel alvarez,2.85,1.4,2026-08-08T03:12:39Z
2026-08-08T03:12:50+00:00,1xBet,h2h,chidi njokuani,joel alvarez,3.3,1.41,2026-08-08T03:12:49Z
2026-08-08T03:12:50+00:00,BetRivers,h2h,chidi njokuani,joel alvarez,2.95,1.4,2026-08-08T03:12:30Z
2026-08-08T03:12:50+00:00,Virgin Bet,h2h,chidi njokuani,joel alvarez,2.95,1.4,2026-08-08T03:12:07Z
2026-08-08T03:12:50+00:00,Grosvenor,h2h,chidi njokuani,joel alvarez,2.8,1.35,2026-08-08T03:12:29Z
2026-08-08T03:12:50+00:00,LiveScore Bet,h2h,chidi njokuani,joel alvarez,2.95,1.4,2026-08-08T03:12:39Z
2026-08-08T03:12:50+00:00,888sport,h2h,chidi njokuani,joel alvarez,3.05,1.36,2026-08-08T03:12:49Z
2026-08-08T03:12:50+00:00,Coolbet,h2h,chidi njokuani,joel alvarez,3.05,1.4,2026-08-08T03:11:58Z
2026-08-08T03:12:50+00:00,Unibet (UK),h2h,chidi njokuani,joel alvarez,3.0,1.36,2026-08-08T03:11:46Z
2026-08-08T03:12:50+00:00,BetOnline.ag,h2h,ciryl gane,josh hokit,1.4,3.1,2026-08-08T03:10:16Z
2026-08-08T03:12:50+00:00,BetOnline.ag,h2h,ciryl gane,tom aspinall,2.05,1.8,2026-08-08T03:10:16Z
2026-08-08T03:12:50+00:00,BetOnline.ag,h2h,conor mcgregor,jorge masvidal,1.69,2.25,2026-08-08T03:10:16Z
2026-08-08T03:12:50+00:00,BetOnline.ag,h2h,conor mcgregor,paddy pimblett,2.3,1.67,2026-08-08T03:10:16Z
2026-08-08T03:12:50+00:00,BetOnline.ag,h2h,darren elkins,yadier delvalle,6.71,1.12,2026-08-08T03:10:16Z
2026-08-08T03:12:50+00:00,1xBet,h2h,darren elkins,yadier delvalle,6.6,1.11,2026-08-08T03:12:49Z
2026-08-08T03:12:50+00:00,Pinnacle,h2h,darren elkins,yadier delvalle,6.99,1.12,2026-08-08T03:12:39Z
2026-08-08T03:12:50+00:00,BetUS,h2h,darren elkins,yadier delvalle,6.35,1.12,2026-08-08T03:12:49Z
2026-08-08T03:12:50+00:00,Unibet (UK),h2h,darren elkins,yadier delvalle,6.5,1.12,2026-08-08T03:11:46Z
2026-08-08T03:12:50+00:00,888sport,h2h,darren elkins,yadier delvalle,6.7,1.1,2026-08-08T03:12:49Z
2026-08-08T03:12:50+00:00,Nordic Bet,h2h,darren elkins,yadier delvalle,7.0,1.11,2026-08-08T03:12:49Z
2026-08-08T03:12:50+00:00,Betsson,h2h,darren elkins,yadier delvalle,7.0,1.11,2026-08-08T03:12:39Z
2026-08-08T03:12:50+00:00,DraftKings,h2h,darren elkins,yadier delvalle,6.75,1.12,2026-08-08T03:11:24Z
2026-08-08T03:12:50+00:00,Coolbet,h2h,darren elkins,yadier delvalle,6.75,1.12,2026-08-08T03:11:58Z
2026-08-08T03:12:50+00:00,LiveScore Bet,h2h,darren elkins,yadier delvalle,6.5,1.11,2026-08-08T03:12:39Z
2026-08-08T03:12:50+00:00,Virgin Bet,h2h,darren elkins,yadier delvalle,6.5,1.11,2026-08-08T03:12:07Z
2026-08-08T03:12:50+00:00,BetRivers,h2h,darren elkins,yadier delvalle,6.5,1.11,2026-08-08T03:12:30Z
2026-08-08T03:12:50+00:00,Grosvenor,h2h,darren elkins,yadier delvalle,6.0,1.07,2026-08-08T03:12:29Z
2026-08-08T03:12:50+00:00,FanDuel,h2h,darren elkins,yadier delvalle,6.3,1.13,2026-08-08T03:12:49Z
2026-08-08T03:12:50+00:00,Paddy Power,h2h,darren elkins,yadier delvalle,5.5,1.14,2026-08-08T03:11:02Z
2026-08-08T03:12:50+00:00,Bovada,h2h,darren elkins,yadier delvalle,6.75,1.12,2026-08-08T03:08:59Z
2026-08-08T03:12:50+00:00,Betclic (FR),h2h,darren elkins,yadier delvalle,6.6,1.08,2026-08-08T03:12:43Z
2026-08-08T03:12:50+00:00,Betway,h2h,darren elkins,yadier delvalle,6.0,1.12,2026-08-08T03:11:48Z
2026-08-08T03:12:50+00:00,Betfair,h2h,darren elkins,yadier delvalle,6.8,1.15,2026-08-08T03:12:28Z
2026-08-08T03:12:50+00:00,Betfair,h2h,darren elkins,yadier delvalle,6.8,1.15,2026-08-08T03:12:49Z
2026-08-08T03:12:50+00:00,PMU (FR),h2h,darren elkins,yadier delvalle,6.5,1.11,2026-08-08T03:12:49Z
2026-08-08T03:12:50+00:00,BetAnything,h2h,darren elkins,yadier delvalle,5.75,1.12,2026-08-08T03:12:39Z
2026-08-08T03:12:50+00:00,Winamax (FR),h2h,darren elkins,yadier delvalle,5.8,1.1,2026-08-08T03:12:07Z
2026-08-08T03:12:50+00:00,Matchbook,h2h,darren elkins,yadier delvalle,7.4,1.15,2026-08-08T03:12:49Z
2026-08-08T03:12:50+00:00,Unibet (FR),h2h,darren elkins,yadier delvalle,6.1,1.09,2026-08-08T03:12:18Z
2026-08-08T03:12:50+00:00,BetOnline.ag,h2h,darren till,yoel romero,1.57,2.35,2026-08-08T03:10:16Z
2026-08-08T03:12:50+00:00,BetOnline.ag,h2h,donte johnson,eric mcconico,1.39,3.11,2026-08-08T03:10:16Z
2026-08-08T03:12:50+00:00,1xBet,h2h,donte johnson,eric mcconico,1.49,2.95,2026-08-08T03:12:49Z
2026-08-08T03:12:50+00:00,Pinnacle,h2h,donte johnson,eric mcconico,1.41,3.04,2026-08-08T03:12:39Z
2026-08-08T03:12:50+00:00,Unibet (UK),h2h,donte johnson,eric mcconico,1.36,2.95,2026-08-08T03:11:46Z
2026-08-08T03:12:50+00:00,Nordic Bet,h2h,donte johnson,eric mcconico,1.4,2.9,2026-08-08T03:12:49Z
2026-08-08T03:12:50+00:00,Betsson,h2h,donte johnson,eric mcconico,1.4,2.9,2026-08-08T03:12:39Z
2026-08-08T03:12:50+00:00,DraftKings,h2h,donte johnson,eric mcconico,1.41,3.0,2026-08-08T03:11:24Z
2026-08-08T03:12:50+00:00,BetRivers,h2h,donte johnson,eric mcconico,1.4,2.95,2026-08-08T03:12:30Z
2026-08-08T03:12:50+00:00,Virgin Bet,h2h,donte johnson,eric mcconico,1.4,2.95,2026-08-08T03:12:07Z
2026-08-08T03:12:50+00:00,Grosvenor,h2h,donte johnson,eric mcconico,1.35,2.8,2026-08-08T03:12:29Z
2026-08-08T03:12:50+00:00,LiveScore Bet,h2h,donte johnson,eric mcconico,1.4,2.95,2026-08-08T03:12:39Z
2026-08-08T03:12:50+00:00,Coolbet,h2h,donte johnson,eric mcconico,1.42,3.0,2026-08-08T03:11:58Z
2026-08-08T03:12:50+00:00,BetOnline.ag,h2h,dovletdzhan yagshimuradov,simeon powell,1.62,2.4,2026-08-08T03:10:16Z
2026-08-08T03:12:50+00:00,Unibet (FR),h2h,dovletdzhan yagshimuradov,simeon powell,1.57,2.25,2026-08-08T03:12:18Z
2026-08-08T03:12:50+00:00,FanDuel,h2h,dovletdzhan yagshimuradov,simeon powell,1.61,2.38,2026-08-08T03:12:49Z
2026-08-08T03:12:50+00:00,Winamax (FR),h2h,dovletdzhan yagshimuradov,simeon powell,1.52,2.15,2026-08-08T03:12:07Z
2026-08-08T03:12:50+00:00,Grosvenor,h2h,dovletdzhan yagshimuradov,simeon powell,1.53,2.38,2026-08-08T03:12:29Z
2026-08-08T03:12:50+00:00,BetOnline.ag,h2h,dustin stoltzfus,mansur abdul-malik,5.15,1.18,2026-08-08T03:10:16Z
2026-08-08T03:12:50+00:00,1xBet,h2h,dustin stoltzfus,mansur abdul-malik,5.19,1.22,2026-08-08T03:12:49Z
2026-08-08T03:12:50+00:00,Pinnacle,h2h,dustin stoltzfus,mansur abdul-malik,5.13,1.19,2026-08-08T03:12:39Z
2026-08-08T03:12:50+00:00,Unibet (UK),h2h,dustin stoltzfus,mansur abdul-malik,4.75,1.16,2026-08-08T03:11:46Z
2026-08-08T03:12:50+00:00,Winamax (FR),h2h,dustin stoltzfus,mansur abdul-malik,4.2,1.14,2026-08-08T03:12:07Z
2026-08-08T03:12:50+00:00,Betsson,h2h,dustin stoltzfus,mansur abdul-malik,5.0,1.15,2026-08-08T03:12:39Z
2026-08-08T03:12:50+00:00,Nordic Bet,h2h,dustin stoltzfus,mansur abdul-malik,5.0,1.15,2026-08-08T03:12:49Z
2026-08-08T03:12:50+00:00,DraftKings,h2h,dustin stoltzfus,mansur abdul-malik,5.1,1.18,2026-08-08T03:11:24Z
2026-08-08T03:12:50+00:00,Betclic (FR),h2h,dustin stoltzfus,mansur abdul-malik,4.85,1.15,2026-08-08T03:12:43Z
2026-08-08T03:12:50+00:00,BetRivers,h2h,dustin stoltzfus,mansur abdul-malik,5.2,1.16,2026-08-08T03:12:30Z
2026-08-08T03:12:50+00:00,Virgin Bet,h2h,dustin stoltzfus,mansur abdul-malik,5.2,1.16,2026-08-08T03:12:07Z
2026-08-08T03:12:50+00:00,Grosvenor,h2h,dustin stoltzfus,mansur abdul-malik,4.8,1.12,2026-08-08T03:12:29Z
2026-08-08T03:12:50+00:00,LiveScore Bet,h2h,dustin stoltzfus,mansur abdul-malik,5.2,1.16,2026-08-08T03:12:39Z
2026-08-08T03:12:50+00:00,Coolbet,h2h,dustin stoltzfus,mansur abdul-malik,5.15,1.18,2026-08-08T03:11:58Z
2026-08-08T03:12:50+00:00,BetOnline.ag,h2h,edson barboza,esteban ribovics,4.16,1.25,2026-08-08T03:10:16Z
2026-08-08T03:12:50+00:00,1xBet,h2h,edson barboza,esteban ribovics,4.25,1.29,2026-08-08T03:12:49Z
2026-08-08T03:12:50+00:00,Pinnacle,h2h,edson barboza,esteban ribovics,4.18,1.25,2026-08-08T03:12:39Z
2026-08-08T03:12:50+00:00,Unibet (UK),h2h,edson barboza,esteban ribovics,3.9,1.22,2026-08-08T03:11:46Z
2026-08-08T03:12:50+00:00,888sport,h2h,edson barboza,esteban ribovics,4.2,1.22,2026-08-08T03:12:49Z
2026-08-08T03:12:50+00:00,DraftKings,h2h,edson barboza,esteban ribovics,4.1,1.25,2026-08-08T03:11:24Z
2026-08-08T03:12:50+00:00,Betclic (FR),h2h,edson barboza,esteban ribovics,4.0,1.21,2026-08-08T03:12:43Z
2026-08-08T03:12:50+00:00,Grosvenor,h2h,edson barboza,esteban ribovics,4.0,1.18,2026-08-08T03:12:29Z
2026-08-08T03:12:50+00:00,LiveScore Bet,h2h,edson barboza,esteban ribovics,4.25,1.22,2026-08-08T03:12:39Z
2026-08-08T03:12:50+00:00,Virgin Bet,h2h,edson barboza,esteban ribovics,4.25,1.22,2026-08-08T03:12:07Z
2026-08-08T03:12:50+00:00,BetRivers,h2h,edson barboza,esteban ribovics,4.25,1.22,2026-08-08T03:12:30Z
2026-08-08T03:12:50+00:00,Coolbet,h2h,edson barboza,esteban ribovics,4.15,1.25,2026-08-08T03:11:58Z
2026-08-08T03:12:50+00:00,Winamax (FR),h2h,edson barboza,esteban ribovics,3.55,1.2,2026-08-08T03:12:07Z
2026-08-08T03:12:50+00:00,BetOnline.ag,h2h,gable steveson,sean sharaf,1.07,7.0,2026-08-08T03:10:16Z
2026-08-08T03:12:50+00:00,DraftKings,h2h,gable steveson,sean sharaf,1.09,8.0,2026-08-08T03:11:24Z
2026-08-08T03:12:50+00:00,1xBet,h2h,gable steveson,sean sharaf,1.09,7.55,2026-08-08T03:12:49Z
2026-08-08T03:12:50+00:00,FanDuel,h2h,gianni vazquez,miles johns,2.42,1.6,2026-08-08T03:12:49Z
2026-08-08T03:12:50+00:00,Paddy Power,h2h,gianni vazquez,miles johns,2.38,1.57,2026-08-08T03:11:02Z
2026-08-08T03:12:50+00:00,Betfair Sportsbook,h2h,gianni vazquez,miles johns,2.38,1.57,2026-08-08T03:12:39Z
2026-08-08T03:12:50+00:00,1xBet,h2h,gianni vazquez,miles johns,2.3,1.62,2026-08-08T03:12:49Z
2026-08-08T03:12:50+00:00,BetOnline.ag,h2h,gianni vazquez,miles johns,2.49,1.59,2026-08-08T03:10:16Z
2026-08-08T03:12:50+00:00,Betway,h2h,gianni vazquez,miles johns,2.4,1.57,2026-08-08T03:11:48Z
2026-08-08T03:12:50+00:00,Pinnacle,h2h,gianni vazquez,miles johns,2.42,1.61,2026-08-08T03:12:39Z
2026-08-08T03:12:50+00:00,Unibet (UK),h2h,gianni vazquez,miles johns,2.45,1.56,2026-08-08T03:11:46Z
2026-08-08T03:12:50+00:00,BetRivers,h2h,gianni vazquez,miles johns,2.38,1.57,2026-08-08T03:12:30Z
2026-08-08T03:12:50+00:00,Virgin Bet,h2h,gianni vazquez,miles johns,2.38,1.58,2026-08-08T03:12:07Z
2026-08-08T03:12:50+00:00,Grosvenor,h2h,gianni vazquez,miles johns,2.25,1.51,2026-08-08T03:12:29Z
2026-08-08T03:12:50+00:00,LiveScore Bet,h2h,gianni vazquez,miles johns,2.38,1.58,2026-08-08T03:12:39Z
2026-08-08T03:12:50+00:00,BetAnything,h2h,gianni vazquez,miles johns,2.4,1.59,2026-08-08T03:12:39Z
2026-08-08T03:12:50+00:00,Coolbet,h2h,gianni vazquez,miles johns,2.35,1.63,2026-08-08T03:11:58Z
2026-08-08T03:12:50+00:00,Betfair,h2h,gianni vazquez,miles johns,2.24,1.55,2026-08-08T03:12:28Z
2026-08-08T03:12:50+00:00,Betfair,h2h,gianni vazquez,miles johns,2.24,1.55,2026-08-08T03:12:49Z
2026-08-08T03:12:50+00:00,Matchbook,h2h,gianni vazquez,miles johns,2.5,1.56,2026-08-08T03:12:49Z
2026-08-08T03:12:50+00:00,DraftKings,h2h,gillian robertson,mackenzie dern,3.0,1.41,2026-08-08T03:11:24Z
2026-08-08T03:12:50+00:00,Betclic (FR),h2h,gillian robertson,mackenzie dern,2.97,1.34,2026-08-08T03:12:43Z
2026-08-08T03:12:50+00:00,BetOnline.ag,h2h,gillian robertson,mackenzie dern,3.07,1.4,2026-08-08T03:10:16Z
2026-08-08T03:12:50+00:00,1xBet,h2h,gillian robertson,mackenzie dern,2.95,1.44,2026-08-08T03:12:49Z
2026-08-08T03:12:50+00:00,FanDuel,h2h,gillian robertson,mackenzie dern,3.0,1.38,2026-08-08T03:12:49Z
2026-08-08T03:12:50+00:00,Paddy Power,h2h,gillian robertson,mackenzie dern,2.88,1.4,2026-08-08T03:11:02Z
2026-08-08T03:12:50+00:00,LiveScore Bet,h2h,gillian robertson,mackenzie dern,2.88,1.42,2026-08-08T03:12:39Z
2026-08-08T03:12:50+00:00,Grosvenor,h2h,gillian robertson,mackenzie dern,2.7,1.36,2026-08-08T03:12:29Z
2026-08-08T03:12:50+00:00,Virgin Bet,h2h,gillian robertson,mackenzie dern,2.88,1.42,2026-08-08T03:12:07Z
2026-08-08T03:12:50+00:00,Winamax (FR),h2h,gillian robertson,mackenzie dern,2.85,1.36,2026-08-08T03:12:07Z
2026-08-08T03:12:50+00:00,Marathon Bet,h2h,gillian robertson,mackenzie dern,2.86,1.4,2026-08-08T03:12:06Z
2026-08-08T03:12:50+00:00,Pinnacle,h2h,gillian robertson,mackenzie dern,3.01,1.42,2026-08-08T03:12:39Z
2026-08-08T03:12:50+00:00,Coolbet,h2h,gillian robertson,mackenzie dern,2.9,1.44,2026-08-08T03:11:58Z
2026-08-08T03:12:50+00:00,Unibet (FR),h2h,gillian robertson,mackenzie dern,2.7,1.33,2026-08-08T03:12:18Z
2026-08-08T03:12:50+00:00,Unibet (UK),h2h,gillian robertson,mackenzie dern,2.9,1.38,2026-08-08T03:11:46Z
2026-08-08T03:12:50+00:00,BetRivers,h2h,gillian robertson,mackenzie dern,2.88,1.42,2026-08-08T03:12:30Z
2026-08-08T03:12:50+00:00,888sport,h2h,gillian robertson,mackenzie dern,2.95,1.4,2026-08-08T03:12:49Z
2026-08-08T03:12:50+00:00,BetOnline.ag,h2h,guilherme pat,steven asplund,3.52,1.32,2026-08-08T03:10:16Z
2026-08-08T03:12:50+00:00,1xBet,h2h,guilherme pat,steven asplund,3.26,1.32,2026-08-08T03:12:49Z
2026-08-08T03:12:50+00:00,Pinnacle,h2h,guilherme pat,steven asplund,3.47,1.34,2026-08-08T03:12:39Z
2026-08-08T03:12:50+00:00,BetUS,h2h,guilherme pat,steven asplund,3.54,1.32,2026-08-08T03:12:49Z
2026-08-08T03:12:50+00:00,Unibet (UK),h2h,guilherme pat,steven asplund,3.45,1.32,2026-08-08T03:11:46Z
2026-08-08T03:12:50+00:00,888sport,h2h,guilherme pat,steven asplund,3.4,1.3,2026-08-08T03:12:49Z
2026-08-08T03:12:50+00:00,Nordic Bet,h2h,guilherme pat,steven asplund,3.35,1.34,2026-08-08T03:12:49Z
2026-08-08T03:12:50+00:00,Betsson,h2h,guilherme pat,steven asplund,3.35,1.34,2026-08-08T03:12:39Z
2026-08-08T03:12:50+00:00,DraftKings,h2h,guilherme pat,steven asplund,3.4,1.34,2026-08-08T03:11:24Z
2026-08-08T03:12:50+00:00,Grosvenor,h2h,guilherme pat,steven asplund,3.2,1.27,2026-08-08T03:12:29Z
2026-08-08T03:12:50+00:00,Virgin Bet,h2h,guilherme pat,steven asplund,3.4,1.32,2026-08-08T03:12:07Z
2026-08-08T03:12:50+00:00,BetRivers,h2h,guilherme pat,steven asplund,3.4,1.32,2026-08-08T03:12:30Z
2026-08-08T03:12:50+00:00,LiveScore Bet,h2h,guilherme pat,steven asplund,3.4,1.32,2026-08-08T03:12:39Z
2026-08-08T03:12:50+00:00,Coolbet,h2h,guilherme pat,steven asplund,3.45,1.33,2026-08-08T03:11:58Z
2026-08-08T03:12:50+00:00,FanDuel,h2h,guilherme pat,steven asplund,3.4,1.34,2026-08-08T03:12:49Z
2026-08-08T03:12:50+00:00,Betfair Sportsbook,h2h,guilherme pat,steven asplund,3.25,1.33,2026-08-08T03:12:39Z
2026-08-08T03:12:50+00:00,Paddy Power,h2h,guilherme pat,steven asplund,3.25,1.33,2026-08-08T03:11:02Z
2026-08-08T03:12:50+00:00,Bovada,h2h,guilherme pat,steven asplund,3.55,1.32,2026-08-08T03:08:59Z
2026-08-08T03:12:50+00:00,Betway,h2h,guilherme pat,steven asplund,3.1,1.36,2026-08-08T03:11:48Z
2026-08-08T03:12:50+00:00,Betfair,h2h,guilherme pat,steven asplund,3.6,1.36,2026-08-08T03:12:28Z
2026-08-08T03:12:50+00:00,Betfair,h2h,guilherme pat,steven asplund,3.6,1.36,2026-08-08T03:12:49Z
2026-08-08T03:12:50+00:00,BetAnything,h2h,guilherme pat,steven asplund,3.4,1.32,2026-08-08T03:12:39Z
2026-08-08T03:12:50+00:00,Matchbook,h2h,guilherme pat,steven asplund,3.6,1.37,2026-08-08T03:12:49Z
2026-08-08T03:12:50+00:00,DraftKings,h2h,ian garry,islam makhachev,3.75,1.29,2026-08-08T03:11:24Z
2026-08-08T03:12:50+00:00,Betclic (FR),h2h,ian garry,islam makhachev,3.9,1.22,2026-08-08T03:12:43Z
2026-08-08T03:12:50+00:00,BetOnline.ag,h2h,ian garry,islam makhachev,4.03,1.26,2026-08-08T03:10:16Z
2026-08-08T03:12:50+00:00,FanDuel,h2h,ian garry,islam makhachev,3.8,1.26,2026-08-08T03:12:49Z
2026-08-08T03:12:50+00:00,Paddy Power,h2h,ian garry,islam makhachev,3.5,1.29,2026-08-08T03:11:02Z
2026-08-08T03:12:50+00:00,1xBet,h2h,ian garry,islam makhachev,4.55,1.21,2026-08-08T03:12:49Z
2026-08-08T03:12:50+00:00,Winamax (FR),h2h,ian garry,islam makhachev,3.65,1.23,2026-08-08T03:12:07Z
2026-08-08T03:12:50+00:00,Virgin Bet,h2h,ian garry,islam makhachev,3.7,1.28,2026-08-08T03:12:07Z
2026-08-08T03:12:50+00:00,LiveScore Bet,h2h,ian garry,islam makhachev,3.7,1.28,2026-08-08T03:12:39Z
2026-08-08T03:12:50+00:00,Grosvenor,h2h,ian garry,islam makhachev,3.45,1.24,2026-08-08T03:12:29Z
2026-08-08T03:12:50+00:00,Pinnacle,h2h,ian garry,islam makhachev,3.81,1.29,2026-08-08T03:12:39Z
2026-08-08T03:12:50+00:00,Coolbet,h2h,ian garry,islam makhachev,3.7,1.3,2026-08-08T03:11:58Z
2026-08-08T03:12:50+00:00,BetRivers,h2h,ian garry,islam makhachev,3.7,1.28,2026-08-08T03:12:30Z
2026-08-08T03:12:50+00:00,888sport,h2h,ian garry,islam makhachev,3.6,1.29,2026-08-08T03:12:49Z
2026-08-08T03:12:50+00:00,Betfair,h2h,ian garry,islam makhachev,3.9,1.32,2026-08-08T03:12:49Z
2026-08-08T03:12:50+00:00,Betfair,h2h,ian garry,islam makhachev,3.9,1.32,2026-08-08T03:12:28Z
2026-08-08T03:12:50+00:00,Matchbook,h2h,ian garry,islam makhachev,3.9,1.32,2026-08-08T03:12:49Z
2026-08-08T03:12:50+00:00,BetOnline.ag,h2h,ilia topuria,justin gaethje,1.4,3.1,2026-08-08T03:10:16Z
2026-08-08T03:12:50+00:00,BetOnline.ag,h2h,islam makhachev,kamaru usman,1.3,3.7,2026-08-08T03:10:16Z
2026-08-08T03:12:50+00:00,BetOnline.ag,h2h,jalin turner,kaue fernandes,1.65,2.35,2026-08-08T03:10:16Z
2026-08-08T03:12:50+00:00,1xBet,h2h,jalin turner,kaue fernandes,1.61,2.14,2026-08-08T03:12:49Z
2026-08-08T03:12:50+00:00,Pinnacle,h2h,jalin turner,kaue fernandes,1.69,2.24,2026-08-08T03:12:39Z
2026-08-08T03:12:50+00:00,Unibet (UK),h2h,jalin turner,kaue fernandes,1.6,2.25,2026-08-08T03:11:46Z
2026-08-08T03:12:50+00:00,Betsson,h2h,jalin turner,kaue fernandes,1.65,2.2,2026-08-08T03:12:39Z
2026-08-08T03:12:50+00:00,Nordic Bet,h2h,jalin turner,kaue fernandes,1.65,2.2,2026-08-08T03:12:49Z
2026-08-08T03:12:50+00:00,DraftKings,h2h,jalin turner,kaue fernandes,1.68,2.24,2026-08-08T03:11:24Z
2026-08-08T03:12:50+00:00,BetRivers,h2h,jalin turner,kaue fernandes,1.65,2.23,2026-08-08T03:12:30Z
2026-08-08T03:12:50+00:00,Virgin Bet,h2h,jalin turner,kaue fernandes,1.65,2.23,2026-08-08T03:12:07Z
2026-08-08T03:12:50+00:00,Grosvenor,h2h,jalin turner,kaue fernandes,1.6,2.12,2026-08-08T03:12:29Z
2026-08-08T03:12:50+00:00,LiveScore Bet,h2h,jalin turner,kaue fernandes,1.65,2.23,2026-08-08T03:12:39Z
2026-08-08T03:12:50+00:00,Coolbet,h2h,jalin turner,kaue fernandes,1.65,2.3,2026-08-08T03:11:58Z
2026-08-08T03:12:50+00:00,BetOnline.ag,h2h,jean silva,yair rodriguez,1.29,3.8,2026-08-08T03:10:16Z
2026-08-08T03:12:50+00:00,Betclic (FR),h2h,jean silva,yair rodriguez,1.28,3.3,2026-08-08T03:12:43Z
2026-08-08T03:12:50+00:00,1xBet,h2h,jean silva,yair rodriguez,1.36,3.63,2026-08-08T03:12:49Z
2026-08-08T03:12:50+00:00,DraftKings,h2h,jean silva,yair rodriguez,1.28,3.8,2026-08-08T03:11:24Z
2026-08-08T03:12:50+00:00,Winamax (FR),h2h,jean silva,yair rodriguez,1.28,2.95,2026-08-08T03:12:07Z
2026-08-08T03:12:50+00:00,Virgin Bet,h2h,jean silva,yair rodriguez,1.27,3.75,2026-08-08T03:12:07Z
2026-08-08T03:12:50+00:00,Grosvenor,h2h,jean silva,yair rodriguez,1.23,3.5,2026-08-08T03:12:29Z
2026-08-08T03:12:50+00:00,LiveScore Bet,h2h,jean silva,yair rodriguez,1.27,3.75,2026-08-08T03:12:39Z
2026-08-08T03:12:50+00:00,BetRivers,h2h,jean silva,yair rodriguez,1.27,3.75,2026-08-08T03:12:30Z
2026-08-08T03:12:50+00:00,Betway,h2h,jean silva,yair rodriguez,1.29,3.5,2026-08-08T03:11:48Z
2026-08-08T03:12:50+00:00,BetOnline.ag,h2h,jeremiah wells,myktybek orolbai,5.46,1.17,2026-08-08T03:10:16Z
2026-08-08T03:12:50+00:00,1xBet,h2h,jeremiah wells,myktybek orolbai,5.47,1.21,2026-08-08T03:12:49Z
2026-08-08T03:12:50+00:00,Pinnacle,h2h,jeremiah wells,myktybek orolbai,5.11,1.19,2026-08-08T03:12:39Z
2026-08-08T03:12:50+00:00,Betsson,h2h,jeremiah wells,myktybek orolbai,5.25,1.14,2026-08-08T03:12:39Z
2026-08-08T03:12:50+00:00,Nordic Bet,h2h,jeremiah wells,myktybek orolbai,5.25,1.14,2026-08-08T03:12:49Z
2026-08-08T03:12:50+00:00,DraftKings,h2h,jeremiah wells,myktybek orolbai,5.1,1.18,2026-08-08T03:11:24Z
2026-08-08T03:12:50+00:00,LiveScore Bet,h2h,jeremiah wells,myktybek orolbai,5.3,1.16,2026-08-08T03:12:39Z
2026-08-08T03:12:50+00:00,Virgin Bet,h2h,jeremiah wells,myktybek orolbai,5.3,1.16,2026-08-08T03:12:07Z
2026-08-08T03:12:50+00:00,BetRivers,h2h,jeremiah wells,myktybek orolbai,5.3,1.16,2026-08-08T03:12:30Z
2026-08-08T03:12:50+00:00,Grosvenor,h2h,jeremiah wells,myktybek orolbai,4.9,1.12,2026-08-08T03:12:29Z
2026-08-08T03:12:50+00:00,Coolbet,h2h,jeremiah wells,myktybek orolbai,5.4,1.17,2026-08-08T03:11:58Z
2026-08-08T03:12:50+00:00,BetOnline.ag,h2h,jiri prochazka,magomed ankalaev,2.74,1.5,2026-08-08T03:10:16Z
2026-08-08T03:12:50+00:00,Pinnacle,h2h,jose montanha,louie sutherland,2.7,1.51,2026-08-08T03:12:39Z
2026-08-08T03:12:50+00:00,DraftKings,h2h,jose montanha,louie sutherland,2.64,1.51,2026-08-08T03:11:24Z
2026-08-08T03:12:50+00:00,1xBet,h2h,jose montanha,louie sutherland,2.53,1.5,2026-08-08T03:12:49Z
2026-08-08T03:12:50+00:00,BetUS,h2h,jose montanha,louie sutherland,2.74,1.48,2026-08-08T03:12:49Z
2026-08-08T03:12:50+00:00,BetOnline.ag,h2h,jose montanha,louie sutherland,2.8,1.48,2026-08-08T03:10:16Z
2026-08-08T03:12:50+00:00,Coolbet,h2h,jose montanha,louie sutherland,2.62,1.52,2026-08-08T03:11:58Z
2026-08-08T03:12:50+00:00,Bovada,h2h,jose montanha,louie sutherland,2.68,1.51,2026-08-08T03:08:59Z
2026-08-08T03:12:50+00:00,Unibet (UK),h2h,jose montanha,louie sutherland,2.7,1.48,2026-08-08T03:11:46Z
2026-08-08T03:12:50+00:00,FanDuel,h2h,jose montanha,louie sutherland,2.54,1.54,2026-08-08T03:12:49Z
2026-08-08T03:12:50+00:00,Paddy Power,h2h,jose montanha,louie sutherland,2.5,1.53,2026-08-08T03:11:02Z
2026-08-08T03:12:50+00:00,Betfair Sportsbook,h2h,jose montanha,louie sutherland,2.5,1.53,2026-08-08T03:12:39Z
2026-08-08T03:12:50+00:00,Betway,h2h,jose montanha,louie sutherland,2.5,1.53,2026-08-08T03:11:48Z
2026-08-08T03:12:50+00:00,Betfair,h2h,jose montanha,louie sutherland,2.74,1.51,2026-08-08T03:12:28Z
2026-08-08T03:12:50+00:00,Betfair,h2h,jose montanha,louie sutherland,2.74,1.51,2026-08-08T03:12:49Z
2026-08-08T03:12:50+00:00,BetAnything,h2h,jose montanha,louie sutherland,2.6,1.53,2026-08-08T03:12:39Z
2026-08-08T03:12:50+00:00,Grosvenor,h2h,jose montanha,louie sutherland,2.43,1.45,2026-08-08T03:12:29Z
2026-08-08T03:12:50+00:00,Virgin Bet,h2h,jose montanha,louie sutherland,2.55,1.52,2026-08-08T03:12:07Z
2026-08-08T03:12:50+00:00,BetRivers,h2h,jose montanha,louie sutherland,2.55,1.51,2026-08-08T03:12:30Z
2026-08-08T03:12:50+00:00,LiveScore Bet,h2h,jose montanha,louie sutherland,2.55,1.52,2026-08-08T03:12:39Z
2026-08-08T03:12:50+00:00,Matchbook,h2h,jose montanha,louie sutherland,2.74,1.51,2026-08-08T03:12:49Z
2026-08-08T03:12:50+00:00,BetOnline.ag,h2h,joshua van,manel kape,2.65,1.53,2026-08-08T03:10:16Z
2026-08-08T03:12:50+00:00,BetOnline.ag,h2h,juliana miller,ravena oliveira,1.33,3.49,2026-08-08T03:10:16Z
2026-08-08T03:12:50+00:00,1xBet,h2h,juliana miller,ravena oliveira,1.29,3.42,2026-08-08T03:12:49Z
2026-08-08T03:12:50+00:00,Pinnacle,h2h,juliana miller,ravena oliveira,1.34,3.45,2026-08-08T03:12:39Z
2026-08-08T03:12:50+00:00,BetUS,h2h,juliana miller,ravena oliveira,1.33,3.5,2026-08-08T03:12:49Z
2026-08-08T03:12:50+00:00,Unibet (UK),h2h,juliana miller,ravena oliveira,1.32,3.45,2026-08-08T03:11:46Z
2026-08-08T03:12:50+00:00,888sport,h2h,juliana miller,ravena oliveira,1.3,3.4,2026-08-08T03:12:49Z
2026-08-08T03:12:50+00:00,Betsson,h2h,juliana miller,ravena oliveira,1.32,3.5,2026-08-08T03:12:39Z
2026-08-08T03:12:50+00:00,Nordic Bet,h2h,juliana miller,ravena oliveira,1.32,3.5,2026-08-08T03:12:49Z
2026-08-08T03:12:50+00:00,DraftKings,h2h,juliana miller,ravena oliveira,1.34,3.4,2026-08-08T03:11:24Z
2026-08-08T03:12:50+00:00,Grosvenor,h2h,juliana miller,ravena oliveira,1.28,3.15,2026-08-08T03:12:29Z
2026-08-08T03:12:50+00:00,Virgin Bet,h2h,juliana miller,ravena oliveira,1.33,3.35,2026-08-08T03:12:07Z
2026-08-08T03:12:50+00:00,BetRivers,h2h,juliana miller,ravena oliveira,1.33,3.35,2026-08-08T03:12:30Z
2026-08-08T03:12:50+00:00,LiveScore Bet,h2h,juliana miller,ravena oliveira,1.33,3.35,2026-08-08T03:12:39Z
2026-08-08T03:12:50+00:00,Coolbet,h2h,juliana miller,ravena oliveira,1.34,3.37,2026-08-08T03:11:58Z
2026-08-08T03:12:50+00:00,FanDuel,h2h,juliana miller,ravena oliveira,1.33,3.45,2026-08-08T03:12:49Z
2026-08-08T03:12:50+00:00,Betfair Sportsbook,h2h,juliana miller,ravena oliveira,1.33,3.25,2026-08-08T03:12:39Z
2026-08-08T03:12:50+00:00,Paddy Power,h2h,juliana miller,ravena oliveira,1.33,3.25,2026-08-08T03:11:02Z
2026-08-08T03:12:50+00:00,Bovada,h2h,juliana miller,ravena oliveira,1.32,3.55,2026-08-08T03:08:59Z
2026-08-08T03:12:50+00:00,Betway,h2h,juliana miller,ravena oliveira,1.3,3.5,2026-08-08T03:11:48Z
2026-08-08T03:12:50+00:00,Betfair,h2h,juliana miller,ravena oliveira,1.36,3.4,2026-08-08T03:12:28Z
2026-08-08T03:12:50+00:00,Betfair,h2h,juliana miller,ravena oliveira,1.36,3.4,2026-08-08T03:12:49Z
2026-08-08T03:12:50+00:00,BetAnything,h2h,juliana miller,ravena oliveira,1.32,3.4,2026-08-08T03:12:39Z
2026-08-08T03:12:50+00:00,Matchbook,h2h,juliana miller,ravena oliveira,1.36,3.4,2026-08-08T03:12:49Z
2026-08-08T03:12:50+00:00,BetOnline.ag,h2h,khamzat chimaev,paulo henrique costa,1.2,4.75,2026-08-08T03:10:16Z
2026-08-08T03:12:50+00:00,BetOnline.ag,h2h,khamzat chimaev,sean strickland,1.49,2.75,2026-08-08T03:10:16Z
2026-08-08T03:12:50+00:00,BetOnline.ag,h2h,lucas fernando,rafael tobias,1.43,2.92,2026-08-08T03:10:16Z
2026-08-08T03:12:50+00:00,Pinnacle,h2h,lucas fernando,rafael tobias,1.42,3.0,2026-08-08T03:12:39Z
2026-08-08T03:12:50+00:00,1xBet,h2h,lucas fernando,rafael tobias,1.43,2.94,2026-08-08T03:12:49Z
2026-08-08T03:12:50+00:00,Nordic Bet,h2h,lucas fernando,rafael tobias,1.44,2.7,2026-08-08T03:12:49Z
2026-08-08T03:12:50+00:00,Betsson,h2h,lucas fernando,rafael tobias,1.44,2.7,2026-08-08T03:12:39Z
2026-08-08T03:12:50+00:00,DraftKings,h2h,lucas fernando,rafael tobias,1.42,2.95,2026-08-08T03:11:24Z
2026-08-08T03:12:50+00:00,Virgin Bet,h2h,lucas fernando,rafael tobias,1.41,2.9,2026-08-08T03:12:07Z
2026-08-08T03:12:50+00:00,Grosvenor,h2h,lucas fernando,rafael tobias,1.36,2.75,2026-08-08T03:12:29Z
2026-08-08T03:12:50+00:00,LiveScore Bet,h2h,lucas fernando,rafael tobias,1.41,2.9,2026-08-08T03:12:39Z
2026-08-08T03:12:50+00:00,BetRivers,h2h,lucas fernando,rafael tobias,1.41,2.9,2026-08-08T03:12:30Z
2026-08-08T03:12:50+00:00,Coolbet,h2h,lucas fernando,rafael tobias,1.44,2.9,2026-08-08T03:11:58Z
2026-08-08T03:12:50+00:00,Unibet (UK),h2h,lucas fernando,rafael tobias,1.4,2.8,2026-08-08T03:11:46Z
2026-08-08T03:12:50+00:00,BetOnline.ag,h2h,manoel sousa,richie miranda,1.31,3.6,2026-08-08T03:10:16Z
2026-08-08T03:12:50+00:00,1xBet,h2h,manoel sousa,richie miranda,1.32,3.26,2026-08-08T03:12:49Z
2026-08-08T03:12:50+00:00,Unibet (UK),h2h,manoel sousa,richie miranda,1.3,3.5,2026-08-08T03:11:46Z
2026-08-08T03:12:50+00:00,Coolbet,h2h,manoel sousa,richie miranda,1.32,3.54,2026-08-08T03:11:58Z
2026-08-08T03:12:50+00:00,Pinnacle,h2h,manoel sousa,richie miranda,1.34,3.47,2026-08-08T03:12:39Z
2026-08-08T03:12:50+00:00,Betway,h2h,manoel sousa,richie miranda,1.3,3.5,2026-08-08T03:11:48Z
2026-08-08T03:12:50+00:00,FanDuel,h2h,manoel sousa,richie miranda,1.34,3.4,2026-08-08T03:12:49Z
2026-08-08T03:12:50+00:00,Paddy Power,h2h,manoel sousa,richie miranda,1.33,3.25,2026-08-08T03:11:02Z
2026-08-08T03:12:50+00:00,Betfair Sportsbook,h2h,manoel sousa,richie miranda,1.33,3.25,2026-08-08T03:12:39Z
2026-08-08T03:12:50+00:00,Betfair,h2h,manoel sousa,richie miranda,1.37,3.45,2026-08-08T03:12:28Z
2026-08-08T03:12:50+00:00,Betfair,h2h,manoel sousa,richie miranda,1.37,3.45,2026-08-08T03:12:49Z
2026-08-08T03:12:50+00:00,Bovada,h2h,manoel sousa,richie miranda,1.33,3.5,2026-08-08T03:08:59Z
2026-08-08T03:12:50+00:00,Virgin Bet,h2h,manoel sousa,richie miranda,1.32,3.4,2026-08-08T03:12:07Z
2026-08-08T03:12:50+00:00,BetRivers,h2h,manoel sousa,richie miranda,1.32,3.4,2026-08-08T03:12:30Z
2026-08-08T03:12:50+00:00,LiveScore Bet,h2h,manoel sousa,richie miranda,1.32,3.4,2026-08-08T03:12:39Z
2026-08-08T03:12:50+00:00,Grosvenor,h2h,manoel sousa,richie miranda,1.28,3.15,2026-08-08T03:12:29Z
2026-08-08T03:12:50+00:00,BetUS,h2h,manoel sousa,richie miranda,1.34,3.42,2026-08-08T03:12:49Z
2026-08-08T03:12:50+00:00,Nordic Bet,h2h,manoel sousa,richie miranda,1.31,3.6,2026-08-08T03:12:49Z
2026-08-08T03:12:50+00:00,Betsson,h2h,manoel sousa,richie miranda,1.31,3.6,2026-08-08T03:12:39Z
2026-08-08T03:12:50+00:00,888sport,h2h,manoel sousa,richie miranda,1.3,3.4,2026-08-08T03:12:49Z
2026-08-08T03:12:50+00:00,Matchbook,h2h,manoel sousa,richie miranda,1.37,3.65,2026-08-08T03:12:49Z
2026-08-08T03:12:50+00:00,DraftKings,h2h,manoel sousa,richie miranda,1.32,3.5,2026-08-08T03:11:24Z
2026-08-08T03:12:50+00:00,BetAnything,h2h,manoel sousa,richie miranda,1.32,3.35,2026-08-08T03:12:39Z
2026-08-08T03:12:50+00:00,BetOnline.ag,h2h,mateusz gamrot,quillan salkilld,2.12,1.76,2026-08-08T03:10:16Z
2026-08-08T03:12:50+00:00,Winamax (FR),h2h,mateusz gamrot,quillan salkilld,2.0,1.68,2026-08-08T03:12:07Z
2026-08-08T03:12:50+00:00,Betclic (FR),h2h,mateusz gamrot,quillan salkilld,2.1,1.65,2026-08-08T03:12:43Z
2026-08-08T03:12:50+00:00,1xBet,h2h,mateusz gamrot,quillan salkilld,2.16,1.71,2026-08-08T03:12:49Z
2026-08-08T03:12:50+00:00,Pinnacle,h2h,mateusz gamrot,quillan salkilld,2.18,1.74,2026-08-08T03:12:39Z
2026-08-08T03:12:50+00:00,BetUS,h2h,mateusz gamrot,quillan salkilld,2.14,1.74,2026-08-08T03:12:49Z
2026-08-08T03:12:50+00:00,Unibet (UK),h2h,mateusz gamrot,quillan salkilld,2.1,1.75,2026-08-08T03:11:46Z
2026-08-08T03:12:50+00:00,Nordic Bet,h2h,mateusz gamrot,quillan salkilld,2.25,1.67,2026-08-08T03:12:49Z
2026-08-08T03:12:50+00:00,Betsson,h2h,mateusz gamrot,quillan salkilld,2.25,1.67,2026-08-08T03:12:39Z
2026-08-08T03:12:50+00:00,DraftKings,h2h,mateusz gamrot,quillan salkilld,2.14,1.74,2026-08-08T03:11:24Z
2026-08-08T03:12:50+00:00,LiveScore Bet,h2h,mateusz gamrot,quillan salkilld,2.16,1.7,2026-08-08T03:12:39Z
2026-08-08T03:12:50+00:00,Grosvenor,h2h,mateusz gamrot,quillan salkilld,2.07,1.63,2026-08-08T03:12:29Z
2026-08-08T03:12:50+00:00,Virgin Bet,h2h,mateusz gamrot,quillan salkilld,2.16,1.7,2026-08-08T03:12:07Z
2026-08-08T03:12:50+00:00,BetRivers,h2h,mateusz gamrot,quillan salkilld,2.16,1.7,2026-08-08T03:12:30Z
2026-08-08T03:12:50+00:00,Coolbet,h2h,mateusz gamrot,quillan salkilld,2.13,1.75,2026-08-08T03:11:58Z
2026-08-08T03:12:50+00:00,FanDuel,h2h,mateusz gamrot,quillan salkilld,2.22,1.69,2026-08-08T03:12:49Z
2026-08-08T03:12:50+00:00,Paddy Power,h2h,mateusz gamrot,quillan salkilld,2.2,1.67,2026-08-08T03:11:02Z
2026-08-08T03:12:50+00:00,Bovada,h2h,mateusz gamrot,quillan salkilld,2.17,1.72,2026-08-08T03:08:59Z
2026-08-08T03:12:50+00:00,Betway,h2h,mateusz gamrot,quillan salkilld,2.1,1.73,2026-08-08T03:11:48Z
2026-08-08T03:12:50+00:00,Betfair,h2h,mateusz gamrot,quillan salkilld,2.24,1.78,2026-08-08T03:12:28Z
2026-08-08T03:12:50+00:00,Betfair,h2h,mateusz gamrot,quillan salkilld,2.24,1.78,2026-08-08T03:12:49Z
2026-08-08T03:12:50+00:00,PMU (FR),h2h,mateusz gamrot,quillan salkilld,2.16,1.7,2026-08-08T03:12:49Z
2026-08-08T03:12:50+00:00,BetAnything,h2h,mateusz gamrot,quillan salkilld,2.05,1.74,2026-08-08T03:12:39Z
2026-08-08T03:12:50+00:00,Matchbook,h2h,mateusz gamrot,quillan salkilld,2.26,1.78,2026-08-08T03:12:49Z
2026-08-08T03:12:50+00:00,Unibet (FR),h2h,mateusz gamrot,quillan salkilld,2.05,1.68,2026-08-08T03:12:18Z
2026-08-08T03:12:50+00:00,Marathon Bet,h2h,mateusz gamrot,quillan salkilld,2.13,1.68,2026-08-08T03:12:06Z
2026-08-08T03:12:50+00:00,BetOnline.ag,h2h,max holloway,paddy pimblett,1.56,2.55,2026-08-08T03:10:16Z
2026-08-08T03:12:50+00:00,BetOnline.ag,h2h,merab dvalishvili,petr yan,2.5,1.57,2026-08-08T03:10:16Z
2026-08-08T03:12:50+00:00,BetOnline.ag,h2h,nassourdine imavov,sean strickland,1.88,1.94,2026-08-08T03:10:16Z
2026-08-08T03:12:50+00:00,BetOnline.ag,h2h,natalia silva,valentina shevchenko,3.1,1.4,2026-08-08T03:10:16Z
2026-08-08T03:12:50+00:00,BetOnline.ag,h2h,neil magny,ramiz brahimaj,1.91,1.91,2026-08-08T03:10:16Z
2026-08-08T03:12:50+00:00,1xBet,h2h,neil magny,ramiz brahimaj,1.96,1.96,2026-08-08T03:12:49Z
2026-08-08T03:12:50+00:00,Pinnacle,h2h,neil magny,ramiz brahimaj,1.88,1.97,2026-08-08T03:12:39Z
2026-08-08T03:12:50+00:00,888sport,h2h,neil magny,ramiz brahimaj,1.91,1.91,2026-08-08T03:12:49Z
2026-08-08T03:12:50+00:00,Nordic Bet,h2h,neil magny,ramiz brahimaj,1.88,1.88,2026-08-08T03:12:49Z
2026-08-08T03:12:50+00:00,Betsson,h2h,neil magny,ramiz brahimaj,1.88,1.88,2026-08-08T03:12:39Z
2026-08-08T03:12:50+00:00,DraftKings,h2h,neil magny,ramiz brahimaj,1.87,1.95,2026-08-08T03:11:24Z
2026-08-08T03:12:50+00:00,LiveScore Bet,h2h,neil magny,ramiz brahimaj,1.9,1.9,2026-08-08T03:12:39Z
2026-08-08T03:12:50+00:00,Virgin Bet,h2h,neil magny,ramiz brahimaj,1.9,1.9,2026-08-08T03:12:07Z
2026-08-08T03:12:50+00:00,Grosvenor,h2h,neil magny,ramiz brahimaj,1.82,1.82,2026-08-08T03:12:29Z
2026-08-08T03:12:50+00:00,BetRivers,h2h,neil magny,ramiz brahimaj,1.89,1.89,2026-08-08T03:12:30Z
2026-08-08T03:12:50+00:00,Coolbet,h2h,neil magny,ramiz brahimaj,1.92,1.92,2026-08-08T03:11:58Z
2026-08-08T03:12:50+00:00,DraftKings,h2h,robelis despaigne,tai tuivasa,1.2,4.8,2026-08-08T03:11:24Z
2026-08-08T03:12:50+00:00,1xBet,h2h,robelis despaigne,tai tuivasa,1.23,4.66,2026-08-08T03:12:49Z
2026-08-08T03:12:50+00:00,BetOnline.ag,h2h,song yadong,umar nurmagomedov,4.5,1.22,2026-08-08T03:10:16Z
2026-08-08T03:12:50+00:00,Betclic (FR),h2h,song yadong,umar nurmagomedov,4.45,1.17,2026-08-08T03:12:43Z
2026-08-08T03:12:50+00:00,1xBet,h2h,song yadong,umar nurmagomedov,5.19,1.19,2026-08-08T03:12:49Z
2026-08-08T03:12:50+00:00,BetUS,h2h,song yadong,umar nurmagomedov,4.39,1.22,2026-08-08T03:12:49Z
2026-08-08T03:12:50+00:00,DraftKings,h2h,song yadong,umar nurmagomedov,4.5,1.22,2026-08-08T03:11:24Z
2026-08-08T03:12:50+00:00,Betway,h2h,song yadong,umar nurmagomedov,4.5,1.2,2026-08-08T03:11:48Z
2026-08-08T03:12:50+00:00,FanDuel,h2h,song yadong,umar nurmagomedov,4.5,1.19,2026-08-08T03:12:49Z
2026-08-08T03:12:50+00:00,Paddy Power,h2h,song yadong,umar nurmagomedov,4.5,1.2,2026-08-08T03:11:02Z
2026-08-08T03:12:50+00:00,Winamax (FR),h2h,song yadong,umar nurmagomedov,4.0,1.2,2026-08-08T03:12:07Z
2026-08-08T03:12:50+00:00,LiveScore Bet,h2h,song yadong,umar nurmagomedov,4.35,1.21,2026-08-08T03:12:39Z
2026-08-08T03:12:50+00:00,BetRivers,h2h,song yadong,umar nurmagomedov,4.35,1.21,2026-08-08T03:12:30Z
2026-08-08T03:12:50+00:00,Virgin Bet,h2h,song yadong,umar nurmagomedov,4.35,1.21,2026-08-08T03:12:07Z
2026-08-08T03:12:50+00:00,Grosvenor,h2h,song yadong,umar nurmagomedov,4.1,1.17,2026-08-08T03:12:29Z
2026-08-08T03:12:50+00:00,Coolbet,h2h,song yadong,umar nurmagomedov,4.5,1.22,2026-08-08T03:11:58Z
2026-08-08T03:12:50+00:00,BetOnline.ag,h2h,tresean gore,vicente luque,1.83,2.0,2026-08-08T03:10:16Z
2026-08-08T03:12:50+00:00,1xBet,h2h,tresean gore,vicente luque,1.81,2.2,2026-08-08T03:12:49Z
2026-08-08T03:12:50+00:00,Pinnacle,h2h,tresean gore,vicente luque,1.71,2.19,2026-08-08T03:12:39Z
2026-08-08T03:12:50+00:00,Unibet (UK),h2h,tresean gore,vicente luque,1.78,1.98,2026-08-08T03:11:46Z
2026-08-08T03:12:50+00:00,Nordic Bet,h2h,tresean gore,vicente luque,1.7,2.1,2026-08-08T03:12:49Z
2026-08-08T03:12:50+00:00,Betsson,h2h,tresean gore,vicente luque,1.7,2.1,2026-08-08T03:12:39Z
2026-08-08T03:12:50+00:00,DraftKings,h2h,tresean gore,vicente luque,1.7,2.2,2026-08-08T03:11:24Z
2026-08-08T03:12:50+00:00,Grosvenor,h2h,tresean gore,vicente luque,1.7,1.96,2026-08-08T03:12:29Z
2026-08-08T03:12:50+00:00,LiveScore Bet,h2h,tresean gore,vicente luque,1.76,2.07,2026-08-08T03:12:39Z
2026-08-08T03:12:50+00:00,BetRivers,h2h,tresean gore,vicente luque,1.76,2.07,2026-08-08T03:12:30Z
2026-08-08T03:12:50+00:00,Virgin Bet,h2h,tresean gore,vicente luque,1.76,2.07,2026-08-08T03:12:07Z
2026-08-08T03:12:50+00:00,Coolbet,h2h,tresean gore,vicente luque,1.77,2.1,2026-08-08T03:11:58Z
2026-08-08T03:13:00+00:00,FanDuel,h2h,aaron jeffery,joshua silveira,1.02,15.0,2026-08-08T03:12:49Z
2026-08-08T03:13:00+00:00,Winamax (FR),h2h,aaron jeffery,joshua silveira,1.01,20.0,2026-08-08T03:12:07Z
2026-08-08T03:13:00+00:00,Grosvenor,h2h,aaron jeffery,joshua silveira,1.03,11.5,2026-08-08T03:12:29Z
2026-08-08T03:13:00+00:00,BetOnline.ag,h2h,alex pereira,josh hokit,2.4,1.62,2026-08-08T03:12:51Z
2026-08-08T03:13:00+00:00,DraftKings,h2h,alexandre pantoja,joshua van,1.85,1.98,2026-08-08T03:11:24Z
2026-08-08T03:13:00+00:00,Betclic (FR),h2h,alexandre pantoja,joshua van,1.85,1.85,2026-08-08T03:12:43Z
2026-08-08T03:13:00+00:00,1xBet,h2h,alexandre pantoja,joshua van,1.96,1.96,2026-08-08T03:12:49Z
2026-08-08T03:13:00+00:00,BetRivers,h2h,alexandre pantoja,joshua van,1.83,1.97,2026-08-08T03:12:30Z
2026-08-08T03:13:00+00:00,Virgin Bet,h2h,alexandre pantoja,joshua van,1.83,1.98,2026-08-08T03:12:07Z
2026-08-08T03:13:00+00:00,Grosvenor,h2h,alexandre pantoja,joshua van,1.75,1.88,2026-08-08T03:12:29Z
2026-08-08T03:13:00+00:00,LiveScore Bet,h2h,alexandre pantoja,joshua van,1.83,1.98,2026-08-08T03:12:39Z
2026-08-08T03:13:00+00:00,Winamax (FR),h2h,alexandre pantoja,joshua van,1.74,1.84,2026-08-08T03:12:07Z
2026-08-08T03:13:00+00:00,BetOnline.ag,h2h,alexia thainara,amanda lemos,1.38,3.15,2026-08-08T03:12:52Z
2026-08-08T03:13:00+00:00,1xBet,h2h,alexia thainara,amanda lemos,1.37,3.15,2026-08-08T03:12:49Z
2026-08-08T03:13:00+00:00,Pinnacle,h2h,alexia thainara,amanda lemos,1.4,3.15,2026-08-08T03:12:39Z
2026-08-08T03:13:00+00:00,BetUS,h2h,alexia thainara,amanda lemos,1.38,3.14,2026-08-08T03:12:49Z
2026-08-08T03:13:00+00:00,Unibet (UK),h2h,alexia thainara,amanda lemos,1.36,3.15,2026-08-08T03:12:50Z
2026-08-08T03:13:00+00:00,Nordic Bet,h2h,alexia thainara,amanda lemos,1.35,3.35,2026-08-08T03:12:49Z
2026-08-08T03:13:00+00:00,Betsson,h2h,alexia thainara,amanda lemos,1.35,3.35,2026-08-08T03:12:39Z
2026-08-08T03:13:00+00:00,DraftKings,h2h,alexia thainara,amanda lemos,1.38,3.15,2026-08-08T03:11:24Z
2026-08-08T03:13:00+00:00,Virgin Bet,h2h,alexia thainara,amanda lemos,1.37,3.1,2026-08-08T03:12:07Z
2026-08-08T03:13:00+00:00,LiveScore Bet,h2h,alexia thainara,amanda lemos,1.37,3.1,2026-08-08T03:12:39Z
2026-08-08T03:13:00+00:00,BetRivers,h2h,alexia thainara,amanda lemos,1.36,3.1,2026-08-08T03:12:30Z
2026-08-08T03:13:00+00:00,Grosvenor,h2h,alexia thainara,amanda lemos,1.33,2.9,2026-08-08T03:12:29Z
2026-08-08T03:13:00+00:00,Coolbet,h2h,alexia thainara,amanda lemos,1.37,3.22,2026-08-08T03:11:58Z
2026-08-08T03:13:00+00:00,FanDuel,h2h,alexia thainara,amanda lemos,1.4,3.05,2026-08-08T03:12:49Z
2026-08-08T03:13:00+00:00,Betfair Sportsbook,h2h,alexia thainara,amanda lemos,1.4,2.88,2026-08-08T03:12:39Z
2026-08-08T03:13:00+00:00,Paddy Power,h2h,alexia thainara,amanda lemos,1.4,2.88,2026-08-08T03:11:02Z
2026-08-08T03:13:00+00:00,Bovada,h2h,alexia thainara,amanda lemos,1.38,3.15,2026-08-08T03:08:59Z
2026-08-08T03:13:00+00:00,Betclic (FR),h2h,alexia thainara,amanda lemos,1.32,3.1,2026-08-08T03:12:43Z
2026-08-08T03:13:00+00:00,Betway,h2h,alexia thainara,amanda lemos,1.36,3.1,2026-08-08T03:12:50Z
2026-08-08T03:13:00+00:00,Betfair,h2h,alexia thainara,amanda lemos,1.43,3.2,2026-08-08T03:12:51Z
2026-08-08T03:13:00+00:00,Betfair,h2h,alexia thainara,amanda lemos,1.43,3.2,2026-08-08T03:12:49Z
2026-08-08T03:13:00+00:00,PMU (FR),h2h,alexia thainara,amanda lemos,1.36,3.1,2026-08-08T03:12:49Z
2026-08-08T03:13:00+00:00,BetAnything,h2h,alexia thainara,amanda lemos,1.38,3.05,2026-08-08T03:12:39Z
2026-08-08T03:13:00+00:00,Winamax (FR),h2h,alexia thainara,amanda lemos,1.34,2.95,2026-08-08T03:12:07Z
2026-08-08T03:13:00+00:00,Matchbook,h2h,alexia thainara,amanda lemos,1.43,3.2,2026-08-08T03:12:49Z
2026-08-08T03:13:00+00:00,Marathon Bet,h2h,alexia thainara,amanda lemos,1.36,3.04,2026-08-08T03:12:06Z
2026-08-08T03:13:00+00:00,Unibet (FR),h2h,alexia thainara,amanda lemos,1.33,3.05,2026-08-08T03:12:18Z
2026-08-08T03:13:00+00:00,BetOnline.ag,h2h,ananias mulumba,tom pagliarulo,1.59,2.3,2026-08-08T03:12:51Z
2026-08-08T03:13:00+00:00,BetOnline.ag,h2h,arman tsarukyan,justin gaethje,1.2,4.85,2026-08-08T03:12:51Z
2026-08-08T03:13:00+00:00,DraftKings,h2h,arman tsarukyan,mauricio ruffy,1.28,3.85,2026-08-08T03:11:24Z
2026-08-08T03:13:00+00:00,Betclic (FR),h2h,arman tsarukyan,mauricio ruffy,1.21,4.0,2026-08-08T03:12:43Z
2026-08-08T03:13:00+00:00,Winamax (FR),h2h,arman tsarukyan,mauricio ruffy,1.23,3.3,2026-08-08T03:12:07Z
2026-08-08T03:13:00+00:00,1xBet,h2h,arman tsarukyan,mauricio ruffy,1.28,4.14,2026-08-08T03:12:49Z
2026-08-08T03:13:00+00:00,BetOnline.ag,h2h,billy goff,ty miller,4.1,1.26,2026-08-08T03:12:52Z
2026-08-08T03:13:00+00:00,1xBet,h2h,billy goff,ty miller,4.22,1.23,2026-08-08T03:12:49Z
2026-08-08T03:13:00+00:00,Pinnacle,h2h,billy goff,ty miller,4.3,1.25,2026-08-08T03:12:39Z
2026-08-08T03:13:00+00:00,BetUS,h2h,billy goff,ty miller,4.3,1.23,2026-08-08T03:12:49Z
2026-08-08T03:13:00+00:00,Unibet (UK),h2h,billy goff,ty miller,4.1,1.24,2026-08-08T03:12:50Z
2026-08-08T03:13:00+00:00,888sport,h2h,billy goff,ty miller,4.0,1.25,2026-08-08T03:12:49Z
2026-08-08T03:13:00+00:00,Betsson,h2h,billy goff,ty miller,4.15,1.24,2026-08-08T03:12:39Z
2026-08-08T03:13:00+00:00,Nordic Bet,h2h,billy goff,ty miller,4.15,1.24,2026-08-08T03:12:49Z
2026-08-08T03:13:00+00:00,DraftKings,h2h,billy goff,ty miller,4.3,1.24,2026-08-08T03:11:24Z
2026-08-08T03:13:00+00:00,Coolbet,h2h,billy goff,ty miller,3.9,1.28,2026-08-08T03:11:58Z
2026-08-08T03:13:00+00:00,Virgin Bet,h2h,billy goff,ty miller,4.1,1.24,2026-08-08T03:12:07Z
2026-08-08T03:13:00+00:00,BetRivers,h2h,billy goff,ty miller,4.1,1.24,2026-08-08T03:12:30Z
2026-08-08T03:13:00+00:00,Grosvenor,h2h,billy goff,ty miller,3.85,1.19,2026-08-08T03:12:29Z
2026-08-08T03:13:00+00:00,LiveScore Bet,h2h,billy goff,ty miller,4.1,1.24,2026-08-08T03:12:39Z
2026-08-08T03:13:00+00:00,Betfair Sportsbook,h2h,billy goff,ty miller,3.75,1.25,2026-08-08T03:12:39Z
2026-08-08T03:13:00+00:00,Paddy Power,h2h,billy goff,ty miller,3.75,1.25,2026-08-08T03:11:02Z
2026-08-08T03:13:00+00:00,FanDuel,h2h,billy goff,ty miller,4.1,1.26,2026-08-08T03:12:49Z
2026-08-08T03:13:00+00:00,Bovada,h2h,billy goff,ty miller,4.15,1.25,2026-08-08T03:08:59Z
2026-08-08T03:13:00+00:00,Betclic (FR),h2h,billy goff,ty miller,4.0,1.21,2026-08-08T03:12:43Z
2026-08-08T03:13:00+00:00,Betway,h2h,billy goff,ty miller,4.0,1.25,2026-08-08T03:12:50Z
2026-08-08T03:13:00+00:00,Betfair,h2h,billy goff,ty miller,4.5,1.26,2026-08-08T03:12:51Z
2026-08-08T03:13:00+00:00,Betfair,h2h,billy goff,ty miller,4.5,1.26,2026-08-08T03:12:49Z
2026-08-08T03:13:00+00:00,PMU (FR),h2h,billy goff,ty miller,4.1,1.24,2026-08-08T03:12:49Z
2026-08-08T03:13:00+00:00,BetAnything,h2h,billy goff,ty miller,3.65,1.24,2026-08-08T03:12:39Z
2026-08-08T03:13:00+00:00,Winamax (FR),h2h,billy goff,ty miller,3.55,1.2,2026-08-08T03:12:07Z
2026-08-08T03:13:00+00:00,Matchbook,h2h,billy goff,ty miller,4.5,1.26,2026-08-08T03:12:49Z
2026-08-08T03:13:00+00:00,BetOnline.ag,h2h,billy quarantillo,carlos diego ferreira,2.57,1.56,2026-08-08T03:12:52Z
2026-08-08T03:13:00+00:00,1xBet,h2h,billy quarantillo,carlos diego ferreira,2.44,1.56,2026-08-08T03:12:49Z
2026-08-08T03:13:00+00:00,Pinnacle,h2h,billy quarantillo,carlos diego ferreira,2.51,1.57,2026-08-08T03:12:40Z
2026-08-08T03:13:00+00:00,BetUS,h2h,billy quarantillo,carlos diego ferreira,2.48,1.56,2026-08-08T03:12:49Z
2026-08-08T03:13:00+00:00,Unibet (UK),h2h,billy quarantillo,carlos diego ferreira,2.5,1.53,2026-08-08T03:12:50Z
2026-08-08T03:13:00+00:00,888sport,h2h,billy quarantillo,carlos diego ferreira,2.5,1.53,2026-08-08T03:12:49Z
2026-08-08T03:13:00+00:00,Nordic Bet,h2h,billy quarantillo,carlos diego ferreira,2.4,1.6,2026-08-08T03:12:49Z
2026-08-08T03:13:00+00:00,Betsson,h2h,billy quarantillo,carlos diego ferreira,2.4,1.6,2026-08-08T03:12:39Z
2026-08-08T03:13:00+00:00,DraftKings,h2h,billy quarantillo,carlos diego ferreira,2.5,1.56,2026-08-08T03:11:24Z
2026-08-08T03:13:00+00:00,LiveScore Bet,h2h,billy quarantillo,carlos diego ferreira,2.43,1.56,2026-08-08T03:12:39Z
2026-08-08T03:13:00+00:00,Grosvenor,h2h,billy quarantillo,carlos diego ferreira,2.3,1.5,2026-08-08T03:12:29Z
2026-08-08T03:13:00+00:00,Virgin Bet,h2h,billy quarantillo,carlos diego ferreira,2.43,1.56,2026-08-08T03:12:07Z
2026-08-08T03:13:00+00:00,BetRivers,h2h,billy quarantillo,carlos diego ferreira,2.43,1.56,2026-08-08T03:12:30Z
2026-08-08T03:13:00+00:00,Marathon Bet,h2h,billy quarantillo,carlos diego ferreira,2.43,1.53,2026-08-08T03:12:06Z
2026-08-08T03:13:00+00:00,Coolbet,h2h,billy quarantillo,carlos diego ferreira,2.5,1.56,2026-08-08T03:11:58Z
2026-08-08T03:13:00+00:00,Betclic (FR),h2h,billy quarantillo,carlos diego ferreira,2.43,1.5,2026-08-08T03:12:43Z
2026-08-08T03:13:00+00:00,FanDuel,h2h,billy quarantillo,carlos diego ferreira,2.48,1.57,2026-08-08T03:12:49Z
2026-08-08T03:13:00+00:00,Paddy Power,h2h,billy quarantillo,carlos diego ferreira,2.38,1.57,2026-08-08T03:11:02Z
2026-08-08T03:13:00+00:00,Bovada,h2h,billy quarantillo,carlos diego ferreira,2.47,1.58,2026-08-08T03:08:59Z
2026-08-08T03:13:00+00:00,Unibet (FR),h2h,billy quarantillo,carlos diego ferreira,2.45,1.49,2026-08-08T03:12:18Z
2026-08-08T03:13:00+00:00,Betway,h2h,billy quarantillo,carlos diego ferreira,2.4,1.57,2026-08-08T03:12:50Z
2026-08-08T03:13:00+00:00,Betfair,h2h,billy quarantillo,carlos diego ferreira,2.66,1.57,2026-08-08T03:12:51Z
2026-08-08T03:13:00+00:00,Betfair,h2h,billy quarantillo,carlos diego ferreira,2.66,1.57,2026-08-08T03:12:49Z
2026-08-08T03:13:00+00:00,PMU (FR),h2h,billy quarantillo,carlos diego ferreira,2.43,1.56,2026-08-08T03:12:49Z
2026-08-08T03:13:00+00:00,BetAnything,h2h,billy quarantillo,carlos diego ferreira,2.5,1.56,2026-08-08T03:12:39Z
2026-08-08T03:13:00+00:00,Winamax (FR),h2h,billy quarantillo,carlos diego ferreira,2.4,1.5,2026-08-08T03:12:07Z
2026-08-08T03:13:00+00:00,Matchbook,h2h,billy quarantillo,carlos diego ferreira,2.66,1.57,2026-08-08T03:12:49Z
2026-08-08T03:13:00+00:00,BetOnline.ag,h2h,bruno lopes,diyar nurgozhay,2.3,1.67,2026-08-08T03:12:52Z
2026-08-08T03:13:00+00:00,1xBet,h2h,bruno lopes,diyar nurgozhay,2.22,1.63,2026-08-08T03:12:49Z
2026-08-08T03:13:00+00:00,Pinnacle,h2h,bruno lopes,diyar nurgozhay,2.36,1.64,2026-08-08T03:12:39Z
2026-08-08T03:13:00+00:00,BetUS,h2h,bruno lopes,diyar nurgozhay,2.3,1.65,2026-08-08T03:12:49Z
2026-08-08T03:13:00+00:00,Unibet (UK),h2h,bruno lopes,diyar nurgozhay,2.3,1.63,2026-08-08T03:12:50Z
2026-08-08T03:13:00+00:00,Betsson,h2h,bruno lopes,diyar nurgozhay,2.25,1.67,2026-08-08T03:12:39Z
2026-08-08T03:13:00+00:00,Nordic Bet,h2h,bruno lopes,diyar nurgozhay,2.25,1.67,2026-08-08T03:12:49Z
2026-08-08T03:13:00+00:00,DraftKings,h2h,bruno lopes,diyar nurgozhay,2.3,1.65,2026-08-08T03:11:24Z
2026-08-08T03:13:00+00:00,Coolbet,h2h,bruno lopes,diyar nurgozhay,2.3,1.65,2026-08-08T03:11:58Z
2026-08-08T03:13:00+00:00,FanDuel,h2h,bruno lopes,diyar nurgozhay,2.32,1.64,2026-08-08T03:12:49Z
2026-08-08T03:13:00+00:00,Betfair Sportsbook,h2h,bruno lopes,diyar nurgozhay,2.25,1.62,2026-08-08T03:12:39Z
2026-08-08T03:13:00+00:00,Paddy Power,h2h,bruno lopes,diyar nurgozhay,2.25,1.62,2026-08-08T03:11:02Z
2026-08-08T03:13:00+00:00,Bovada,h2h,bruno lopes,diyar nurgozhay,2.3,1.67,2026-08-08T03:08:59Z
2026-08-08T03:13:00+00:00,LiveScore Bet,h2h,bruno lopes,diyar nurgozhay,2.23,1.65,2026-08-08T03:12:39Z
2026-08-08T03:13:00+00:00,Virgin Bet,h2h,bruno lopes,diyar nurgozhay,2.23,1.65,2026-08-08T03:12:07Z
2026-08-08T03:13:00+00:00,Grosvenor,h2h,bruno lopes,diyar nurgozhay,2.12,1.6,2026-08-08T03:12:29Z
2026-08-08T03:13:00+00:00,BetRivers,h2h,bruno lopes,diyar nurgozhay,2.23,1.65,2026-08-08T03:12:30Z
2026-08-08T03:13:00+00:00,Betway,h2h,bruno lopes,diyar nurgozhay,2.2,1.67,2026-08-08T03:12:50Z
2026-08-08T03:13:00+00:00,Betfair,h2h,bruno lopes,diyar nurgozhay,2.46,1.65,2026-08-08T03:12:51Z
2026-08-08T03:13:00+00:00,Betfair,h2h,bruno lopes,diyar nurgozhay,2.46,1.65,2026-08-08T03:12:49Z
2026-08-08T03:13:00+00:00,BetAnything,h2h,bruno lopes,diyar nurgozhay,2.3,1.62,2026-08-08T03:12:39Z
2026-08-08T03:13:00+00:00,Matchbook,h2h,bruno lopes,diyar nurgozhay,2.46,1.65,2026-08-08T03:12:49Z
2026-08-08T03:13:00+00:00,BetOnline.ag,h2h,bryan battle,dalton rosta,1.74,2.15,2026-08-08T03:12:51Z
2026-08-08T03:13:00+00:00,Winamax (FR),h2h,bryan battle,dalton rosta,1.62,1.96,2026-08-08T03:12:07Z
2026-08-08T03:13:00+00:00,Grosvenor,h2h,bryan battle,dalton rosta,1.68,2.15,2026-08-08T03:12:29Z
2026-08-08T03:13:00+00:00,FanDuel,h2h,bryan battle,dalton rosta,1.74,2.16,2026-08-08T03:12:49Z
2026-08-08T03:13:00+00:00,BetOnline.ag,h2h,carlos ulberg,magomed ankalaev,2.65,1.53,2026-08-08T03:12:51Z
2026-08-08T03:13:00+00:00,BetOnline.ag,h2h,carol foro,giovanna canuto,1.43,2.95,2026-08-08T03:12:52Z
2026-08-08T03:13:00+00:00,1xBet,h2h,carol foro,giovanna canuto,1.37,3.03,2026-08-08T03:12:49Z
2026-08-08T03:13:00+00:00,FanDuel,h2h,carol foro,giovanna canuto,1.42,2.94,2026-08-08T03:12:49Z
2026-08-08T03:13:00+00:00,Betfair Sportsbook,h2h,carol foro,giovanna canuto,1.4,2.88,2026-08-08T03:12:39Z
2026-08-08T03:13:00+00:00,Unibet (UK),h2h,carol foro,giovanna canuto,1.42,2.9,2026-08-08T03:12:50Z
2026-08-08T03:13:00+00:00,Betfair,h2h,carol foro,giovanna canuto,1.42,3.05,2026-08-08T03:12:51Z
2026-08-08T03:13:00+00:00,Paddy Power,h2h,carol foro,giovanna canuto,1.4,2.88,2026-08-08T03:11:02Z
2026-08-08T03:13:00+00:00,Betfair,h2h,carol foro,giovanna canuto,1.42,3.05,2026-08-08T03:12:49Z
2026-08-08T03:13:00+00:00,Betway,h2h,carol foro,giovanna canuto,1.36,3.1,2026-08-08T03:12:50Z
2026-08-08T03:13:00+00:00,Bovada,h2h,carol foro,giovanna canuto,1.41,3.05,2026-08-08T03:08:59Z
2026-08-08T03:13:00+00:00,DraftKings,h2h,carol foro,giovanna canuto,1.41,3.0,2026-08-08T03:11:24Z
2026-08-08T03:13:00+00:00,Betsson,h2h,carol foro,giovanna canuto,1.37,2.95,2026-08-08T03:12:39Z
2026-08-08T03:13:00+00:00,Nordic Bet,h2h,carol foro,giovanna canuto,1.37,2.95,2026-08-08T03:12:49Z
2026-08-08T03:13:00+00:00,Coolbet,h2h,carol foro,giovanna canuto,1.39,3.1,2026-08-08T03:11:58Z
2026-08-08T03:13:00+00:00,BetRivers,h2h,carol foro,giovanna canuto,1.38,3.05,2026-08-08T03:12:30Z
2026-08-08T03:13:00+00:00,Virgin Bet,h2h,carol foro,giovanna canuto,1.38,3.05,2026-08-08T03:12:07Z
2026-08-08T03:13:00+00:00,Grosvenor,h2h,carol foro,giovanna canuto,1.33,2.88,2026-08-08T03:12:29Z
2026-08-08T03:13:00+00:00,LiveScore Bet,h2h,carol foro,giovanna canuto,1.38,3.05,2026-08-08T03:12:39Z
2026-08-08T03:13:00+00:00,BetUS,h2h,carol foro,giovanna canuto,1.4,3.07,2026-08-08T03:12:49Z
2026-08-08T03:13:00+00:00,BetAnything,h2h,carol foro,giovanna canuto,1.42,2.9,2026-08-08T03:12:39Z
2026-08-08T03:13:00+00:00,888sport,h2h,carol foro,giovanna canuto,1.4,2.95,2026-08-08T03:12:49Z
2026-08-08T03:13:00+00:00,Matchbook,h2h,carol foro,giovanna canuto,1.42,3.05,2026-08-08T03:12:49Z
2026-08-08T03:13:00+00:00,Pinnacle,h2h,carol foro,giovanna canuto,1.41,3.07,2026-08-08T03:12:39Z
2026-08-08T03:13:00+00:00,BetOnline.ag,h2h,charles johnson,jose ochoa,3.89,1.28,2026-08-08T03:12:52Z
2026-08-08T03:13:00+00:00,Pinnacle,h2h,charles johnson,jose ochoa,3.67,1.31,2026-08-08T03:12:39Z
2026-08-08T03:13:00+00:00,1xBet,h2h,charles johnson,jose ochoa,3.69,1.3,2026-08-08T03:12:49Z
2026-08-08T03:13:00+00:00,Betsson,h2h,charles johnson,jose ochoa,3.75,1.25,2026-08-08T03:12:39Z
2026-08-08T03:13:00+00:00,Nordic Bet,h2h,charles johnson,jose ochoa,3.75,1.25,2026-08-08T03:12:49Z
2026-08-08T03:13:00+00:00,DraftKings,h2h,charles johnson,jose ochoa,3.6,1.31,2026-08-08T03:11:24Z
2026-08-08T03:13:00+00:00,Betclic (FR),h2h,charles johnson,jose ochoa,3.7,1.24,2026-08-08T03:12:43Z
2026-08-08T03:13:00+00:00,BetRivers,h2h,charles johnson,jose ochoa,3.8,1.26,2026-08-08T03:12:30Z
2026-08-08T03:13:00+00:00,Virgin Bet,h2h,charles johnson,jose ochoa,3.8,1.26,2026-08-08T03:12:07Z
2026-08-08T03:13:00+00:00,Grosvenor,h2h,charles johnson,jose ochoa,3.65,1.21,2026-08-08T03:12:29Z
2026-08-08T03:13:00+00:00,LiveScore Bet,h2h,charles johnson,jose ochoa,3.8,1.26,2026-08-08T03:12:39Z
2026-08-08T03:13:00+00:00,Coolbet,h2h,charles johnson,jose ochoa,3.7,1.3,2026-08-08T03:11:58Z
2026-08-08T03:13:00+00:00,BetOnline.ag,h2h,chidi njokuani,joel alvarez,3.19,1.38,2026-08-08T03:12:52Z
2026-08-08T03:13:00+00:00,DraftKings,h2h,chidi njokuani,joel alvarez,3.1,1.39,2026-08-08T03:11:24Z
2026-08-08T03:13:00+00:00,Nordic Bet,h2h,chidi njokuani,joel alvarez,2.85,1.4,2026-08-08T03:12:49Z
2026-08-08T03:13:00+00:00,Betsson,h2h,chidi njokuani,joel alvarez,2.85,1.4,2026-08-08T03:12:39Z
2026-08-08T03:13:00+00:00,1xBet,h2h,chidi njokuani,joel alvarez,3.3,1.41,2026-08-08T03:12:49Z
2026-08-08T03:13:00+00:00,BetRivers,h2h,chidi njokuani,joel alvarez,2.95,1.4,2026-08-08T03:12:30Z
2026-08-08T03:13:00+00:00,Virgin Bet,h2h,chidi njokuani,joel alvarez,2.95,1.4,2026-08-08T03:12:07Z
2026-08-08T03:13:00+00:00,Grosvenor,h2h,chidi njokuani,joel alvarez,2.8,1.35,2026-08-08T03:12:29Z
2026-08-08T03:13:00+00:00,LiveScore Bet,h2h,chidi njokuani,joel alvarez,2.95,1.4,2026-08-08T03:12:39Z
2026-08-08T03:13:00+00:00,888sport,h2h,chidi njokuani,joel alvarez,3.05,1.36,2026-08-08T03:12:49Z
2026-08-08T03:13:00+00:00,Coolbet,h2h,chidi njokuani,joel alvarez,3.05,1.4,2026-08-08T03:11:58Z
2026-08-08T03:13:00+00:00,Unibet (UK),h2h,chidi njokuani,joel alvarez,3.0,1.36,2026-08-08T03:12:50Z
2026-08-08T03:13:00+00:00,BetOnline.ag,h2h,ciryl gane,josh hokit,1.4,3.1,2026-08-08T03:12:51Z
2026-08-08T03:13:00+00:00,BetOnline.ag,h2h,ciryl gane,tom aspinall,2.05,1.8,2026-08-08T03:12:51Z
2026-08-08T03:13:00+00:00,BetOnline.ag,h2h,conor mcgregor,jorge masvidal,1.69,2.25,2026-08-08T03:12:51Z
2026-08-08T03:13:00+00:00,BetOnline.ag,h2h,conor mcgregor,paddy pimblett,2.3,1.67,2026-08-08T03:12:51Z
2026-08-08T03:13:00+00:00,BetOnline.ag,h2h,darren elkins,yadier delvalle,6.71,1.12,2026-08-08T03:12:52Z
2026-08-08T03:13:00+00:00,1xBet,h2h,darren elkins,yadier delvalle,6.6,1.11,2026-08-08T03:12:49Z
2026-08-08T03:13:00+00:00,Pinnacle,h2h,darren elkins,yadier delvalle,6.99,1.12,2026-08-08T03:12:39Z
2026-08-08T03:13:00+00:00,BetUS,h2h,darren elkins,yadier delvalle,6.35,1.12,2026-08-08T03:12:49Z
2026-08-08T03:13:00+00:00,Unibet (UK),h2h,darren elkins,yadier delvalle,6.5,1.12,2026-08-08T03:12:50Z
2026-08-08T03:13:00+00:00,888sport,h2h,darren elkins,yadier delvalle,6.7,1.1,2026-08-08T03:12:49Z
2026-08-08T03:13:00+00:00,Nordic Bet,h2h,darren elkins,yadier delvalle,7.0,1.11,2026-08-08T03:12:49Z
2026-08-08T03:13:00+00:00,Betsson,h2h,darren elkins,yadier delvalle,7.0,1.11,2026-08-08T03:12:39Z
2026-08-08T03:13:00+00:00,DraftKings,h2h,darren elkins,yadier delvalle,6.75,1.12,2026-08-08T03:11:24Z
2026-08-08T03:13:00+00:00,Coolbet,h2h,darren elkins,yadier delvalle,6.75,1.12,2026-08-08T03:11:58Z
2026-08-08T03:13:00+00:00,LiveScore Bet,h2h,darren elkins,yadier delvalle,6.5,1.11,2026-08-08T03:12:39Z
2026-08-08T03:13:00+00:00,Virgin Bet,h2h,darren elkins,yadier delvalle,6.5,1.11,2026-08-08T03:12:07Z
2026-08-08T03:13:00+00:00,BetRivers,h2h,darren elkins,yadier delvalle,6.5,1.11,2026-08-08T03:12:30Z
2026-08-08T03:13:00+00:00,Grosvenor,h2h,darren elkins,yadier delvalle,6.0,1.07,2026-08-08T03:12:29Z
2026-08-08T03:13:00+00:00,FanDuel,h2h,darren elkins,yadier delvalle,6.3,1.13,2026-08-08T03:12:49Z
2026-08-08T03:13:00+00:00,Paddy Power,h2h,darren elkins,yadier delvalle,5.5,1.14,2026-08-08T03:11:02Z
2026-08-08T03:13:00+00:00,Bovada,h2h,darren elkins,yadier delvalle,6.75,1.12,2026-08-08T03:08:59Z
2026-08-08T03:13:00+00:00,Betclic (FR),h2h,darren elkins,yadier delvalle,6.6,1.08,2026-08-08T03:12:43Z
2026-08-08T03:13:00+00:00,Betway,h2h,darren elkins,yadier delvalle,6.0,1.12,2026-08-08T03:12:50Z
2026-08-08T03:13:00+00:00,Betfair,h2h,darren elkins,yadier delvalle,6.8,1.15,2026-08-08T03:12:51Z
2026-08-08T03:13:00+00:00,Betfair,h2h,darren elkins,yadier delvalle,6.8,1.15,2026-08-08T03:12:49Z
2026-08-08T03:13:00+00:00,PMU (FR),h2h,darren elkins,yadier delvalle,6.5,1.11,2026-08-08T03:12:49Z
2026-08-08T03:13:00+00:00,BetAnything,h2h,darren elkins,yadier delvalle,5.75,1.12,2026-08-08T03:12:39Z
2026-08-08T03:13:00+00:00,Winamax (FR),h2h,darren elkins,yadier delvalle,5.8,1.1,2026-08-08T03:12:07Z
2026-08-08T03:13:00+00:00,Matchbook,h2h,darren elkins,yadier delvalle,7.4,1.15,2026-08-08T03:12:49Z
2026-08-08T03:13:00+00:00,Unibet (FR),h2h,darren elkins,yadier delvalle,6.1,1.09,2026-08-08T03:12:18Z
2026-08-08T03:13:00+00:00,BetOnline.ag,h2h,darren till,yoel romero,1.57,2.35,2026-08-08T03:12:51Z
2026-08-08T03:13:00+00:00,BetOnline.ag,h2h,donte johnson,eric mcconico,1.39,3.11,2026-08-08T03:12:52Z
2026-08-08T03:13:00+00:00,1xBet,h2h,donte johnson,eric mcconico,1.49,2.95,2026-08-08T03:12:49Z
2026-08-08T03:13:00+00:00,Pinnacle,h2h,donte johnson,eric mcconico,1.41,3.04,2026-08-08T03:12:39Z
2026-08-08T03:13:00+00:00,Unibet (UK),h2h,donte johnson,eric mcconico,1.36,2.95,2026-08-08T03:12:50Z
2026-08-08T03:13:00+00:00,Nordic Bet,h2h,donte johnson,eric mcconico,1.4,2.9,2026-08-08T03:12:49Z
2026-08-08T03:13:00+00:00,Betsson,h2h,donte johnson,eric mcconico,1.4,2.9,2026-08-08T03:12:39Z
2026-08-08T03:13:00+00:00,DraftKings,h2h,donte johnson,eric mcconico,1.41,3.0,2026-08-08T03:11:24Z
2026-08-08T03:13:00+00:00,BetRivers,h2h,donte johnson,eric mcconico,1.4,2.95,2026-08-08T03:12:30Z
2026-08-08T03:13:00+00:00,Virgin Bet,h2h,donte johnson,eric mcconico,1.4,2.95,2026-08-08T03:12:07Z
2026-08-08T03:13:00+00:00,Grosvenor,h2h,donte johnson,eric mcconico,1.35,2.8,2026-08-08T03:12:29Z
2026-08-08T03:13:00+00:00,LiveScore Bet,h2h,donte johnson,eric mcconico,1.4,2.95,2026-08-08T03:12:39Z
2026-08-08T03:13:00+00:00,Coolbet,h2h,donte johnson,eric mcconico,1.42,3.0,2026-08-08T03:11:58Z
2026-08-08T03:13:00+00:00,BetOnline.ag,h2h,dovletdzhan yagshimuradov,simeon powell,1.62,2.4,2026-08-08T03:12:51Z
2026-08-08T03:13:00+00:00,Unibet (FR),h2h,dovletdzhan yagshimuradov,simeon powell,1.57,2.25,2026-08-08T03:12:18Z
2026-08-08T03:13:00+00:00,FanDuel,h2h,dovletdzhan yagshimuradov,simeon powell,1.61,2.38,2026-08-08T03:12:49Z
2026-08-08T03:13:00+00:00,Winamax (FR),h2h,dovletdzhan yagshimuradov,simeon powell,1.52,2.15,2026-08-08T03:12:07Z
2026-08-08T03:13:00+00:00,Grosvenor,h2h,dovletdzhan yagshimuradov,simeon powell,1.53,2.38,2026-08-08T03:12:29Z
2026-08-08T03:13:00+00:00,BetOnline.ag,h2h,dustin stoltzfus,mansur abdul-malik,5.15,1.18,2026-08-08T03:12:52Z
2026-08-08T03:13:00+00:00,1xBet,h2h,dustin stoltzfus,mansur abdul-malik,5.19,1.22,2026-08-08T03:12:49Z
2026-08-08T03:13:00+00:00,Pinnacle,h2h,dustin stoltzfus,mansur abdul-malik,5.13,1.19,2026-08-08T03:12:39Z
2026-08-08T03:13:00+00:00,Unibet (UK),h2h,dustin stoltzfus,mansur abdul-malik,4.75,1.16,2026-08-08T03:12:50Z
2026-08-08T03:13:00+00:00,Winamax (FR),h2h,dustin stoltzfus,mansur abdul-malik,4.2,1.14,2026-08-08T03:12:07Z
2026-08-08T03:13:00+00:00,Betsson,h2h,dustin stoltzfus,mansur abdul-malik,5.0,1.15,2026-08-08T03:12:39Z
2026-08-08T03:13:00+00:00,Nordic Bet,h2h,dustin stoltzfus,mansur abdul-malik,5.0,1.15,2026-08-08T03:12:49Z
2026-08-08T03:13:00+00:00,DraftKings,h2h,dustin stoltzfus,mansur abdul-malik,5.1,1.18,2026-08-08T03:11:24Z
2026-08-08T03:13:00+00:00,Betclic (FR),h2h,dustin stoltzfus,mansur abdul-malik,4.85,1.15,2026-08-08T03:12:43Z
2026-08-08T03:13:00+00:00,BetRivers,h2h,dustin stoltzfus,mansur abdul-malik,5.2,1.16,2026-08-08T03:12:30Z
2026-08-08T03:13:00+00:00,Virgin Bet,h2h,dustin stoltzfus,mansur abdul-malik,5.2,1.16,2026-08-08T03:12:07Z
2026-08-08T03:13:00+00:00,Grosvenor,h2h,dustin stoltzfus,mansur abdul-malik,4.8,1.12,2026-08-08T03:12:29Z
2026-08-08T03:13:00+00:00,LiveScore Bet,h2h,dustin stoltzfus,mansur abdul-malik,5.2,1.16,2026-08-08T03:12:39Z
2026-08-08T03:13:00+00:00,Coolbet,h2h,dustin stoltzfus,mansur abdul-malik,5.15,1.18,2026-08-08T03:11:58Z
2026-08-08T03:13:00+00:00,BetOnline.ag,h2h,edson barboza,esteban ribovics,4.16,1.25,2026-08-08T03:12:51Z
2026-08-08T03:13:00+00:00,1xBet,h2h,edson barboza,esteban ribovics,4.25,1.29,2026-08-08T03:12:49Z
2026-08-08T03:13:00+00:00,Pinnacle,h2h,edson barboza,esteban ribovics,4.18,1.25,2026-08-08T03:12:39Z
2026-08-08T03:13:00+00:00,Unibet (UK),h2h,edson barboza,esteban ribovics,3.9,1.22,2026-08-08T03:12:50Z
2026-08-08T03:13:00+00:00,888sport,h2h,edson barboza,esteban ribovics,4.2,1.22,2026-08-08T03:12:49Z
2026-08-08T03:13:00+00:00,DraftKings,h2h,edson barboza,esteban ribovics,4.1,1.25,2026-08-08T03:11:24Z
2026-08-08T03:13:00+00:00,Betclic (FR),h2h,edson barboza,esteban ribovics,4.0,1.21,2026-08-08T03:12:43Z
2026-08-08T03:13:00+00:00,Grosvenor,h2h,edson barboza,esteban ribovics,4.0,1.18,2026-08-08T03:12:29Z
2026-08-08T03:13:00+00:00,LiveScore Bet,h2h,edson barboza,esteban ribovics,4.25,1.22,2026-08-08T03:12:39Z
2026-08-08T03:13:00+00:00,Virgin Bet,h2h,edson barboza,esteban ribovics,4.25,1.22,2026-08-08T03:12:07Z
2026-08-08T03:13:00+00:00,BetRivers,h2h,edson barboza,esteban ribovics,4.25,1.22,2026-08-08T03:12:30Z
2026-08-08T03:13:00+00:00,Coolbet,h2h,edson barboza,esteban ribovics,4.15,1.25,2026-08-08T03:11:58Z
2026-08-08T03:13:00+00:00,Winamax (FR),h2h,edson barboza,esteban ribovics,3.55,1.2,2026-08-08T03:12:07Z
2026-08-08T03:13:00+00:00,BetOnline.ag,h2h,gable steveson,sean sharaf,1.07,7.0,2026-08-08T03:12:52Z
2026-08-08T03:13:00+00:00,DraftKings,h2h,gable steveson,sean sharaf,1.09,8.0,2026-08-08T03:11:24Z
2026-08-08T03:13:00+00:00,1xBet,h2h,gable steveson,sean sharaf,1.09,7.55,2026-08-08T03:12:49Z
2026-08-08T03:13:00+00:00,FanDuel,h2h,gianni vazquez,miles johns,2.42,1.6,2026-08-08T03:12:49Z
2026-08-08T03:13:00+00:00,Paddy Power,h2h,gianni vazquez,miles johns,2.38,1.57,2026-08-08T03:11:02Z
2026-08-08T03:13:00+00:00,Betfair Sportsbook,h2h,gianni vazquez,miles johns,2.38,1.57,2026-08-08T03:12:39Z
2026-08-08T03:13:00+00:00,1xBet,h2h,gianni vazquez,miles johns,2.3,1.62,2026-08-08T03:12:49Z
2026-08-08T03:13:00+00:00,BetOnline.ag,h2h,gianni vazquez,miles johns,2.49,1.59,2026-08-08T03:12:52Z
2026-08-08T03:13:00+00:00,Betway,h2h,gianni vazquez,miles johns,2.4,1.57,2026-08-08T03:12:50Z
2026-08-08T03:13:00+00:00,Pinnacle,h2h,gianni vazquez,miles johns,2.42,1.61,2026-08-08T03:12:39Z
2026-08-08T03:13:00+00:00,Unibet (UK),h2h,gianni vazquez,miles johns,2.45,1.56,2026-08-08T03:12:50Z
2026-08-08T03:13:00+00:00,BetRivers,h2h,gianni vazquez,miles johns,2.38,1.57,2026-08-08T03:12:30Z
2026-08-08T03:13:00+00:00,Virgin Bet,h2h,gianni vazquez,miles johns,2.38,1.58,2026-08-08T03:12:07Z
2026-08-08T03:13:00+00:00,Grosvenor,h2h,gianni vazquez,miles johns,2.25,1.51,2026-08-08T03:12:29Z
2026-08-08T03:13:00+00:00,LiveScore Bet,h2h,gianni vazquez,miles johns,2.38,1.58,2026-08-08T03:12:39Z
2026-08-08T03:13:00+00:00,BetAnything,h2h,gianni vazquez,miles johns,2.4,1.59,2026-08-08T03:12:39Z
2026-08-08T03:13:00+00:00,Coolbet,h2h,gianni vazquez,miles johns,2.35,1.63,2026-08-08T03:11:58Z
2026-08-08T03:13:00+00:00,Betfair,h2h,gianni vazquez,miles johns,2.24,1.55,2026-08-08T03:12:51Z
2026-08-08T03:13:00+00:00,Betfair,h2h,gianni vazquez,miles johns,2.24,1.55,2026-08-08T03:12:49Z
2026-08-08T03:13:00+00:00,Matchbook,h2h,gianni vazquez,miles johns,2.5,1.56,2026-08-08T03:12:49Z
2026-08-08T03:13:00+00:00,DraftKings,h2h,gillian robertson,mackenzie dern,3.0,1.41,2026-08-08T03:11:24Z
2026-08-08T03:13:00+00:00,Betclic (FR),h2h,gillian robertson,mackenzie dern,2.97,1.34,2026-08-08T03:12:43Z
2026-08-08T03:13:00+00:00,BetOnline.ag,h2h,gillian robertson,mackenzie dern,3.07,1.4,2026-08-08T03:12:51Z
2026-08-08T03:13:00+00:00,1xBet,h2h,gillian robertson,mackenzie dern,2.95,1.44,2026-08-08T03:12:49Z
2026-08-08T03:13:00+00:00,FanDuel,h2h,gillian robertson,mackenzie dern,3.0,1.38,2026-08-08T03:12:49Z
2026-08-08T03:13:00+00:00,Paddy Power,h2h,gillian robertson,mackenzie dern,2.88,1.4,2026-08-08T03:11:02Z
2026-08-08T03:13:00+00:00,LiveScore Bet,h2h,gillian robertson,mackenzie dern,2.88,1.42,2026-08-08T03:12:39Z
2026-08-08T03:13:00+00:00,Grosvenor,h2h,gillian robertson,mackenzie dern,2.7,1.36,2026-08-08T03:12:29Z
2026-08-08T03:13:00+00:00,Virgin Bet,h2h,gillian robertson,mackenzie dern,2.88,1.42,2026-08-08T03:12:07Z
2026-08-08T03:13:00+00:00,Winamax (FR),h2h,gillian robertson,mackenzie dern,2.85,1.36,2026-08-08T03:12:07Z
2026-08-08T03:13:00+00:00,Marathon Bet,h2h,gillian robertson,mackenzie dern,2.86,1.4,2026-08-08T03:12:06Z
2026-08-08T03:13:00+00:00,Pinnacle,h2h,gillian robertson,mackenzie dern,3.01,1.42,2026-08-08T03:12:39Z
2026-08-08T03:13:00+00:00,Coolbet,h2h,gillian robertson,mackenzie dern,2.9,1.44,2026-08-08T03:11:58Z
2026-08-08T03:13:00+00:00,Unibet (FR),h2h,gillian robertson,mackenzie dern,2.7,1.33,2026-08-08T03:12:18Z
2026-08-08T03:13:00+00:00,Unibet (UK),h2h,gillian robertson,mackenzie dern,2.9,1.38,2026-08-08T03:12:50Z
2026-08-08T03:13:00+00:00,BetRivers,h2h,gillian robertson,mackenzie dern,2.88,1.42,2026-08-08T03:12:30Z
2026-08-08T03:13:00+00:00,888sport,h2h,gillian robertson,mackenzie dern,2.95,1.4,2026-08-08T03:12:49Z
2026-08-08T03:13:00+00:00,BetOnline.ag,h2h,guilherme pat,steven asplund,3.52,1.32,2026-08-08T03:12:52Z
2026-08-08T03:13:00+00:00,1xBet,h2h,guilherme pat,steven asplund,3.26,1.32,2026-08-08T03:12:49Z
2026-08-08T03:13:00+00:00,Pinnacle,h2h,guilherme pat,steven asplund,3.47,1.34,2026-08-08T03:12:39Z
2026-08-08T03:13:00+00:00,BetUS,h2h,guilherme pat,steven asplund,3.54,1.32,2026-08-08T03:12:49Z
2026-08-08T03:13:00+00:00,Unibet (UK),h2h,guilherme pat,steven asplund,3.45,1.32,2026-08-08T03:12:50Z
2026-08-08T03:13:00+00:00,888sport,h2h,guilherme pat,steven asplund,3.4,1.3,2026-08-08T03:12:49Z
2026-08-08T03:13:00+00:00,Nordic Bet,h2h,guilherme pat,steven asplund,3.35,1.34,2026-08-08T03:12:49Z
2026-08-08T03:13:00+00:00,Betsson,h2h,guilherme pat,steven asplund,3.35,1.34,2026-08-08T03:12:39Z
2026-08-08T03:13:00+00:00,DraftKings,h2h,guilherme pat,steven asplund,3.4,1.34,2026-08-08T03:11:24Z
2026-08-08T03:13:00+00:00,Grosvenor,h2h,guilherme pat,steven asplund,3.2,1.27,2026-08-08T03:12:29Z
2026-08-08T03:13:00+00:00,Virgin Bet,h2h,guilherme pat,steven asplund,3.4,1.32,2026-08-08T03:12:07Z
2026-08-08T03:13:00+00:00,BetRivers,h2h,guilherme pat,steven asplund,3.4,1.32,2026-08-08T03:12:30Z
2026-08-08T03:13:00+00:00,LiveScore Bet,h2h,guilherme pat,steven asplund,3.4,1.32,2026-08-08T03:12:39Z
2026-08-08T03:13:00+00:00,Coolbet,h2h,guilherme pat,steven asplund,3.45,1.33,2026-08-08T03:11:58Z
2026-08-08T03:13:00+00:00,FanDuel,h2h,guilherme pat,steven asplund,3.4,1.34,2026-08-08T03:12:49Z
2026-08-08T03:13:00+00:00,Betfair Sportsbook,h2h,guilherme pat,steven asplund,3.25,1.33,2026-08-08T03:12:39Z
2026-08-08T03:13:00+00:00,Paddy Power,h2h,guilherme pat,steven asplund,3.25,1.33,2026-08-08T03:11:02Z
2026-08-08T03:13:00+00:00,Bovada,h2h,guilherme pat,steven asplund,3.55,1.32,2026-08-08T03:08:59Z
2026-08-08T03:13:00+00:00,Betway,h2h,guilherme pat,steven asplund,3.1,1.36,2026-08-08T03:12:50Z
2026-08-08T03:13:00+00:00,Betfair,h2h,guilherme pat,steven asplund,3.6,1.36,2026-08-08T03:12:51Z
2026-08-08T03:13:00+00:00,Betfair,h2h,guilherme pat,steven asplund,3.6,1.36,2026-08-08T03:12:49Z
2026-08-08T03:13:00+00:00,BetAnything,h2h,guilherme pat,steven asplund,3.4,1.32,2026-08-08T03:12:39Z
2026-08-08T03:13:00+00:00,Matchbook,h2h,guilherme pat,steven asplund,3.6,1.37,2026-08-08T03:12:49Z
2026-08-08T03:13:00+00:00,DraftKings,h2h,ian garry,islam makhachev,3.75,1.29,2026-08-08T03:11:24Z
2026-08-08T03:13:00+00:00,Betclic (FR),h2h,ian garry,islam makhachev,3.9,1.22,2026-08-08T03:12:43Z
2026-08-08T03:13:00+00:00,BetOnline.ag,h2h,ian garry,islam makhachev,4.03,1.26,2026-08-08T03:12:51Z
2026-08-08T03:13:00+00:00,FanDuel,h2h,ian garry,islam makhachev,3.8,1.26,2026-08-08T03:12:49Z
2026-08-08T03:13:00+00:00,Paddy Power,h2h,ian garry,islam makhachev,3.5,1.29,2026-08-08T03:11:02Z
2026-08-08T03:13:00+00:00,1xBet,h2h,ian garry,islam makhachev,4.55,1.21,2026-08-08T03:12:49Z
2026-08-08T03:13:00+00:00,Winamax (FR),h2h,ian garry,islam makhachev,3.65,1.23,2026-08-08T03:12:07Z
2026-08-08T03:13:00+00:00,Virgin Bet,h2h,ian garry,islam makhachev,3.7,1.28,2026-08-08T03:12:07Z
2026-08-08T03:13:00+00:00,LiveScore Bet,h2h,ian garry,islam makhachev,3.7,1.28,2026-08-08T03:12:39Z
2026-08-08T03:13:00+00:00,Grosvenor,h2h,ian garry,islam makhachev,3.45,1.24,2026-08-08T03:12:29Z
2026-08-08T03:13:00+00:00,Pinnacle,h2h,ian garry,islam makhachev,3.81,1.29,2026-08-08T03:12:39Z
2026-08-08T03:13:00+00:00,Coolbet,h2h,ian garry,islam makhachev,3.7,1.3,2026-08-08T03:11:58Z
2026-08-08T03:13:00+00:00,BetRivers,h2h,ian garry,islam makhachev,3.7,1.28,2026-08-08T03:12:30Z
2026-08-08T03:13:00+00:00,888sport,h2h,ian garry,islam makhachev,3.6,1.29,2026-08-08T03:12:49Z
2026-08-08T03:13:00+00:00,Betfair,h2h,ian garry,islam makhachev,3.9,1.32,2026-08-08T03:12:49Z
2026-08-08T03:13:00+00:00,Betfair,h2h,ian garry,islam makhachev,3.9,1.32,2026-08-08T03:12:51Z
2026-08-08T03:13:00+00:00,Matchbook,h2h,ian garry,islam makhachev,3.9,1.32,2026-08-08T03:12:49Z
2026-08-08T03:13:00+00:00,BetOnline.ag,h2h,ilia topuria,justin gaethje,1.4,3.1,2026-08-08T03:12:51Z
2026-08-08T03:13:00+00:00,BetOnline.ag,h2h,islam makhachev,kamaru usman,1.3,3.7,2026-08-08T03:12:51Z
2026-08-08T03:13:00+00:00,BetOnline.ag,h2h,jalin turner,kaue fernandes,1.65,2.35,2026-08-08T03:12:52Z
2026-08-08T03:13:00+00:00,1xBet,h2h,jalin turner,kaue fernandes,1.61,2.14,2026-08-08T03:12:49Z
2026-08-08T03:13:00+00:00,Pinnacle,h2h,jalin turner,kaue fernandes,1.69,2.24,2026-08-08T03:12:39Z
2026-08-08T03:13:00+00:00,Unibet (UK),h2h,jalin turner,kaue fernandes,1.6,2.25,2026-08-08T03:12:50Z
2026-08-08T03:13:00+00:00,Betsson,h2h,jalin turner,kaue fernandes,1.65,2.2,2026-08-08T03:12:39Z
2026-08-08T03:13:00+00:00,Nordic Bet,h2h,jalin turner,kaue fernandes,1.65,2.2,2026-08-08T03:12:49Z
2026-08-08T03:13:00+00:00,DraftKings,h2h,jalin turner,kaue fernandes,1.68,2.24,2026-08-08T03:11:24Z
2026-08-08T03:13:00+00:00,BetRivers,h2h,jalin turner,kaue fernandes,1.65,2.23,2026-08-08T03:12:30Z
2026-08-08T03:13:00+00:00,Virgin Bet,h2h,jalin turner,kaue fernandes,1.65,2.23,2026-08-08T03:12:07Z
2026-08-08T03:13:00+00:00,Grosvenor,h2h,jalin turner,kaue fernandes,1.6,2.12,2026-08-08T03:12:29Z
2026-08-08T03:13:00+00:00,LiveScore Bet,h2h,jalin turner,kaue fernandes,1.65,2.23,2026-08-08T03:12:39Z
2026-08-08T03:13:00+00:00,Coolbet,h2h,jalin turner,kaue fernandes,1.65,2.3,2026-08-08T03:11:58Z
2026-08-08T03:13:00+00:00,BetOnline.ag,h2h,jean silva,yair rodriguez,1.29,3.8,2026-08-08T03:12:51Z
2026-08-08T03:13:00+00:00,Betclic (FR),h2h,jean silva,yair rodriguez,1.28,3.3,2026-08-08T03:12:43Z
2026-08-08T03:13:00+00:00,1xBet,h2h,jean silva,yair rodriguez,1.36,3.63,2026-08-08T03:12:49Z
2026-08-08T03:13:00+00:00,DraftKings,h2h,jean silva,yair rodriguez,1.28,3.8,2026-08-08T03:11:24Z
2026-08-08T03:13:00+00:00,Winamax (FR),h2h,jean silva,yair rodriguez,1.28,2.95,2026-08-08T03:12:07Z
2026-08-08T03:13:00+00:00,Virgin Bet,h2h,jean silva,yair rodriguez,1.27,3.75,2026-08-08T03:12:07Z
2026-08-08T03:13:00+00:00,Grosvenor,h2h,jean silva,yair rodriguez,1.23,3.5,2026-08-08T03:12:29Z
2026-08-08T03:13:00+00:00,LiveScore Bet,h2h,jean silva,yair rodriguez,1.27,3.75,2026-08-08T03:12:39Z
2026-08-08T03:13:00+00:00,BetRivers,h2h,jean silva,yair rodriguez,1.27,3.75,2026-08-08T03:12:30Z
2026-08-08T03:13:00+00:00,Betway,h2h,jean silva,yair rodriguez,1.29,3.5,2026-08-08T03:12:50Z
2026-08-08T03:13:00+00:00,BetOnline.ag,h2h,jeremiah wells,myktybek orolbai,5.46,1.17,2026-08-08T03:12:52Z
2026-08-08T03:13:00+00:00,1xBet,h2h,jeremiah wells,myktybek orolbai,5.47,1.21,2026-08-08T03:12:49Z
2026-08-08T03:13:00+00:00,Pinnacle,h2h,jeremiah wells,myktybek orolbai,5.11,1.19,2026-08-08T03:12:39Z
2026-08-08T03:13:00+00:00,Betsson,h2h,jeremiah wells,myktybek orolbai,5.25,1.14,2026-08-08T03:12:39Z
2026-08-08T03:13:00+00:00,Nordic Bet,h2h,jeremiah wells,myktybek orolbai,5.25,1.14,2026-08-08T03:12:49Z
2026-08-08T03:13:00+00:00,DraftKings,h2h,jeremiah wells,myktybek orolbai,5.1,1.18,2026-08-08T03:11:24Z
2026-08-08T03:13:00+00:00,LiveScore Bet,h2h,jeremiah wells,myktybek orolbai,5.3,1.16,2026-08-08T03:12:39Z
2026-08-08T03:13:00+00:00,Virgin Bet,h2h,jeremiah wells,myktybek orolbai,5.3,1.16,2026-08-08T03:12:07Z
2026-08-08T03:13:00+00:00,BetRivers,h2h,jeremiah wells,myktybek orolbai,5.3,1.16,2026-08-08T03:12:30Z
2026-08-08T03:13:00+00:00,Grosvenor,h2h,jeremiah wells,myktybek orolbai,4.9,1.12,2026-08-08T03:12:29Z
2026-08-08T03:13:00+00:00,Coolbet,h2h,jeremiah wells,myktybek orolbai,5.4,1.17,2026-08-08T03:11:58Z
2026-08-08T03:13:00+00:00,BetOnline.ag,h2h,jiri prochazka,magomed ankalaev,2.74,1.5,2026-08-08T03:12:51Z
2026-08-08T03:13:00+00:00,Pinnacle,h2h,jose montanha,louie sutherland,2.7,1.51,2026-08-08T03:12:39Z
2026-08-08T03:13:00+00:00,DraftKings,h2h,jose montanha,louie sutherland,2.64,1.51,2026-08-08T03:11:24Z
2026-08-08T03:13:00+00:00,1xBet,h2h,jose montanha,louie sutherland,2.53,1.5,2026-08-08T03:12:49Z
2026-08-08T03:13:00+00:00,BetUS,h2h,jose montanha,louie sutherland,2.74,1.48,2026-08-08T03:12:49Z
2026-08-08T03:13:00+00:00,BetOnline.ag,h2h,jose montanha,louie sutherland,2.8,1.48,2026-08-08T03:12:52Z
2026-08-08T03:13:00+00:00,Coolbet,h2h,jose montanha,louie sutherland,2.62,1.52,2026-08-08T03:11:58Z
2026-08-08T03:13:00+00:00,Bovada,h2h,jose montanha,louie sutherland,2.68,1.51,2026-08-08T03:08:59Z
2026-08-08T03:13:00+00:00,Unibet (UK),h2h,jose montanha,louie sutherland,2.7,1.48,2026-08-08T03:12:50Z
2026-08-08T03:13:00+00:00,FanDuel,h2h,jose montanha,louie sutherland,2.54,1.54,2026-08-08T03:12:49Z
2026-08-08T03:13:00+00:00,Paddy Power,h2h,jose montanha,louie sutherland,2.5,1.53,2026-08-08T03:11:02Z
2026-08-08T03:13:00+00:00,Betfair Sportsbook,h2h,jose montanha,louie sutherland,2.5,1.53,2026-08-08T03:12:39Z
2026-08-08T03:13:00+00:00,Betway,h2h,jose montanha,louie sutherland,2.5,1.53,2026-08-08T03:12:50Z
2026-08-08T03:13:00+00:00,Betfair,h2h,jose montanha,louie sutherland,2.74,1.51,2026-08-08T03:12:51Z
2026-08-08T03:13:00+00:00,Betfair,h2h,jose montanha,louie sutherland,2.74,1.51,2026-08-08T03:12:49Z
2026-08-08T03:13:00+00:00,BetAnything,h2h,jose montanha,louie sutherland,2.6,1.53,2026-08-08T03:12:39Z
2026-08-08T03:13:00+00:00,Grosvenor,h2h,jose montanha,louie sutherland,2.43,1.45,2026-08-08T03:12:29Z
2026-08-08T03:13:00+00:00,Virgin Bet,h2h,jose montanha,louie sutherland,2.55,1.52,2026-08-08T03:12:07Z
2026-08-08T03:13:00+00:00,BetRivers,h2h,jose montanha,louie sutherland,2.55,1.51,2026-08-08T03:12:30Z
2026-08-08T03:13:00+00:00,LiveScore Bet,h2h,jose montanha,louie sutherland,2.55,1.52,2026-08-08T03:12:39Z
2026-08-08T03:13:00+00:00,Matchbook,h2h,jose montanha,louie sutherland,2.74,1.51,2026-08-08T03:12:49Z
2026-08-08T03:13:00+00:00,BetOnline.ag,h2h,joshua van,manel kape,2.65,1.53,2026-08-08T03:12:51Z
2026-08-08T03:13:00+00:00,BetOnline.ag,h2h,juliana miller,ravena oliveira,1.33,3.49,2026-08-08T03:12:52Z
2026-08-08T03:13:00+00:00,1xBet,h2h,juliana miller,ravena oliveira,1.29,3.42,2026-08-08T03:12:49Z
2026-08-08T03:13:00+00:00,Pinnacle,h2h,juliana miller,ravena oliveira,1.34,3.45,2026-08-08T03:12:39Z
2026-08-08T03:13:00+00:00,BetUS,h2h,juliana miller,ravena oliveira,1.33,3.5,2026-08-08T03:12:49Z
2026-08-08T03:13:00+00:00,Unibet (UK),h2h,juliana miller,ravena oliveira,1.32,3.45,2026-08-08T03:12:50Z
2026-08-08T03:13:00+00:00,888sport,h2h,juliana miller,ravena oliveira,1.3,3.4,2026-08-08T03:12:49Z
2026-08-08T03:13:00+00:00,Betsson,h2h,juliana miller,ravena oliveira,1.32,3.5,2026-08-08T03:12:39Z
2026-08-08T03:13:00+00:00,Nordic Bet,h2h,juliana miller,ravena oliveira,1.32,3.5,2026-08-08T03:12:49Z
2026-08-08T03:13:00+00:00,DraftKings,h2h,juliana miller,ravena oliveira,1.34,3.4,2026-08-08T03:11:24Z
2026-08-08T03:13:00+00:00,Grosvenor,h2h,juliana miller,ravena oliveira,1.28,3.15,2026-08-08T03:12:29Z
2026-08-08T03:13:00+00:00,Virgin Bet,h2h,juliana miller,ravena oliveira,1.33,3.35,2026-08-08T03:12:07Z
2026-08-08T03:13:00+00:00,BetRivers,h2h,juliana miller,ravena oliveira,1.33,3.35,2026-08-08T03:12:30Z
2026-08-08T03:13:00+00:00,LiveScore Bet,h2h,juliana miller,ravena oliveira,1.33,3.35,2026-08-08T03:12:39Z
2026-08-08T03:13:00+00:00,Coolbet,h2h,juliana miller,ravena oliveira,1.34,3.37,2026-08-08T03:11:58Z
2026-08-08T03:13:00+00:00,FanDuel,h2h,juliana miller,ravena oliveira,1.33,3.45,2026-08-08T03:12:49Z
2026-08-08T03:13:00+00:00,Betfair Sportsbook,h2h,juliana miller,ravena oliveira,1.33,3.25,2026-08-08T03:12:39Z
2026-08-08T03:13:00+00:00,Paddy Power,h2h,juliana miller,ravena oliveira,1.33,3.25,2026-08-08T03:11:02Z
2026-08-08T03:13:00+00:00,Bovada,h2h,juliana miller,ravena oliveira,1.32,3.55,2026-08-08T03:08:59Z
2026-08-08T03:13:00+00:00,Betway,h2h,juliana miller,ravena oliveira,1.3,3.5,2026-08-08T03:12:50Z
2026-08-08T03:13:00+00:00,Betfair,h2h,juliana miller,ravena oliveira,1.36,3.4,2026-08-08T03:12:51Z
2026-08-08T03:13:00+00:00,Betfair,h2h,juliana miller,ravena oliveira,1.36,3.4,2026-08-08T03:12:49Z
2026-08-08T03:13:00+00:00,BetAnything,h2h,juliana miller,ravena oliveira,1.32,3.4,2026-08-08T03:12:39Z
2026-08-08T03:13:00+00:00,Matchbook,h2h,juliana miller,ravena oliveira,1.36,3.4,2026-08-08T03:12:49Z
2026-08-08T03:13:00+00:00,BetOnline.ag,h2h,khamzat chimaev,paulo henrique costa,1.2,4.75,2026-08-08T03:12:51Z
2026-08-08T03:13:00+00:00,BetOnline.ag,h2h,khamzat chimaev,sean strickland,1.49,2.75,2026-08-08T03:12:51Z
2026-08-08T03:13:00+00:00,BetOnline.ag,h2h,lucas fernando,rafael tobias,1.43,2.92,2026-08-08T03:12:52Z
2026-08-08T03:13:00+00:00,Pinnacle,h2h,lucas fernando,rafael tobias,1.42,3.0,2026-08-08T03:12:39Z
2026-08-08T03:13:00+00:00,1xBet,h2h,lucas fernando,rafael tobias,1.43,2.94,2026-08-08T03:12:49Z
2026-08-08T03:13:00+00:00,Nordic Bet,h2h,lucas fernando,rafael tobias,1.44,2.7,2026-08-08T03:12:49Z
2026-08-08T03:13:00+00:00,Betsson,h2h,lucas fernando,rafael tobias,1.44,2.7,2026-08-08T03:12:39Z
2026-08-08T03:13:00+00:00,DraftKings,h2h,lucas fernando,rafael tobias,1.42,2.95,2026-08-08T03:11:24Z
2026-08-08T03:13:00+00:00,Virgin Bet,h2h,lucas fernando,rafael tobias,1.41,2.9,2026-08-08T03:12:07Z
2026-08-08T03:13:00+00:00,Grosvenor,h2h,lucas fernando,rafael tobias,1.36,2.75,2026-08-08T03:12:29Z
2026-08-08T03:13:00+00:00,LiveScore Bet,h2h,lucas fernando,rafael tobias,1.41,2.9,2026-08-08T03:12:39Z
2026-08-08T03:13:00+00:00,BetRivers,h2h,lucas fernando,rafael tobias,1.41,2.9,2026-08-08T03:12:30Z
2026-08-08T03:13:00+00:00,Coolbet,h2h,lucas fernando,rafael tobias,1.44,2.9,2026-08-08T03:11:58Z
2026-08-08T03:13:00+00:00,Unibet (UK),h2h,lucas fernando,rafael tobias,1.4,2.8,2026-08-08T03:12:50Z
2026-08-08T03:13:00+00:00,BetOnline.ag,h2h,manoel sousa,richie miranda,1.31,3.6,2026-08-08T03:12:52Z
2026-08-08T03:13:00+00:00,1xBet,h2h,manoel sousa,richie miranda,1.32,3.26,2026-08-08T03:12:49Z
2026-08-08T03:13:00+00:00,Unibet (UK),h2h,manoel sousa,richie miranda,1.3,3.5,2026-08-08T03:12:50Z
2026-08-08T03:13:00+00:00,Coolbet,h2h,manoel sousa,richie miranda,1.32,3.54,2026-08-08T03:11:58Z
2026-08-08T03:13:00+00:00,Pinnacle,h2h,manoel sousa,richie miranda,1.34,3.47,2026-08-08T03:12:39Z
2026-08-08T03:13:00+00:00,Betway,h2h,manoel sousa,richie miranda,1.3,3.5,2026-08-08T03:12:50Z
2026-08-08T03:13:00+00:00,FanDuel,h2h,manoel sousa,richie miranda,1.34,3.4,2026-08-08T03:12:49Z
2026-08-08T03:13:00+00:00,Paddy Power,h2h,manoel sousa,richie miranda,1.33,3.25,2026-08-08T03:11:02Z
2026-08-08T03:13:00+00:00,Betfair Sportsbook,h2h,manoel sousa,richie miranda,1.33,3.25,2026-08-08T03:12:39Z
2026-08-08T03:13:00+00:00,Betfair,h2h,manoel sousa,richie miranda,1.37,3.45,2026-08-08T03:12:51Z
2026-08-08T03:13:00+00:00,Betfair,h2h,manoel sousa,richie miranda,1.37,3.45,2026-08-08T03:12:49Z
2026-08-08T03:13:00+00:00,Bovada,h2h,manoel sousa,richie miranda,1.33,3.5,2026-08-08T03:08:59Z
2026-08-08T03:13:00+00:00,Virgin Bet,h2h,manoel sousa,richie miranda,1.32,3.4,2026-08-08T03:12:07Z
2026-08-08T03:13:00+00:00,BetRivers,h2h,manoel sousa,richie miranda,1.32,3.4,2026-08-08T03:12:30Z
2026-08-08T03:13:00+00:00,LiveScore Bet,h2h,manoel sousa,richie miranda,1.32,3.4,2026-08-08T03:12:39Z
2026-08-08T03:13:00+00:00,Grosvenor,h2h,manoel sousa,richie miranda,1.28,3.15,2026-08-08T03:12:29Z
2026-08-08T03:13:00+00:00,BetUS,h2h,manoel sousa,richie miranda,1.34,3.42,2026-08-08T03:12:49Z
2026-08-08T03:13:00+00:00,Nordic Bet,h2h,manoel sousa,richie miranda,1.31,3.6,2026-08-08T03:12:49Z
2026-08-08T03:13:00+00:00,Betsson,h2h,manoel sousa,richie miranda,1.31,3.6,2026-08-08T03:12:39Z
2026-08-08T03:13:00+00:00,888sport,h2h,manoel sousa,richie miranda,1.3,3.4,2026-08-08T03:12:49Z
2026-08-08T03:13:00+00:00,Matchbook,h2h,manoel sousa,richie miranda,1.37,3.65,2026-08-08T03:12:49Z
2026-08-08T03:13:00+00:00,DraftKings,h2h,manoel sousa,richie miranda,1.32,3.5,2026-08-08T03:11:24Z
2026-08-08T03:13:00+00:00,BetAnything,h2h,manoel sousa,richie miranda,1.32,3.35,2026-08-08T03:12:39Z
2026-08-08T03:13:00+00:00,BetOnline.ag,h2h,mateusz gamrot,quillan salkilld,2.12,1.76,2026-08-08T03:12:52Z
2026-08-08T03:13:00+00:00,Winamax (FR),h2h,mateusz gamrot,quillan salkilld,2.0,1.68,2026-08-08T03:12:07Z
2026-08-08T03:13:00+00:00,Betclic (FR),h2h,mateusz gamrot,quillan salkilld,2.1,1.65,2026-08-08T03:12:43Z
2026-08-08T03:13:00+00:00,1xBet,h2h,mateusz gamrot,quillan salkilld,2.16,1.71,2026-08-08T03:12:49Z
2026-08-08T03:13:00+00:00,Pinnacle,h2h,mateusz gamrot,quillan salkilld,2.18,1.74,2026-08-08T03:12:39Z
2026-08-08T03:13:00+00:00,BetUS,h2h,mateusz gamrot,quillan salkilld,2.14,1.74,2026-08-08T03:12:49Z
2026-08-08T03:13:00+00:00,Unibet (UK),h2h,mateusz gamrot,quillan salkilld,2.1,1.75,2026-08-08T03:12:50Z
2026-08-08T03:13:00+00:00,Nordic Bet,h2h,mateusz gamrot,quillan salkilld,2.25,1.67,2026-08-08T03:12:49Z
2026-08-08T03:13:00+00:00,Betsson,h2h,mateusz gamrot,quillan salkilld,2.25,1.67,2026-08-08T03:12:39Z
2026-08-08T03:13:00+00:00,DraftKings,h2h,mateusz gamrot,quillan salkilld,2.14,1.74,2026-08-08T03:11:24Z
2026-08-08T03:13:00+00:00,LiveScore Bet,h2h,mateusz gamrot,quillan salkilld,2.16,1.7,2026-08-08T03:12:39Z
2026-08-08T03:13:00+00:00,Grosvenor,h2h,mateusz gamrot,quillan salkilld,2.07,1.63,2026-08-08T03:12:29Z
2026-08-08T03:13:00+00:00,Virgin Bet,h2h,mateusz gamrot,quillan salkilld,2.16,1.7,2026-08-08T03:12:07Z
2026-08-08T03:13:00+00:00,BetRivers,h2h,mateusz gamrot,quillan salkilld,2.16,1.7,2026-08-08T03:12:30Z
2026-08-08T03:13:00+00:00,Coolbet,h2h,mateusz gamrot,quillan salkilld,2.13,1.75,2026-08-08T03:11:58Z
2026-08-08T03:13:00+00:00,FanDuel,h2h,mateusz gamrot,quillan salkilld,2.22,1.69,2026-08-08T03:12:49Z
2026-08-08T03:13:00+00:00,Paddy Power,h2h,mateusz gamrot,quillan salkilld,2.2,1.67,2026-08-08T03:11:02Z
2026-08-08T03:13:00+00:00,Bovada,h2h,mateusz gamrot,quillan salkilld,2.17,1.72,2026-08-08T03:08:59Z
2026-08-08T03:13:00+00:00,Betway,h2h,mateusz gamrot,quillan salkilld,2.1,1.73,2026-08-08T03:12:50Z
2026-08-08T03:13:00+00:00,Betfair,h2h,mateusz gamrot,quillan salkilld,2.24,1.78,2026-08-08T03:12:51Z
2026-08-08T03:13:00+00:00,Betfair,h2h,mateusz gamrot,quillan salkilld,2.24,1.78,2026-08-08T03:12:49Z
2026-08-08T03:13:00+00:00,PMU (FR),h2h,mateusz gamrot,quillan salkilld,2.16,1.7,2026-08-08T03:12:49Z
2026-08-08T03:13:00+00:00,BetAnything,h2h,mateusz gamrot,quillan salkilld,2.05,1.74,2026-08-08T03:12:39Z
2026-08-08T03:13:00+00:00,Matchbook,h2h,mateusz gamrot,quillan salkilld,2.26,1.78,2026-08-08T03:12:49Z
2026-08-08T03:13:00+00:00,Unibet (FR),h2h,mateusz gamrot,quillan salkilld,2.05,1.68,2026-08-08T03:12:18Z
2026-08-08T03:13:00+00:00,Marathon Bet,h2h,mateusz gamrot,quillan salkilld,2.13,1.68,2026-08-08T03:12:06Z
2026-08-08T03:13:00+00:00,BetOnline.ag,h2h,max holloway,paddy pimblett,1.56,2.55,2026-08-08T03:12:51Z
2026-08-08T03:13:00+00:00,BetOnline.ag,h2h,merab dvalishvili,petr yan,2.5,1.57,2026-08-08T03:12:51Z
2026-08-08T03:13:00+00:00,BetOnline.ag,h2h,nassourdine imavov,sean strickland,1.88,1.94,2026-08-08T03:12:51Z
2026-08-08T03:13:00+00:00,BetOnline.ag,h2h,natalia silva,valentina shevchenko,3.1,1.4,2026-08-08T03:12:51Z
2026-08-08T03:13:00+00:00,BetOnline.ag,h2h,neil magny,ramiz brahimaj,1.91,1.91,2026-08-08T03:12:52Z
2026-08-08T03:13:00+00:00,1xBet,h2h,neil magny,ramiz brahimaj,1.96,1.96,2026-08-08T03:12:49Z
2026-08-08T03:13:00+00:00,Pinnacle,h2h,neil magny,ramiz brahimaj,1.88,1.97,2026-08-08T03:12:39Z
2026-08-08T03:13:00+00:00,888sport,h2h,neil magny,ramiz brahimaj,1.91,1.91,2026-08-08T03:12:49Z
2026-08-08T03:13:00+00:00,Nordic Bet,h2h,neil magny,ramiz brahimaj,1.88,1.88,2026-08-08T03:12:49Z
2026-08-08T03:13:00+00:00,Betsson,h2h,neil magny,ramiz brahimaj,1.88,1.88,2026-08-08T03:12:39Z
2026-08-08T03:13:00+00:00,DraftKings,h2h,neil magny,ramiz brahimaj,1.87,1.95,2026-08-08T03:11:24Z
2026-08-08T03:13:00+00:00,LiveScore Bet,h2h,neil magny,ramiz brahimaj,1.9,1.9,2026-08-08T03:12:39Z
2026-08-08T03:13:00+00:00,Virgin Bet,h2h,neil magny,ramiz brahimaj,1.9,1.9,2026-08-08T03:12:07Z
2026-08-08T03:13:00+00:00,Grosvenor,h2h,neil magny,ramiz brahimaj,1.82,1.82,2026-08-08T03:12:29Z
2026-08-08T03:13:00+00:00,BetRivers,h2h,neil magny,ramiz brahimaj,1.89,1.89,2026-08-08T03:12:30Z
2026-08-08T03:13:00+00:00,Coolbet,h2h,neil magny,ramiz brahimaj,1.92,1.92,2026-08-08T03:11:58Z
2026-08-08T03:13:00+00:00,DraftKings,h2h,robelis despaigne,tai tuivasa,1.2,4.8,2026-08-08T03:11:24Z
2026-08-08T03:13:00+00:00,1xBet,h2h,robelis despaigne,tai tuivasa,1.23,4.66,2026-08-08T03:12:49Z
2026-08-08T03:13:00+00:00,BetOnline.ag,h2h,song yadong,umar nurmagomedov,4.5,1.22,2026-08-08T03:12:52Z
2026-08-08T03:13:00+00:00,Betclic (FR),h2h,song yadong,umar nurmagomedov,4.45,1.17,2026-08-08T03:12:43Z
2026-08-08T03:13:00+00:00,1xBet,h2h,song yadong,umar nurmagomedov,5.19,1.19,2026-08-08T03:12:49Z
2026-08-08T03:13:00+00:00,BetUS,h2h,song yadong,umar nurmagomedov,4.39,1.22,2026-08-08T03:12:49Z
2026-08-08T03:13:00+00:00,DraftKings,h2h,song yadong,umar nurmagomedov,4.5,1.22,2026-08-08T03:11:24Z
2026-08-08T03:13:00+00:00,Betway,h2h,song yadong,umar nurmagomedov,4.5,1.2,2026-08-08T03:12:50Z
2026-08-08T03:13:00+00:00,FanDuel,h2h,song yadong,umar nurmagomedov,4.5,1.19,2026-08-08T03:12:49Z
2026-08-08T03:13:00+00:00,Paddy Power,h2h,song yadong,umar nurmagomedov,4.5,1.2,2026-08-08T03:11:02Z
2026-08-08T03:13:00+00:00,Winamax (FR),h2h,song yadong,umar nurmagomedov,4.0,1.2,2026-08-08T03:12:07Z
2026-08-08T03:13:00+00:00,LiveScore Bet,h2h,song yadong,umar nurmagomedov,4.35,1.21,2026-08-08T03:12:39Z
2026-08-08T03:13:00+00:00,BetRivers,h2h,song yadong,umar nurmagomedov,4.35,1.21,2026-08-08T03:12:30Z
2026-08-08T03:13:00+00:00,Virgin Bet,h2h,song yadong,umar nurmagomedov,4.35,1.21,2026-08-08T03:12:07Z
2026-08-08T03:13:00+00:00,Grosvenor,h2h,song yadong,umar nurmagomedov,4.1,1.17,2026-08-08T03:12:29Z
2026-08-08T03:13:00+00:00,Coolbet,h2h,song yadong,umar nurmagomedov,4.5,1.22,2026-08-08T03:11:58Z
2026-08-08T03:13:00+00:00,BetOnline.ag,h2h,tresean gore,vicente luque,1.83,2.0,2026-08-08T03:12:52Z
2026-08-08T03:13:00+00:00,1xBet,h2h,tresean gore,vicente luque,1.81,2.2,2026-08-08T03:12:49Z
2026-08-08T03:13:00+00:00,Pinnacle,h2h,tresean gore,vicente luque,1.71,2.19,2026-08-08T03:12:39Z
2026-08-08T03:13:00+00:00,Unibet (UK),h2h,tresean gore,vicente luque,1.78,1.98,2026-08-08T03:12:50Z
2026-08-08T03:13:00+00:00,Nordic Bet,h2h,tresean gore,vicente luque,1.7,2.1,2026-08-08T03:12:49Z
2026-08-08T03:13:00+00:00,Betsson,h2h,tresean gore,vicente luque,1.7,2.1,2026-08-08T03:12:39Z
2026-08-08T03:13:00+00:00,DraftKings,h2h,tresean gore,vicente luque,1.7,2.2,2026-08-08T03:11:24Z
2026-08-08T03:13:00+00:00,Grosvenor,h2h,tresean gore,vicente luque,1.7,1.96,2026-08-08T03:12:29Z
2026-08-08T03:13:00+00:00,LiveScore Bet,h2h,tresean gore,vicente luque,1.76,2.07,2026-08-08T03:12:39Z
2026-08-08T03:13:00+00:00,BetRivers,h2h,tresean gore,vicente luque,1.76,2.07,2026-08-08T03:12:30Z
2026-08-08T03:13:00+00:00,Virgin Bet,h2h,tresean gore,vicente luque,1.76,2.07,2026-08-08T03:12:07Z
2026-08-08T03:13:00+00:00,Coolbet,h2h,tresean gore,vicente luque,1.77,2.1,2026-08-08T03:11:58Z
2026-08-08T03:14:28+00:00,FanDuel,h2h,aaron jeffery,joshua silveira,1.02,15.0,2026-08-08T03:12:49Z
2026-08-08T03:14:28+00:00,Winamax (FR),h2h,aaron jeffery,joshua silveira,1.01,20.0,2026-08-08T03:13:12Z
2026-08-08T03:14:28+00:00,Grosvenor,h2h,aaron jeffery,joshua silveira,1.03,11.5,2026-08-08T03:13:32Z
2026-08-08T03:14:28+00:00,BetOnline.ag,h2h,alex pereira,josh hokit,2.4,1.62,2026-08-08T03:13:59Z
2026-08-08T03:14:28+00:00,DraftKings,h2h,alexandre pantoja,joshua van,1.85,1.98,2026-08-08T03:13:43Z
2026-08-08T03:14:28+00:00,Betclic (FR),h2h,alexandre pantoja,joshua van,1.85,1.85,2026-08-08T03:12:43Z
2026-08-08T03:14:28+00:00,1xBet,h2h,alexandre pantoja,joshua van,1.96,1.96,2026-08-08T03:12:49Z
2026-08-08T03:14:28+00:00,BetRivers,h2h,alexandre pantoja,joshua van,1.83,1.97,2026-08-08T03:13:32Z
2026-08-08T03:14:28+00:00,Virgin Bet,h2h,alexandre pantoja,joshua van,1.83,1.98,2026-08-08T03:14:15Z
2026-08-08T03:14:28+00:00,Grosvenor,h2h,alexandre pantoja,joshua van,1.75,1.88,2026-08-08T03:13:32Z
2026-08-08T03:14:28+00:00,LiveScore Bet,h2h,alexandre pantoja,joshua van,1.83,1.98,2026-08-08T03:13:43Z
2026-08-08T03:14:28+00:00,Winamax (FR),h2h,alexandre pantoja,joshua van,1.74,1.84,2026-08-08T03:14:16Z
2026-08-08T03:14:28+00:00,BetOnline.ag,h2h,alexia thainara,amanda lemos,1.38,3.15,2026-08-08T03:13:59Z
2026-08-08T03:14:28+00:00,1xBet,h2h,alexia thainara,amanda lemos,1.37,3.15,2026-08-08T03:12:49Z
2026-08-08T03:14:28+00:00,Pinnacle,h2h,alexia thainara,amanda lemos,1.4,3.15,2026-08-08T03:14:25Z
2026-08-08T03:14:28+00:00,BetUS,h2h,alexia thainara,amanda lemos,1.38,3.14,2026-08-08T03:13:53Z
2026-08-08T03:14:28+00:00,Unibet (UK),h2h,alexia thainara,amanda lemos,1.36,3.15,2026-08-08T03:13:54Z
2026-08-08T03:14:28+00:00,Nordic Bet,h2h,alexia thainara,amanda lemos,1.35,3.35,2026-08-08T03:13:53Z
2026-08-08T03:14:28+00:00,Betsson,h2h,alexia thainara,amanda lemos,1.35,3.35,2026-08-08T03:13:46Z
2026-08-08T03:14:28+00:00,DraftKings,h2h,alexia thainara,amanda lemos,1.38,3.15,2026-08-08T03:13:43Z
2026-08-08T03:14:28+00:00,Virgin Bet,h2h,alexia thainara,amanda lemos,1.37,3.1,2026-08-08T03:14:15Z
2026-08-08T03:14:28+00:00,LiveScore Bet,h2h,alexia thainara,amanda lemos,1.37,3.1,2026-08-08T03:13:43Z
2026-08-08T03:14:28+00:00,BetRivers,h2h,alexia thainara,amanda lemos,1.36,3.1,2026-08-08T03:13:32Z
2026-08-08T03:14:28+00:00,Grosvenor,h2h,alexia thainara,amanda lemos,1.33,2.9,2026-08-08T03:13:32Z
2026-08-08T03:14:28+00:00,Coolbet,h2h,alexia thainara,amanda lemos,1.37,3.22,2026-08-08T03:14:06Z
2026-08-08T03:14:28+00:00,FanDuel,h2h,alexia thainara,amanda lemos,1.4,3.05,2026-08-08T03:14:25Z
2026-08-08T03:14:28+00:00,Betfair Sportsbook,h2h,alexia thainara,amanda lemos,1.4,2.88,2026-08-08T03:13:42Z
2026-08-08T03:14:28+00:00,Paddy Power,h2h,alexia thainara,amanda lemos,1.4,2.88,2026-08-08T03:13:11Z
2026-08-08T03:14:28+00:00,Bovada,h2h,alexia thainara,amanda lemos,1.38,3.15,2026-08-08T03:14:10Z
2026-08-08T03:14:28+00:00,Betclic (FR),h2h,alexia thainara,amanda lemos,1.32,3.1,2026-08-08T03:12:43Z
2026-08-08T03:14:28+00:00,Betway,h2h,alexia thainara,amanda lemos,1.36,3.1,2026-08-08T03:12:50Z
2026-08-08T03:14:28+00:00,Betfair,h2h,alexia thainara,amanda lemos,1.43,3.2,2026-08-08T03:14:25Z
2026-08-08T03:14:28+00:00,Betfair,h2h,alexia thainara,amanda lemos,1.43,3.2,2026-08-08T03:14:14Z
2026-08-08T03:14:28+00:00,PMU (FR),h2h,alexia thainara,amanda lemos,1.36,3.1,2026-08-08T03:13:53Z
2026-08-08T03:14:28+00:00,BetAnything,h2h,alexia thainara,amanda lemos,1.38,3.05,2026-08-08T03:12:39Z
2026-08-08T03:14:28+00:00,Winamax (FR),h2h,alexia thainara,amanda lemos,1.34,2.95,2026-08-08T03:14:16Z
2026-08-08T03:14:28+00:00,Matchbook,h2h,alexia thainara,amanda lemos,1.43,3.2,2026-08-08T03:14:14Z
2026-08-08T03:14:28+00:00,Marathon Bet,h2h,alexia thainara,amanda lemos,1.36,3.04,2026-08-08T03:14:14Z
2026-08-08T03:14:28+00:00,Unibet (FR),h2h,alexia thainara,amanda lemos,1.33,3.05,2026-08-08T03:14:26Z
2026-08-08T03:14:28+00:00,BetOnline.ag,h2h,ananias mulumba,tom pagliarulo,1.59,2.3,2026-08-08T03:13:59Z
2026-08-08T03:14:28+00:00,BetOnline.ag,h2h,arman tsarukyan,justin gaethje,1.2,4.85,2026-08-08T03:13:59Z
2026-08-08T03:14:28+00:00,DraftKings,h2h,arman tsarukyan,mauricio ruffy,1.28,3.85,2026-08-08T03:13:43Z
2026-08-08T03:14:28+00:00,Betclic (FR),h2h,arman tsarukyan,mauricio ruffy,1.21,4.0,2026-08-08T03:12:43Z
2026-08-08T03:14:28+00:00,Winamax (FR),h2h,arman tsarukyan,mauricio ruffy,1.23,3.3,2026-08-08T03:14:16Z
2026-08-08T03:14:28+00:00,1xBet,h2h,arman tsarukyan,mauricio ruffy,1.28,4.14,2026-08-08T03:12:49Z
2026-08-08T03:14:28+00:00,BetOnline.ag,h2h,billy goff,ty miller,4.1,1.26,2026-08-08T03:13:59Z
2026-08-08T03:14:28+00:00,1xBet,h2h,billy goff,ty miller,4.22,1.23,2026-08-08T03:12:49Z
2026-08-08T03:14:28+00:00,Pinnacle,h2h,billy goff,ty miller,4.3,1.25,2026-08-08T03:14:25Z
2026-08-08T03:14:28+00:00,BetUS,h2h,billy goff,ty miller,4.3,1.23,2026-08-08T03:13:53Z
2026-08-08T03:14:28+00:00,Unibet (UK),h2h,billy goff,ty miller,4.1,1.24,2026-08-08T03:13:54Z
2026-08-08T03:14:28+00:00,888sport,h2h,billy goff,ty miller,4.0,1.25,2026-08-08T03:13:53Z
2026-08-08T03:14:28+00:00,Betsson,h2h,billy goff,ty miller,4.15,1.24,2026-08-08T03:13:46Z
2026-08-08T03:14:28+00:00,Nordic Bet,h2h,billy goff,ty miller,4.15,1.24,2026-08-08T03:13:53Z
2026-08-08T03:14:28+00:00,DraftKings,h2h,billy goff,ty miller,4.3,1.24,2026-08-08T03:13:43Z
2026-08-08T03:14:28+00:00,Coolbet,h2h,billy goff,ty miller,3.9,1.28,2026-08-08T03:14:06Z
2026-08-08T03:14:28+00:00,Virgin Bet,h2h,billy goff,ty miller,4.1,1.24,2026-08-08T03:14:15Z
2026-08-08T03:14:28+00:00,BetRivers,h2h,billy goff,ty miller,4.1,1.24,2026-08-08T03:13:32Z
2026-08-08T03:14:28+00:00,Grosvenor,h2h,billy goff,ty miller,3.85,1.19,2026-08-08T03:13:32Z
2026-08-08T03:14:28+00:00,LiveScore Bet,h2h,billy goff,ty miller,4.1,1.24,2026-08-08T03:13:43Z
2026-08-08T03:14:28+00:00,Betfair Sportsbook,h2h,billy goff,ty miller,3.75,1.25,2026-08-08T03:13:42Z
2026-08-08T03:14:28+00:00,Paddy Power,h2h,billy goff,ty miller,3.75,1.25,2026-08-08T03:13:11Z
2026-08-08T03:14:28+00:00,FanDuel,h2h,billy goff,ty miller,4.1,1.26,2026-08-08T03:14:25Z
2026-08-08T03:14:28+00:00,Bovada,h2h,billy goff,ty miller,4.15,1.25,2026-08-08T03:14:10Z
2026-08-08T03:14:28+00:00,Betclic (FR),h2h,billy goff,ty miller,4.0,1.21,2026-08-08T03:12:43Z
2026-08-08T03:14:28+00:00,Betway,h2h,billy goff,ty miller,4.0,1.25,2026-08-08T03:12:50Z
2026-08-08T03:14:28+00:00,Betfair,h2h,billy goff,ty miller,4.5,1.26,2026-08-08T03:14:25Z
2026-08-08T03:14:28+00:00,Betfair,h2h,billy goff,ty miller,4.5,1.26,2026-08-08T03:14:14Z
2026-08-08T03:14:28+00:00,PMU (FR),h2h,billy goff,ty miller,4.1,1.24,2026-08-08T03:13:53Z
2026-08-08T03:14:28+00:00,BetAnything,h2h,billy goff,ty miller,3.65,1.24,2026-08-08T03:12:39Z
2026-08-08T03:14:28+00:00,Winamax (FR),h2h,billy goff,ty miller,3.55,1.2,2026-08-08T03:14:16Z
2026-08-08T03:14:28+00:00,Matchbook,h2h,billy goff,ty miller,4.5,1.26,2026-08-08T03:14:14Z
2026-08-08T03:14:28+00:00,BetOnline.ag,h2h,billy quarantillo,carlos diego ferreira,2.57,1.56,2026-08-08T03:13:59Z
2026-08-08T03:14:28+00:00,1xBet,h2h,billy quarantillo,carlos diego ferreira,2.44,1.56,2026-08-08T03:12:49Z
2026-08-08T03:14:28+00:00,Pinnacle,h2h,billy quarantillo,carlos diego ferreira,2.51,1.57,2026-08-08T03:14:25Z
2026-08-08T03:14:28+00:00,BetUS,h2h,billy quarantillo,carlos diego ferreira,2.48,1.56,2026-08-08T03:13:53Z
2026-08-08T03:14:28+00:00,Unibet (UK),h2h,billy quarantillo,carlos diego ferreira,2.5,1.53,2026-08-08T03:13:54Z
2026-08-08T03:14:28+00:00,888sport,h2h,billy quarantillo,carlos diego ferreira,2.5,1.53,2026-08-08T03:13:53Z
2026-08-08T03:14:28+00:00,Nordic Bet,h2h,billy quarantillo,carlos diego ferreira,2.4,1.6,2026-08-08T03:13:53Z
2026-08-08T03:14:28+00:00,Betsson,h2h,billy quarantillo,carlos diego ferreira,2.4,1.6,2026-08-08T03:13:46Z
2026-08-08T03:14:28+00:00,DraftKings,h2h,billy quarantillo,carlos diego ferreira,2.5,1.56,2026-08-08T03:13:43Z
2026-08-08T03:14:28+00:00,LiveScore Bet,h2h,billy quarantillo,carlos diego ferreira,2.43,1.56,2026-08-08T03:13:43Z
2026-08-08T03:14:28+00:00,Grosvenor,h2h,billy quarantillo,carlos diego ferreira,2.3,1.5,2026-08-08T03:13:32Z
2026-08-08T03:14:28+00:00,Virgin Bet,h2h,billy quarantillo,carlos diego ferreira,2.43,1.56,2026-08-08T03:14:15Z
2026-08-08T03:14:28+00:00,BetRivers,h2h,billy quarantillo,carlos diego ferreira,2.43,1.56,2026-08-08T03:13:32Z
2026-08-08T03:14:28+00:00,Marathon Bet,h2h,billy quarantillo,carlos diego ferreira,2.43,1.53,2026-08-08T03:14:14Z
2026-08-08T03:14:28+00:00,Coolbet,h2h,billy quarantillo,carlos diego ferreira,2.5,1.56,2026-08-08T03:14:06Z
2026-08-08T03:14:28+00:00,Betclic (FR),h2h,billy quarantillo,carlos diego ferreira,2.43,1.5,2026-08-08T03:12:43Z
2026-08-08T03:14:28+00:00,FanDuel,h2h,billy quarantillo,carlos diego ferreira,2.48,1.57,2026-08-08T03:14:25Z
2026-08-08T03:14:28+00:00,Paddy Power,h2h,billy quarantillo,carlos diego ferreira,2.38,1.57,2026-08-08T03:13:11Z
2026-08-08T03:14:28+00:00,Bovada,h2h,billy quarantillo,carlos diego ferreira,2.47,1.58,2026-08-08T03:14:10Z
2026-08-08T03:14:28+00:00,Unibet (FR),h2h,billy quarantillo,carlos diego ferreira,2.45,1.49,2026-08-08T03:14:26Z
2026-08-08T03:14:28+00:00,Betway,h2h,billy quarantillo,carlos diego ferreira,2.4,1.57,2026-08-08T03:12:50Z
2026-08-08T03:14:28+00:00,Betfair,h2h,billy quarantillo,carlos diego ferreira,2.66,1.57,2026-08-08T03:14:25Z
2026-08-08T03:14:28+00:00,Betfair,h2h,billy quarantillo,carlos diego ferreira,2.66,1.57,2026-08-08T03:14:14Z
2026-08-08T03:14:28+00:00,PMU (FR),h2h,billy quarantillo,carlos diego ferreira,2.43,1.56,2026-08-08T03:13:53Z
2026-08-08T03:14:28+00:00,BetAnything,h2h,billy quarantillo,carlos diego ferreira,2.5,1.56,2026-08-08T03:12:39Z
2026-08-08T03:14:28+00:00,Winamax (FR),h2h,billy quarantillo,carlos diego ferreira,2.4,1.5,2026-08-08T03:14:16Z
2026-08-08T03:14:28+00:00,Matchbook,h2h,billy quarantillo,carlos diego ferreira,2.66,1.57,2026-08-08T03:14:14Z
2026-08-08T03:14:28+00:00,BetOnline.ag,h2h,bruno lopes,diyar nurgozhay,2.3,1.67,2026-08-08T03:13:59Z
2026-08-08T03:14:28+00:00,1xBet,h2h,bruno lopes,diyar nurgozhay,2.22,1.63,2026-08-08T03:12:49Z
2026-08-08T03:14:28+00:00,Pinnacle,h2h,bruno lopes,diyar nurgozhay,2.36,1.64,2026-08-08T03:14:25Z
2026-08-08T03:14:28+00:00,BetUS,h2h,bruno lopes,diyar nurgozhay,2.3,1.65,2026-08-08T03:13:53Z
2026-08-08T03:14:28+00:00,Unibet (UK),h2h,bruno lopes,diyar nurgozhay,2.3,1.63,2026-08-08T03:13:54Z
2026-08-08T03:14:28+00:00,Betsson,h2h,bruno lopes,diyar nurgozhay,2.25,1.67,2026-08-08T03:13:46Z
2026-08-08T03:14:28+00:00,Nordic Bet,h2h,bruno lopes,diyar nurgozhay,2.25,1.67,2026-08-08T03:13:53Z
2026-08-08T03:14:28+00:00,DraftKings,h2h,bruno lopes,diyar nurgozhay,2.3,1.65,2026-08-08T03:13:43Z
2026-08-08T03:14:28+00:00,Coolbet,h2h,bruno lopes,diyar nurgozhay,2.3,1.65,2026-08-08T03:14:06Z
2026-08-08T03:14:28+00:00,FanDuel,h2h,bruno lopes,diyar nurgozhay,2.32,1.64,2026-08-08T03:14:25Z
2026-08-08T03:14:28+00:00,Betfair Sportsbook,h2h,bruno lopes,diyar nurgozhay,2.25,1.62,2026-08-08T03:13:42Z
2026-08-08T03:14:28+00:00,Paddy Power,h2h,bruno lopes,diyar nurgozhay,2.25,1.62,2026-08-08T03:13:11Z
2026-08-08T03:14:28+00:00,Bovada,h2h,bruno lopes,diyar nurgozhay,2.3,1.67,2026-08-08T03:14:10Z
2026-08-08T03:14:28+00:00,LiveScore Bet,h2h,bruno lopes,diyar nurgozhay,2.23,1.65,2026-08-08T03:13:43Z
2026-08-08T03:14:28+00:00,Virgin Bet,h2h,bruno lopes,diyar nurgozhay,2.23,1.65,2026-08-08T03:14:15Z
2026-08-08T03:14:28+00:00,Grosvenor,h2h,bruno lopes,diyar nurgozhay,2.12,1.6,2026-08-08T03:13:32Z
2026-08-08T03:14:28+00:00,BetRivers,h2h,bruno lopes,diyar nurgozhay,2.23,1.65,2026-08-08T03:13:32Z
2026-08-08T03:14:28+00:00,Betway,h2h,bruno lopes,diyar nurgozhay,2.2,1.67,2026-08-08T03:12:50Z
2026-08-08T03:14:28+00:00,Betfair,h2h,bruno lopes,diyar nurgozhay,2.46,1.65,2026-08-08T03:14:25Z
2026-08-08T03:14:28+00:00,Betfair,h2h,bruno lopes,diyar nurgozhay,2.46,1.65,2026-08-08T03:14:14Z
2026-08-08T03:14:28+00:00,BetAnything,h2h,bruno lopes,diyar nurgozhay,2.3,1.62,2026-08-08T03:12:39Z
2026-08-08T03:14:28+00:00,Matchbook,h2h,bruno lopes,diyar nurgozhay,2.46,1.65,2026-08-08T03:14:14Z
2026-08-08T03:14:28+00:00,BetOnline.ag,h2h,bryan battle,dalton rosta,1.74,2.15,2026-08-08T03:13:59Z
2026-08-08T03:14:28+00:00,Winamax (FR),h2h,bryan battle,dalton rosta,1.62,1.96,2026-08-08T03:14:16Z
2026-08-08T03:14:28+00:00,Grosvenor,h2h,bryan battle,dalton rosta,1.68,2.15,2026-08-08T03:13:32Z
2026-08-08T03:14:28+00:00,FanDuel,h2h,bryan battle,dalton rosta,1.74,2.16,2026-08-08T03:14:25Z
2026-08-08T03:14:28+00:00,BetOnline.ag,h2h,carlos ulberg,magomed ankalaev,2.65,1.53,2026-08-08T03:13:59Z
2026-08-08T03:14:28+00:00,BetOnline.ag,h2h,carol foro,giovanna canuto,1.43,2.95,2026-08-08T03:13:59Z
2026-08-08T03:14:28+00:00,1xBet,h2h,carol foro,giovanna canuto,1.37,3.03,2026-08-08T03:12:49Z
2026-08-08T03:14:28+00:00,FanDuel,h2h,carol foro,giovanna canuto,1.42,2.94,2026-08-08T03:14:25Z
2026-08-08T03:14:28+00:00,Betfair Sportsbook,h2h,carol foro,giovanna canuto,1.4,2.88,2026-08-08T03:13:42Z
2026-08-08T03:14:28+00:00,Unibet (UK),h2h,carol foro,giovanna canuto,1.42,2.9,2026-08-08T03:13:54Z
2026-08-08T03:14:28+00:00,Betfair,h2h,carol foro,giovanna canuto,1.42,3.05,2026-08-08T03:14:25Z
2026-08-08T03:14:28+00:00,Paddy Power,h2h,carol foro,giovanna canuto,1.4,2.88,2026-08-08T03:13:11Z
2026-08-08T03:14:28+00:00,Betfair,h2h,carol foro,giovanna canuto,1.42,3.05,2026-08-08T03:14:14Z
2026-08-08T03:14:28+00:00,Betway,h2h,carol foro,giovanna canuto,1.36,3.1,2026-08-08T03:12:50Z
2026-08-08T03:14:28+00:00,Bovada,h2h,carol foro,giovanna canuto,1.41,3.05,2026-08-08T03:14:10Z
2026-08-08T03:14:28+00:00,DraftKings,h2h,carol foro,giovanna canuto,1.41,3.0,2026-08-08T03:13:42Z
2026-08-08T03:14:28+00:00,Betsson,h2h,carol foro,giovanna canuto,1.37,2.95,2026-08-08T03:13:46Z
2026-08-08T03:14:28+00:00,Nordic Bet,h2h,carol foro,giovanna canuto,1.37,2.95,2026-08-08T03:13:53Z
2026-08-08T03:14:28+00:00,Coolbet,h2h,carol foro,giovanna canuto,1.39,3.1,2026-08-08T03:14:06Z
2026-08-08T03:14:28+00:00,BetRivers,h2h,carol foro,giovanna canuto,1.38,3.05,2026-08-08T03:13:32Z
2026-08-08T03:14:28+00:00,Virgin Bet,h2h,carol foro,giovanna canuto,1.38,3.05,2026-08-08T03:14:15Z
2026-08-08T03:14:28+00:00,Grosvenor,h2h,carol foro,giovanna canuto,1.33,2.88,2026-08-08T03:13:32Z
2026-08-08T03:14:28+00:00,LiveScore Bet,h2h,carol foro,giovanna canuto,1.38,3.05,2026-08-08T03:13:43Z
2026-08-08T03:14:28+00:00,BetUS,h2h,carol foro,giovanna canuto,1.4,3.07,2026-08-08T03:13:53Z
2026-08-08T03:14:28+00:00,BetAnything,h2h,carol foro,giovanna canuto,1.42,2.9,2026-08-08T03:12:39Z
2026-08-08T03:14:28+00:00,888sport,h2h,carol foro,giovanna canuto,1.4,2.95,2026-08-08T03:13:53Z
2026-08-08T03:14:28+00:00,Matchbook,h2h,carol foro,giovanna canuto,1.42,3.05,2026-08-08T03:14:14Z
2026-08-08T03:14:28+00:00,Pinnacle,h2h,carol foro,giovanna canuto,1.41,3.07,2026-08-08T03:14:25Z
2026-08-08T03:14:28+00:00,BetOnline.ag,h2h,charles johnson,jose ochoa,3.89,1.28,2026-08-08T03:13:59Z
2026-08-08T03:14:28+00:00,Pinnacle,h2h,charles johnson,jose ochoa,3.67,1.31,2026-08-08T03:14:25Z
2026-08-08T03:14:28+00:00,1xBet,h2h,charles johnson,jose ochoa,3.69,1.3,2026-08-08T03:12:49Z
2026-08-08T03:14:28+00:00,Betsson,h2h,charles johnson,jose ochoa,3.75,1.25,2026-08-08T03:13:46Z
2026-08-08T03:14:28+00:00,Nordic Bet,h2h,charles johnson,jose ochoa,3.75,1.25,2026-08-08T03:13:53Z
2026-08-08T03:14:28+00:00,DraftKings,h2h,charles johnson,jose ochoa,3.6,1.31,2026-08-08T03:13:43Z
2026-08-08T03:14:28+00:00,Betclic (FR),h2h,charles johnson,jose ochoa,3.7,1.24,2026-08-08T03:12:43Z
2026-08-08T03:14:28+00:00,BetRivers,h2h,charles johnson,jose ochoa,3.8,1.26,2026-08-08T03:13:32Z
2026-08-08T03:14:28+00:00,Virgin Bet,h2h,charles johnson,jose ochoa,3.8,1.26,2026-08-08T03:14:15Z
2026-08-08T03:14:28+00:00,Grosvenor,h2h,charles johnson,jose ochoa,3.65,1.21,2026-08-08T03:13:32Z
2026-08-08T03:14:28+00:00,LiveScore Bet,h2h,charles johnson,jose ochoa,3.8,1.26,2026-08-08T03:13:43Z
2026-08-08T03:14:28+00:00,Coolbet,h2h,charles johnson,jose ochoa,3.7,1.3,2026-08-08T03:14:06Z
2026-08-08T03:14:28+00:00,BetOnline.ag,h2h,chidi njokuani,joel alvarez,3.19,1.38,2026-08-08T03:13:59Z
2026-08-08T03:14:28+00:00,DraftKings,h2h,chidi njokuani,joel alvarez,3.1,1.39,2026-08-08T03:13:43Z
2026-08-08T03:14:28+00:00,Nordic Bet,h2h,chidi njokuani,joel alvarez,2.85,1.4,2026-08-08T03:13:53Z
2026-08-08T03:14:28+00:00,Betsson,h2h,chidi njokuani,joel alvarez,2.85,1.4,2026-08-08T03:13:46Z
2026-08-08T03:14:28+00:00,1xBet,h2h,chidi njokuani,joel alvarez,3.3,1.41,2026-08-08T03:12:49Z
2026-08-08T03:14:28+00:00,BetRivers,h2h,chidi njokuani,joel alvarez,2.95,1.4,2026-08-08T03:13:32Z
2026-08-08T03:14:28+00:00,Virgin Bet,h2h,chidi njokuani,joel alvarez,2.95,1.4,2026-08-08T03:14:15Z
2026-08-08T03:14:28+00:00,Grosvenor,h2h,chidi njokuani,joel alvarez,2.8,1.35,2026-08-08T03:13:32Z
2026-08-08T03:14:28+00:00,LiveScore Bet,h2h,chidi njokuani,joel alvarez,2.95,1.4,2026-08-08T03:13:43Z
2026-08-08T03:14:28+00:00,888sport,h2h,chidi njokuani,joel alvarez,3.05,1.36,2026-08-08T03:13:53Z
2026-08-08T03:14:28+00:00,Coolbet,h2h,chidi njokuani,joel alvarez,3.05,1.4,2026-08-08T03:14:06Z
2026-08-08T03:14:28+00:00,Unibet (UK),h2h,chidi njokuani,joel alvarez,3.0,1.36,2026-08-08T03:13:54Z
2026-08-08T03:14:28+00:00,BetOnline.ag,h2h,ciryl gane,josh hokit,1.4,3.1,2026-08-08T03:13:59Z
2026-08-08T03:14:28+00:00,BetOnline.ag,h2h,ciryl gane,tom aspinall,2.05,1.8,2026-08-08T03:13:59Z
2026-08-08T03:14:28+00:00,BetOnline.ag,h2h,conor mcgregor,jorge masvidal,1.69,2.25,2026-08-08T03:13:59Z
2026-08-08T03:14:28+00:00,BetOnline.ag,h2h,conor mcgregor,paddy pimblett,2.3,1.67,2026-08-08T03:13:59Z
2026-08-08T03:14:28+00:00,BetOnline.ag,h2h,darren elkins,yadier delvalle,6.71,1.12,2026-08-08T03:13:59Z
2026-08-08T03:14:28+00:00,1xBet,h2h,darren elkins,yadier delvalle,6.6,1.11,2026-08-08T03:12:49Z
2026-08-08T03:14:28+00:00,Pinnacle,h2h,darren elkins,yadier delvalle,6.99,1.12,2026-08-08T03:14:25Z
2026-08-08T03:14:28+00:00,BetUS,h2h,darren elkins,yadier delvalle,6.35,1.12,2026-08-08T03:13:53Z
2026-08-08T03:14:28+00:00,Unibet (UK),h2h,darren elkins,yadier delvalle,6.5,1.12,2026-08-08T03:13:54Z
2026-08-08T03:14:28+00:00,888sport,h2h,darren elkins,yadier delvalle,6.7,1.1,2026-08-08T03:13:53Z
2026-08-08T03:14:28+00:00,Nordic Bet,h2h,darren elkins,yadier delvalle,7.0,1.11,2026-08-08T03:13:53Z
2026-08-08T03:14:28+00:00,Betsson,h2h,darren elkins,yadier delvalle,7.0,1.11,2026-08-08T03:13:46Z
2026-08-08T03:14:28+00:00,DraftKings,h2h,darren elkins,yadier delvalle,6.75,1.12,2026-08-08T03:13:43Z
2026-08-08T03:14:28+00:00,Coolbet,h2h,darren elkins,yadier delvalle,6.75,1.12,2026-08-08T03:14:06Z
2026-08-08T03:14:28+00:00,LiveScore Bet,h2h,darren elkins,yadier delvalle,6.5,1.11,2026-08-08T03:13:43Z
2026-08-08T03:14:28+00:00,Virgin Bet,h2h,darren elkins,yadier delvalle,6.5,1.11,2026-08-08T03:14:15Z
2026-08-08T03:14:28+00:00,BetRivers,h2h,darren elkins,yadier delvalle,6.5,1.11,2026-08-08T03:13:32Z
2026-08-08T03:14:28+00:00,Grosvenor,h2h,darren elkins,yadier delvalle,6.0,1.07,2026-08-08T03:13:32Z
2026-08-08T03:14:28+00:00,FanDuel,h2h,darren elkins,yadier delvalle,6.3,1.13,2026-08-08T03:14:25Z
2026-08-08T03:14:28+00:00,Paddy Power,h2h,darren elkins,yadier delvalle,5.5,1.14,2026-08-08T03:13:11Z
2026-08-08T03:14:28+00:00,Bovada,h2h,darren elkins,yadier delvalle,6.75,1.12,2026-08-08T03:14:10Z
2026-08-08T03:14:28+00:00,Betclic (FR),h2h,darren elkins,yadier delvalle,6.6,1.08,2026-08-08T03:12:43Z
2026-08-08T03:14:28+00:00,Betway,h2h,darren elkins,yadier delvalle,6.0,1.12,2026-08-08T03:12:50Z
2026-08-08T03:14:28+00:00,Betfair,h2h,darren elkins,yadier delvalle,6.8,1.15,2026-08-08T03:14:25Z
2026-08-08T03:14:28+00:00,Betfair,h2h,darren elkins,yadier delvalle,6.8,1.15,2026-08-08T03:14:14Z
2026-08-08T03:14:28+00:00,PMU (FR),h2h,darren elkins,yadier delvalle,6.5,1.11,2026-08-08T03:13:53Z
2026-08-08T03:14:28+00:00,BetAnything,h2h,darren elkins,yadier delvalle,5.75,1.12,2026-08-08T03:12:39Z
2026-08-08T03:14:28+00:00,Winamax (FR),h2h,darren elkins,yadier delvalle,5.8,1.1,2026-08-08T03:14:16Z
2026-08-08T03:14:28+00:00,Matchbook,h2h,darren elkins,yadier delvalle,7.4,1.15,2026-08-08T03:14:14Z
2026-08-08T03:14:28+00:00,Unibet (FR),h2h,darren elkins,yadier delvalle,6.1,1.09,2026-08-08T03:14:26Z
2026-08-08T03:14:28+00:00,BetOnline.ag,h2h,darren till,yoel romero,1.57,2.35,2026-08-08T03:13:59Z
2026-08-08T03:14:28+00:00,BetOnline.ag,h2h,donte johnson,eric mcconico,1.39,3.11,2026-08-08T03:13:59Z
2026-08-08T03:14:28+00:00,1xBet,h2h,donte johnson,eric mcconico,1.49,2.95,2026-08-08T03:12:49Z
2026-08-08T03:14:28+00:00,Pinnacle,h2h,donte johnson,eric mcconico,1.41,3.04,2026-08-08T03:14:25Z
2026-08-08T03:14:28+00:00,Unibet (UK),h2h,donte johnson,eric mcconico,1.36,2.95,2026-08-08T03:13:54Z
2026-08-08T03:14:28+00:00,Nordic Bet,h2h,donte johnson,eric mcconico,1.4,2.9,2026-08-08T03:13:53Z
2026-08-08T03:14:28+00:00,Betsson,h2h,donte johnson,eric mcconico,1.4,2.9,2026-08-08T03:13:46Z
2026-08-08T03:14:28+00:00,DraftKings,h2h,donte johnson,eric mcconico,1.41,3.0,2026-08-08T03:13:43Z
2026-08-08T03:14:28+00:00,BetRivers,h2h,donte johnson,eric mcconico,1.4,2.95,2026-08-08T03:13:32Z
2026-08-08T03:14:28+00:00,Virgin Bet,h2h,donte johnson,eric mcconico,1.4,2.95,2026-08-08T03:14:15Z
2026-08-08T03:14:28+00:00,Grosvenor,h2h,donte johnson,eric mcconico,1.35,2.8,2026-08-08T03:13:32Z
2026-08-08T03:14:28+00:00,LiveScore Bet,h2h,donte johnson,eric mcconico,1.4,2.95,2026-08-08T03:13:43Z
2026-08-08T03:14:28+00:00,Coolbet,h2h,donte johnson,eric mcconico,1.42,3.0,2026-08-08T03:14:06Z
2026-08-08T03:14:28+00:00,BetOnline.ag,h2h,dovletdzhan yagshimuradov,simeon powell,1.62,2.4,2026-08-08T03:13:59Z
2026-08-08T03:14:28+00:00,Unibet (FR),h2h,dovletdzhan yagshimuradov,simeon powell,1.57,2.25,2026-08-08T03:14:26Z
2026-08-08T03:14:28+00:00,FanDuel,h2h,dovletdzhan yagshimuradov,simeon powell,1.61,2.38,2026-08-08T03:14:25Z
2026-08-08T03:14:28+00:00,Winamax (FR),h2h,dovletdzhan yagshimuradov,simeon powell,1.52,2.15,2026-08-08T03:14:16Z
2026-08-08T03:14:28+00:00,Grosvenor,h2h,dovletdzhan yagshimuradov,simeon powell,1.53,2.38,2026-08-08T03:13:32Z
2026-08-08T03:14:28+00:00,BetOnline.ag,h2h,dustin stoltzfus,mansur abdul-malik,5.15,1.18,2026-08-08T03:13:59Z
2026-08-08T03:14:28+00:00,1xBet,h2h,dustin stoltzfus,mansur abdul-malik,5.19,1.22,2026-08-08T03:12:49Z
2026-08-08T03:14:28+00:00,Pinnacle,h2h,dustin stoltzfus,mansur abdul-malik,5.13,1.19,2026-08-08T03:14:25Z
2026-08-08T03:14:28+00:00,Unibet (UK),h2h,dustin stoltzfus,mansur abdul-malik,4.75,1.16,2026-08-08T03:13:54Z
2026-08-08T03:14:28+00:00,Winamax (FR),h2h,dustin stoltzfus,mansur abdul-malik,4.2,1.14,2026-08-08T03:14:16Z
2026-08-08T03:14:28+00:00,Betsson,h2h,dustin stoltzfus,mansur abdul-malik,5.0,1.15,2026-08-08T03:13:46Z
2026-08-08T03:14:28+00:00,Nordic Bet,h2h,dustin stoltzfus,mansur abdul-malik,5.0,1.15,2026-08-08T03:13:53Z
2026-08-08T03:14:28+00:00,DraftKings,h2h,dustin stoltzfus,mansur abdul-malik,5.1,1.18,2026-08-08T03:13:43Z
2026-08-08T03:14:28+00:00,Betclic (FR),h2h,dustin stoltzfus,mansur abdul-malik,4.85,1.15,2026-08-08T03:12:43Z
2026-08-08T03:14:28+00:00,BetRivers,h2h,dustin stoltzfus,mansur abdul-malik,5.2,1.16,2026-08-08T03:13:32Z
2026-08-08T03:14:28+00:00,Virgin Bet,h2h,dustin stoltzfus,mansur abdul-malik,5.2,1.16,2026-08-08T03:14:15Z
2026-08-08T03:14:28+00:00,Grosvenor,h2h,dustin stoltzfus,mansur abdul-malik,4.8,1.12,2026-08-08T03:13:32Z
2026-08-08T03:14:28+00:00,LiveScore Bet,h2h,dustin stoltzfus,mansur abdul-malik,5.2,1.16,2026-08-08T03:13:43Z
2026-08-08T03:14:28+00:00,Coolbet,h2h,dustin stoltzfus,mansur abdul-malik,5.15,1.18,2026-08-08T03:14:06Z
2026-08-08T03:14:28+00:00,BetOnline.ag,h2h,edson barboza,esteban ribovics,4.16,1.25,2026-08-08T03:13:59Z
2026-08-08T03:14:28+00:00,1xBet,h2h,edson barboza,esteban ribovics,4.25,1.29,2026-08-08T03:12:49Z
2026-08-08T03:14:28+00:00,Pinnacle,h2h,edson barboza,esteban ribovics,4.18,1.25,2026-08-08T03:14:25Z
2026-08-08T03:14:28+00:00,Unibet (UK),h2h,edson barboza,esteban ribovics,3.9,1.22,2026-08-08T03:13:54Z
2026-08-08T03:14:28+00:00,888sport,h2h,edson barboza,esteban ribovics,4.2,1.22,2026-08-08T03:13:53Z
2026-08-08T03:14:28+00:00,DraftKings,h2h,edson barboza,esteban ribovics,4.1,1.25,2026-08-08T03:13:43Z
2026-08-08T03:14:28+00:00,Betclic (FR),h2h,edson barboza,esteban ribovics,4.0,1.21,2026-08-08T03:12:43Z
2026-08-08T03:14:28+00:00,Grosvenor,h2h,edson barboza,esteban ribovics,4.0,1.18,2026-08-08T03:13:32Z
2026-08-08T03:14:28+00:00,LiveScore Bet,h2h,edson barboza,esteban ribovics,4.25,1.22,2026-08-08T03:13:43Z
2026-08-08T03:14:28+00:00,Virgin Bet,h2h,edson barboza,esteban ribovics,4.25,1.22,2026-08-08T03:14:15Z
2026-08-08T03:14:28+00:00,BetRivers,h2h,edson barboza,esteban ribovics,4.25,1.22,2026-08-08T03:13:32Z
2026-08-08T03:14:28+00:00,Coolbet,h2h,edson barboza,esteban ribovics,4.15,1.25,2026-08-08T03:14:06Z
2026-08-08T03:14:28+00:00,Winamax (FR),h2h,edson barboza,esteban ribovics,3.55,1.2,2026-08-08T03:14:16Z
2026-08-08T03:14:28+00:00,BetOnline.ag,h2h,gable steveson,sean sharaf,1.07,7.0,2026-08-08T03:13:59Z
2026-08-08T03:14:28+00:00,DraftKings,h2h,gable steveson,sean sharaf,1.09,8.0,2026-08-08T03:13:43Z
2026-08-08T03:14:28+00:00,1xBet,h2h,gable steveson,sean sharaf,1.09,7.55,2026-08-08T03:12:49Z
2026-08-08T03:14:28+00:00,FanDuel,h2h,gianni vazquez,miles johns,2.42,1.6,2026-08-08T03:14:25Z
2026-08-08T03:14:28+00:00,Paddy Power,h2h,gianni vazquez,miles johns,2.38,1.57,2026-08-08T03:13:11Z
2026-08-08T03:14:28+00:00,Betfair Sportsbook,h2h,gianni vazquez,miles johns,2.38,1.57,2026-08-08T03:13:42Z
2026-08-08T03:14:28+00:00,1xBet,h2h,gianni vazquez,miles johns,2.3,1.62,2026-08-08T03:12:49Z
2026-08-08T03:14:28+00:00,BetOnline.ag,h2h,gianni vazquez,miles johns,2.49,1.59,2026-08-08T03:13:59Z
2026-08-08T03:14:28+00:00,Betway,h2h,gianni vazquez,miles johns,2.4,1.57,2026-08-08T03:12:50Z
2026-08-08T03:14:28+00:00,Pinnacle,h2h,gianni vazquez,miles johns,2.42,1.61,2026-08-08T03:14:25Z
2026-08-08T03:14:28+00:00,Unibet (UK),h2h,gianni vazquez,miles johns,2.45,1.56,2026-08-08T03:13:54Z
2026-08-08T03:14:28+00:00,BetRivers,h2h,gianni vazquez,miles johns,2.38,1.57,2026-08-08T03:13:32Z
2026-08-08T03:14:28+00:00,Virgin Bet,h2h,gianni vazquez,miles johns,2.38,1.58,2026-08-08T03:14:15Z
2026-08-08T03:14:28+00:00,Grosvenor,h2h,gianni vazquez,miles johns,2.25,1.51,2026-08-08T03:13:32Z
2026-08-08T03:14:28+00:00,LiveScore Bet,h2h,gianni vazquez,miles johns,2.38,1.58,2026-08-08T03:13:43Z
2026-08-08T03:14:28+00:00,BetAnything,h2h,gianni vazquez,miles johns,2.4,1.59,2026-08-08T03:12:39Z
2026-08-08T03:14:28+00:00,Coolbet,h2h,gianni vazquez,miles johns,2.35,1.63,2026-08-08T03:14:06Z
2026-08-08T03:14:28+00:00,Betfair,h2h,gianni vazquez,miles johns,2.24,1.55,2026-08-08T03:14:25Z
2026-08-08T03:14:28+00:00,Betfair,h2h,gianni vazquez,miles johns,2.24,1.55,2026-08-08T03:14:14Z
2026-08-08T03:14:28+00:00,Matchbook,h2h,gianni vazquez,miles johns,2.5,1.56,2026-08-08T03:14:14Z
2026-08-08T03:14:28+00:00,DraftKings,h2h,gillian robertson,mackenzie dern,3.0,1.41,2026-08-08T03:13:43Z
2026-08-08T03:14:28+00:00,Betclic (FR),h2h,gillian robertson,mackenzie dern,2.97,1.34,2026-08-08T03:12:43Z
2026-08-08T03:14:28+00:00,BetOnline.ag,h2h,gillian robertson,mackenzie dern,3.07,1.4,2026-08-08T03:13:59Z
2026-08-08T03:14:28+00:00,1xBet,h2h,gillian robertson,mackenzie dern,2.95,1.44,2026-08-08T03:12:49Z
2026-08-08T03:14:28+00:00,FanDuel,h2h,gillian robertson,mackenzie dern,3.0,1.38,2026-08-08T03:14:25Z
2026-08-08T03:14:28+00:00,Paddy Power,h2h,gillian robertson,mackenzie dern,2.88,1.4,2026-08-08T03:13:11Z
2026-08-08T03:14:28+00:00,LiveScore Bet,h2h,gillian robertson,mackenzie dern,2.88,1.42,2026-08-08T03:13:43Z
2026-08-08T03:14:28+00:00,Grosvenor,h2h,gillian robertson,mackenzie dern,2.7,1.36,2026-08-08T03:13:32Z
2026-08-08T03:14:28+00:00,Virgin Bet,h2h,gillian robertson,mackenzie dern,2.88,1.42,2026-08-08T03:14:15Z
2026-08-08T03:14:28+00:00,Winamax (FR),h2h,gillian robertson,mackenzie dern,2.85,1.36,2026-08-08T03:14:16Z
2026-08-08T03:14:28+00:00,Marathon Bet,h2h,gillian robertson,mackenzie dern,2.86,1.4,2026-08-08T03:14:14Z
2026-08-08T03:14:28+00:00,Pinnacle,h2h,gillian robertson,mackenzie dern,3.01,1.42,2026-08-08T03:14:25Z
2026-08-08T03:14:28+00:00,Coolbet,h2h,gillian robertson,mackenzie dern,2.9,1.44,2026-08-08T03:14:06Z
2026-08-08T03:14:28+00:00,Unibet (FR),h2h,gillian robertson,mackenzie dern,2.7,1.33,2026-08-08T03:14:26Z
2026-08-08T03:14:28+00:00,Unibet (UK),h2h,gillian robertson,mackenzie dern,2.9,1.38,2026-08-08T03:13:54Z
2026-08-08T03:14:28+00:00,BetRivers,h2h,gillian robertson,mackenzie dern,2.88,1.42,2026-08-08T03:13:32Z
2026-08-08T03:14:28+00:00,888sport,h2h,gillian robertson,mackenzie dern,2.95,1.4,2026-08-08T03:13:53Z
2026-08-08T03:14:28+00:00,BetOnline.ag,h2h,guilherme pat,steven asplund,3.52,1.32,2026-08-08T03:13:59Z
2026-08-08T03:14:28+00:00,1xBet,h2h,guilherme pat,steven asplund,3.26,1.32,2026-08-08T03:12:49Z
2026-08-08T03:14:28+00:00,Pinnacle,h2h,guilherme pat,steven asplund,3.47,1.34,2026-08-08T03:14:25Z
2026-08-08T03:14:28+00:00,BetUS,h2h,guilherme pat,steven asplund,3.54,1.32,2026-08-08T03:13:53Z
2026-08-08T03:14:28+00:00,Unibet (UK),h2h,guilherme pat,steven asplund,3.45,1.32,2026-08-08T03:13:54Z
2026-08-08T03:14:28+00:00,888sport,h2h,guilherme pat,steven asplund,3.4,1.3,2026-08-08T03:13:53Z
2026-08-08T03:14:28+00:00,Nordic Bet,h2h,guilherme pat,steven asplund,3.35,1.34,2026-08-08T03:13:53Z
2026-08-08T03:14:28+00:00,Betsson,h2h,guilherme pat,steven asplund,3.35,1.34,2026-08-08T03:13:46Z
2026-08-08T03:14:28+00:00,DraftKings,h2h,guilherme pat,steven asplund,3.4,1.34,2026-08-08T03:13:43Z
2026-08-08T03:14:28+00:00,Grosvenor,h2h,guilherme pat,steven asplund,3.2,1.27,2026-08-08T03:13:32Z
2026-08-08T03:14:28+00:00,Virgin Bet,h2h,guilherme pat,steven asplund,3.4,1.32,2026-08-08T03:14:15Z
2026-08-08T03:14:28+00:00,BetRivers,h2h,guilherme pat,steven asplund,3.4,1.32,2026-08-08T03:13:32Z
2026-08-08T03:14:28+00:00,LiveScore Bet,h2h,guilherme pat,steven asplund,3.4,1.32,2026-08-08T03:13:43Z
2026-08-08T03:14:28+00:00,Coolbet,h2h,guilherme pat,steven asplund,3.45,1.33,2026-08-08T03:14:06Z
2026-08-08T03:14:28+00:00,FanDuel,h2h,guilherme pat,steven asplund,3.4,1.34,2026-08-08T03:14:25Z
2026-08-08T03:14:28+00:00,Betfair Sportsbook,h2h,guilherme pat,steven asplund,3.25,1.33,2026-08-08T03:13:42Z
2026-08-08T03:14:28+00:00,Paddy Power,h2h,guilherme pat,steven asplund,3.25,1.33,2026-08-08T03:13:11Z
2026-08-08T03:14:28+00:00,Bovada,h2h,guilherme pat,steven asplund,3.55,1.32,2026-08-08T03:14:10Z
2026-08-08T03:14:28+00:00,Betway,h2h,guilherme pat,steven asplund,3.1,1.36,2026-08-08T03:12:50Z
2026-08-08T03:14:28+00:00,Betfair,h2h,guilherme pat,steven asplund,3.6,1.36,2026-08-08T03:14:25Z
2026-08-08T03:14:28+00:00,Betfair,h2h,guilherme pat,steven asplund,3.6,1.36,2026-08-08T03:14:14Z
2026-08-08T03:14:28+00:00,BetAnything,h2h,guilherme pat,steven asplund,3.4,1.32,2026-08-08T03:12:39Z
2026-08-08T03:14:28+00:00,Matchbook,h2h,guilherme pat,steven asplund,3.6,1.37,2026-08-08T03:14:14Z
2026-08-08T03:14:28+00:00,DraftKings,h2h,ian garry,islam makhachev,3.75,1.29,2026-08-08T03:13:43Z
2026-08-08T03:14:28+00:00,Betclic (FR),h2h,ian garry,islam makhachev,3.9,1.22,2026-08-08T03:12:43Z
2026-08-08T03:14:28+00:00,BetOnline.ag,h2h,ian garry,islam makhachev,4.03,1.26,2026-08-08T03:13:59Z
2026-08-08T03:14:28+00:00,FanDuel,h2h,ian garry,islam makhachev,3.8,1.26,2026-08-08T03:14:25Z
2026-08-08T03:14:28+00:00,Paddy Power,h2h,ian garry,islam makhachev,3.5,1.29,2026-08-08T03:13:11Z
2026-08-08T03:14:28+00:00,1xBet,h2h,ian garry,islam makhachev,4.55,1.21,2026-08-08T03:12:49Z
2026-08-08T03:14:28+00:00,Winamax (FR),h2h,ian garry,islam makhachev,3.65,1.23,2026-08-08T03:14:16Z
2026-08-08T03:14:28+00:00,Virgin Bet,h2h,ian garry,islam makhachev,3.7,1.28,2026-08-08T03:14:15Z
2026-08-08T03:14:28+00:00,LiveScore Bet,h2h,ian garry,islam makhachev,3.7,1.28,2026-08-08T03:13:43Z
2026-08-08T03:14:28+00:00,Grosvenor,h2h,ian garry,islam makhachev,3.45,1.24,2026-08-08T03:13:32Z
2026-08-08T03:14:28+00:00,Pinnacle,h2h,ian garry,islam makhachev,3.81,1.29,2026-08-08T03:14:25Z
2026-08-08T03:14:28+00:00,Coolbet,h2h,ian garry,islam makhachev,3.7,1.3,2026-08-08T03:14:06Z
2026-08-08T03:14:28+00:00,BetRivers,h2h,ian garry,islam makhachev,3.7,1.28,2026-08-08T03:13:32Z
2026-08-08T03:14:28+00:00,888sport,h2h,ian garry,islam makhachev,3.6,1.29,2026-08-08T03:13:53Z
2026-08-08T03:14:28+00:00,Betfair,h2h,ian garry,islam makhachev,3.9,1.32,2026-08-08T03:14:14Z
2026-08-08T03:14:28+00:00,Betfair,h2h,ian garry,islam makhachev,3.9,1.32,2026-08-08T03:14:25Z
2026-08-08T03:14:28+00:00,Matchbook,h2h,ian garry,islam makhachev,3.9,1.32,2026-08-08T03:14:14Z
2026-08-08T03:14:28+00:00,BetOnline.ag,h2h,ilia topuria,justin gaethje,1.4,3.1,2026-08-08T03:13:59Z
2026-08-08T03:14:28+00:00,BetOnline.ag,h2h,islam makhachev,kamaru usman,1.3,3.7,2026-08-08T03:13:59Z
2026-08-08T03:14:28+00:00,BetOnline.ag,h2h,jalin turner,kaue fernandes,1.65,2.35,2026-08-08T03:13:59Z
2026-08-08T03:14:28+00:00,1xBet,h2h,jalin turner,kaue fernandes,1.61,2.14,2026-08-08T03:12:49Z
2026-08-08T03:14:28+00:00,Pinnacle,h2h,jalin turner,kaue fernandes,1.69,2.24,2026-08-08T03:14:25Z
2026-08-08T03:14:28+00:00,Unibet (UK),h2h,jalin turner,kaue fernandes,1.6,2.25,2026-08-08T03:13:54Z
2026-08-08T03:14:28+00:00,Betsson,h2h,jalin turner,kaue fernandes,1.65,2.2,2026-08-08T03:13:46Z
2026-08-08T03:14:28+00:00,Nordic Bet,h2h,jalin turner,kaue fernandes,1.65,2.2,2026-08-08T03:13:53Z
2026-08-08T03:14:28+00:00,DraftKings,h2h,jalin turner,kaue fernandes,1.68,2.24,2026-08-08T03:13:43Z
2026-08-08T03:14:28+00:00,BetRivers,h2h,jalin turner,kaue fernandes,1.65,2.23,2026-08-08T03:13:32Z
2026-08-08T03:14:28+00:00,Virgin Bet,h2h,jalin turner,kaue fernandes,1.65,2.23,2026-08-08T03:14:15Z
2026-08-08T03:14:28+00:00,Grosvenor,h2h,jalin turner,kaue fernandes,1.6,2.12,2026-08-08T03:13:32Z
2026-08-08T03:14:28+00:00,LiveScore Bet,h2h,jalin turner,kaue fernandes,1.65,2.23,2026-08-08T03:13:43Z
2026-08-08T03:14:28+00:00,Coolbet,h2h,jalin turner,kaue fernandes,1.65,2.3,2026-08-08T03:14:06Z
2026-08-08T03:14:28+00:00,BetOnline.ag,h2h,jean silva,yair rodriguez,1.29,3.8,2026-08-08T03:13:59Z
2026-08-08T03:14:28+00:00,Betclic (FR),h2h,jean silva,yair rodriguez,1.28,3.3,2026-08-08T03:12:43Z
2026-08-08T03:14:28+00:00,1xBet,h2h,jean silva,yair rodriguez,1.36,3.63,2026-08-08T03:12:49Z
2026-08-08T03:14:28+00:00,DraftKings,h2h,jean silva,yair rodriguez,1.28,3.8,2026-08-08T03:13:43Z
2026-08-08T03:14:28+00:00,Winamax (FR),h2h,jean silva,yair rodriguez,1.28,2.95,2026-08-08T03:14:16Z
2026-08-08T03:14:28+00:00,Virgin Bet,h2h,jean silva,yair rodriguez,1.27,3.75,2026-08-08T03:14:15Z
2026-08-08T03:14:28+00:00,Grosvenor,h2h,jean silva,yair rodriguez,1.23,3.5,2026-08-08T03:13:32Z
2026-08-08T03:14:28+00:00,LiveScore Bet,h2h,jean silva,yair rodriguez,1.27,3.75,2026-08-08T03:13:43Z
2026-08-08T03:14:28+00:00,BetRivers,h2h,jean silva,yair rodriguez,1.27,3.75,2026-08-08T03:13:32Z
2026-08-08T03:14:28+00:00,Betway,h2h,jean silva,yair rodriguez,1.29,3.5,2026-08-08T03:12:50Z
2026-08-08T03:14:28+00:00,BetOnline.ag,h2h,jeremiah wells,myktybek orolbai,5.46,1.17,2026-08-08T03:13:59Z
2026-08-08T03:14:28+00:00,1xBet,h2h,jeremiah wells,myktybek orolbai,5.47,1.21,2026-08-08T03:12:49Z
2026-08-08T03:14:28+00:00,Pinnacle,h2h,jeremiah wells,myktybek orolbai,5.11,1.19,2026-08-08T03:14:25Z
2026-08-08T03:14:28+00:00,Betsson,h2h,jeremiah wells,myktybek orolbai,5.25,1.14,2026-08-08T03:13:46Z
2026-08-08T03:14:28+00:00,Nordic Bet,h2h,jeremiah wells,myktybek orolbai,5.25,1.14,2026-08-08T03:13:53Z
2026-08-08T03:14:28+00:00,DraftKings,h2h,jeremiah wells,myktybek orolbai,5.1,1.18,2026-08-08T03:13:43Z
2026-08-08T03:14:28+00:00,LiveScore Bet,h2h,jeremiah wells,myktybek orolbai,5.3,1.16,2026-08-08T03:13:43Z
2026-08-08T03:14:28+00:00,Virgin Bet,h2h,jeremiah wells,myktybek orolbai,5.3,1.16,2026-08-08T03:14:15Z
2026-08-08T03:14:28+00:00,BetRivers,h2h,jeremiah wells,myktybek orolbai,5.3,1.16,2026-08-08T03:13:32Z
2026-08-08T03:14:28+00:00,Grosvenor,h2h,jeremiah wells,myktybek orolbai,4.9,1.12,2026-08-08T03:13:32Z
2026-08-08T03:14:28+00:00,Coolbet,h2h,jeremiah wells,myktybek orolbai,5.4,1.17,2026-08-08T03:14:06Z
2026-08-08T03:14:28+00:00,BetOnline.ag,h2h,jiri prochazka,magomed ankalaev,2.74,1.5,2026-08-08T03:13:59Z
2026-08-08T03:14:28+00:00,Pinnacle,h2h,jose montanha,louie sutherland,2.7,1.51,2026-08-08T03:14:25Z
2026-08-08T03:14:28+00:00,DraftKings,h2h,jose montanha,louie sutherland,2.64,1.51,2026-08-08T03:13:43Z
2026-08-08T03:14:28+00:00,1xBet,h2h,jose montanha,louie sutherland,2.53,1.5,2026-08-08T03:12:49Z
2026-08-08T03:14:28+00:00,BetUS,h2h,jose montanha,louie sutherland,2.74,1.48,2026-08-08T03:13:53Z
2026-08-08T03:14:28+00:00,BetOnline.ag,h2h,jose montanha,louie sutherland,2.8,1.48,2026-08-08T03:13:59Z
2026-08-08T03:14:28+00:00,Coolbet,h2h,jose montanha,louie sutherland,2.62,1.52,2026-08-08T03:14:06Z
2026-08-08T03:14:28+00:00,Bovada,h2h,jose montanha,louie sutherland,2.68,1.51,2026-08-08T03:14:10Z
2026-08-08T03:14:28+00:00,Unibet (UK),h2h,jose montanha,louie sutherland,2.7,1.48,2026-08-08T03:13:54Z
2026-08-08T03:14:28+00:00,FanDuel,h2h,jose montanha,louie sutherland,2.54,1.54,2026-08-08T03:14:25Z
2026-08-08T03:14:28+00:00,Paddy Power,h2h,jose montanha,louie sutherland,2.5,1.53,2026-08-08T03:13:11Z
2026-08-08T03:14:28+00:00,Betfair Sportsbook,h2h,jose montanha,louie sutherland,2.5,1.53,2026-08-08T03:13:42Z
2026-08-08T03:14:28+00:00,Betway,h2h,jose montanha,louie sutherland,2.5,1.53,2026-08-08T03:12:50Z
2026-08-08T03:14:28+00:00,Betfair,h2h,jose montanha,louie sutherland,2.74,1.51,2026-08-08T03:14:25Z
2026-08-08T03:14:28+00:00,Betfair,h2h,jose montanha,louie sutherland,2.74,1.51,2026-08-08T03:14:14Z
2026-08-08T03:14:28+00:00,BetAnything,h2h,jose montanha,louie sutherland,2.6,1.53,2026-08-08T03:12:39Z
2026-08-08T03:14:28+00:00,Grosvenor,h2h,jose montanha,louie sutherland,2.43,1.45,2026-08-08T03:13:32Z
2026-08-08T03:14:28+00:00,Virgin Bet,h2h,jose montanha,louie sutherland,2.55,1.52,2026-08-08T03:14:15Z
2026-08-08T03:14:28+00:00,BetRivers,h2h,jose montanha,louie sutherland,2.55,1.51,2026-08-08T03:13:32Z
2026-08-08T03:14:28+00:00,LiveScore Bet,h2h,jose montanha,louie sutherland,2.55,1.52,2026-08-08T03:13:43Z
2026-08-08T03:14:28+00:00,Matchbook,h2h,jose montanha,louie sutherland,2.74,1.51,2026-08-08T03:14:14Z
2026-08-08T03:14:28+00:00,BetOnline.ag,h2h,joshua van,manel kape,2.65,1.53,2026-08-08T03:13:59Z
2026-08-08T03:14:28+00:00,BetOnline.ag,h2h,juliana miller,ravena oliveira,1.33,3.49,2026-08-08T03:13:59Z
2026-08-08T03:14:28+00:00,1xBet,h2h,juliana miller,ravena oliveira,1.29,3.42,2026-08-08T03:12:49Z
2026-08-08T03:14:28+00:00,Pinnacle,h2h,juliana miller,ravena oliveira,1.34,3.45,2026-08-08T03:14:25Z
2026-08-08T03:14:28+00:00,BetUS,h2h,juliana miller,ravena oliveira,1.33,3.5,2026-08-08T03:13:53Z
2026-08-08T03:14:28+00:00,Unibet (UK),h2h,juliana miller,ravena oliveira,1.32,3.45,2026-08-08T03:13:54Z
2026-08-08T03:14:28+00:00,888sport,h2h,juliana miller,ravena oliveira,1.3,3.4,2026-08-08T03:13:53Z
2026-08-08T03:14:28+00:00,Betsson,h2h,juliana miller,ravena oliveira,1.32,3.5,2026-08-08T03:13:46Z
2026-08-08T03:14:28+00:00,Nordic Bet,h2h,juliana miller,ravena oliveira,1.32,3.5,2026-08-08T03:13:53Z
2026-08-08T03:14:28+00:00,DraftKings,h2h,juliana miller,ravena oliveira,1.34,3.4,2026-08-08T03:13:42Z
2026-08-08T03:14:28+00:00,Grosvenor,h2h,juliana miller,ravena oliveira,1.28,3.15,2026-08-08T03:13:32Z
2026-08-08T03:14:28+00:00,Virgin Bet,h2h,juliana miller,ravena oliveira,1.33,3.35,2026-08-08T03:14:15Z
2026-08-08T03:14:28+00:00,BetRivers,h2h,juliana miller,ravena oliveira,1.33,3.35,2026-08-08T03:13:32Z
2026-08-08T03:14:28+00:00,LiveScore Bet,h2h,juliana miller,ravena oliveira,1.33,3.35,2026-08-08T03:13:43Z
2026-08-08T03:14:28+00:00,Coolbet,h2h,juliana miller,ravena oliveira,1.34,3.37,2026-08-08T03:14:06Z
2026-08-08T03:14:28+00:00,FanDuel,h2h,juliana miller,ravena oliveira,1.33,3.45,2026-08-08T03:14:25Z
2026-08-08T03:14:28+00:00,Betfair Sportsbook,h2h,juliana miller,ravena oliveira,1.33,3.25,2026-08-08T03:13:42Z
2026-08-08T03:14:28+00:00,Paddy Power,h2h,juliana miller,ravena oliveira,1.33,3.25,2026-08-08T03:13:11Z
2026-08-08T03:14:28+00:00,Bovada,h2h,juliana miller,ravena oliveira,1.32,3.55,2026-08-08T03:14:10Z
2026-08-08T03:14:28+00:00,Betway,h2h,juliana miller,ravena oliveira,1.3,3.5,2026-08-08T03:12:50Z
2026-08-08T03:14:28+00:00,Betfair,h2h,juliana miller,ravena oliveira,1.36,3.4,2026-08-08T03:14:25Z
2026-08-08T03:14:28+00:00,Betfair,h2h,juliana miller,ravena oliveira,1.36,3.4,2026-08-08T03:14:14Z
2026-08-08T03:14:28+00:00,BetAnything,h2h,juliana miller,ravena oliveira,1.32,3.4,2026-08-08T03:12:39Z
2026-08-08T03:14:28+00:00,Matchbook,h2h,juliana miller,ravena oliveira,1.36,3.4,2026-08-08T03:14:14Z
2026-08-08T03:14:28+00:00,BetOnline.ag,h2h,khamzat chimaev,paulo henrique costa,1.2,4.75,2026-08-08T03:13:59Z
2026-08-08T03:14:28+00:00,BetOnline.ag,h2h,khamzat chimaev,sean strickland,1.49,2.75,2026-08-08T03:13:59Z
2026-08-08T03:14:28+00:00,BetOnline.ag,h2h,lucas fernando,rafael tobias,1.43,2.92,2026-08-08T03:13:59Z
2026-08-08T03:14:28+00:00,Pinnacle,h2h,lucas fernando,rafael tobias,1.42,3.0,2026-08-08T03:14:25Z
2026-08-08T03:14:28+00:00,1xBet,h2h,lucas fernando,rafael tobias,1.43,2.94,2026-08-08T03:12:49Z
2026-08-08T03:14:28+00:00,Nordic Bet,h2h,lucas fernando,rafael tobias,1.44,2.7,2026-08-08T03:13:53Z
2026-08-08T03:14:28+00:00,Betsson,h2h,lucas fernando,rafael tobias,1.44,2.7,2026-08-08T03:13:46Z
2026-08-08T03:14:28+00:00,DraftKings,h2h,lucas fernando,rafael tobias,1.42,2.95,2026-08-08T03:13:43Z
2026-08-08T03:14:28+00:00,Virgin Bet,h2h,lucas fernando,rafael tobias,1.41,2.9,2026-08-08T03:14:15Z
2026-08-08T03:14:28+00:00,Grosvenor,h2h,lucas fernando,rafael tobias,1.36,2.75,2026-08-08T03:13:32Z
2026-08-08T03:14:28+00:00,LiveScore Bet,h2h,lucas fernando,rafael tobias,1.41,2.9,2026-08-08T03:13:43Z
2026-08-08T03:14:28+00:00,BetRivers,h2h,lucas fernando,rafael tobias,1.41,2.9,2026-08-08T03:13:32Z
2026-08-08T03:14:28+00:00,Coolbet,h2h,lucas fernando,rafael tobias,1.44,2.9,2026-08-08T03:14:06Z
2026-08-08T03:14:28+00:00,Unibet (UK),h2h,lucas fernando,rafael tobias,1.4,2.8,2026-08-08T03:13:54Z
2026-08-08T03:14:28+00:00,BetOnline.ag,h2h,manoel sousa,richie miranda,1.31,3.6,2026-08-08T03:13:59Z
2026-08-08T03:14:28+00:00,1xBet,h2h,manoel sousa,richie miranda,1.32,3.26,2026-08-08T03:12:49Z
2026-08-08T03:14:28+00:00,Unibet (UK),h2h,manoel sousa,richie miranda,1.3,3.5,2026-08-08T03:13:54Z
2026-08-08T03:14:28+00:00,Coolbet,h2h,manoel sousa,richie miranda,1.32,3.54,2026-08-08T03:14:06Z
2026-08-08T03:14:28+00:00,Pinnacle,h2h,manoel sousa,richie miranda,1.34,3.47,2026-08-08T03:14:25Z
2026-08-08T03:14:28+00:00,Betway,h2h,manoel sousa,richie miranda,1.3,3.5,2026-08-08T03:12:50Z
2026-08-08T03:14:28+00:00,FanDuel,h2h,manoel sousa,richie miranda,1.34,3.4,2026-08-08T03:14:25Z
2026-08-08T03:14:28+00:00,Paddy Power,h2h,manoel sousa,richie miranda,1.33,3.25,2026-08-08T03:13:11Z
2026-08-08T03:14:28+00:00,Betfair Sportsbook,h2h,manoel sousa,richie miranda,1.33,3.25,2026-08-08T03:13:42Z
2026-08-08T03:14:28+00:00,Betfair,h2h,manoel sousa,richie miranda,1.37,3.45,2026-08-08T03:14:25Z
2026-08-08T03:14:28+00:00,Betfair,h2h,manoel sousa,richie miranda,1.37,3.45,2026-08-08T03:14:14Z
2026-08-08T03:14:28+00:00,Bovada,h2h,manoel sousa,richie miranda,1.33,3.5,2026-08-08T03:14:10Z
2026-08-08T03:14:28+00:00,Virgin Bet,h2h,manoel sousa,richie miranda,1.32,3.4,2026-08-08T03:14:15Z
2026-08-08T03:14:28+00:00,BetRivers,h2h,manoel sousa,richie miranda,1.32,3.4,2026-08-08T03:13:32Z
2026-08-08T03:14:28+00:00,LiveScore Bet,h2h,manoel sousa,richie miranda,1.32,3.4,2026-08-08T03:13:43Z
2026-08-08T03:14:28+00:00,Grosvenor,h2h,manoel sousa,richie miranda,1.28,3.15,2026-08-08T03:13:32Z
2026-08-08T03:14:28+00:00,BetUS,h2h,manoel sousa,richie miranda,1.34,3.42,2026-08-08T03:13:53Z
2026-08-08T03:14:28+00:00,Nordic Bet,h2h,manoel sousa,richie miranda,1.31,3.6,2026-08-08T03:13:53Z
2026-08-08T03:14:28+00:00,Betsson,h2h,manoel sousa,richie miranda,1.31,3.6,2026-08-08T03:13:46Z
2026-08-08T03:14:28+00:00,888sport,h2h,manoel sousa,richie miranda,1.3,3.4,2026-08-08T03:13:53Z
2026-08-08T03:14:28+00:00,Matchbook,h2h,manoel sousa,richie miranda,1.37,3.65,2026-08-08T03:14:14Z
2026-08-08T03:14:28+00:00,DraftKings,h2h,manoel sousa,richie miranda,1.32,3.5,2026-08-08T03:13:42Z
2026-08-08T03:14:28+00:00,BetAnything,h2h,manoel sousa,richie miranda,1.32,3.35,2026-08-08T03:12:39Z
2026-08-08T03:14:28+00:00,BetOnline.ag,h2h,mateusz gamrot,quillan salkilld,2.12,1.76,2026-08-08T03:13:59Z
2026-08-08T03:14:28+00:00,Winamax (FR),h2h,mateusz gamrot,quillan salkilld,2.0,1.68,2026-08-08T03:14:16Z
2026-08-08T03:14:28+00:00,Betclic (FR),h2h,mateusz gamrot,quillan salkilld,2.1,1.65,2026-08-08T03:12:43Z
2026-08-08T03:14:28+00:00,1xBet,h2h,mateusz gamrot,quillan salkilld,2.16,1.71,2026-08-08T03:12:49Z
2026-08-08T03:14:28+00:00,Pinnacle,h2h,mateusz gamrot,quillan salkilld,2.18,1.74,2026-08-08T03:14:25Z
2026-08-08T03:14:28+00:00,BetUS,h2h,mateusz gamrot,quillan salkilld,2.14,1.74,2026-08-08T03:13:53Z
2026-08-08T03:14:28+00:00,Unibet (UK),h2h,mateusz gamrot,quillan salkilld,2.1,1.75,2026-08-08T03:13:54Z
2026-08-08T03:14:28+00:00,Nordic Bet,h2h,mateusz gamrot,quillan salkilld,2.25,1.67,2026-08-08T03:13:53Z
2026-08-08T03:14:28+00:00,Betsson,h2h,mateusz gamrot,quillan salkilld,2.25,1.67,2026-08-08T03:13:46Z
2026-08-08T03:14:28+00:00,DraftKings,h2h,mateusz gamrot,quillan salkilld,2.14,1.74,2026-08-08T03:13:43Z
2026-08-08T03:14:28+00:00,LiveScore Bet,h2h,mateusz gamrot,quillan salkilld,2.16,1.7,2026-08-08T03:13:43Z
2026-08-08T03:14:28+00:00,Grosvenor,h2h,mateusz gamrot,quillan salkilld,2.07,1.63,2026-08-08T03:13:32Z
2026-08-08T03:14:28+00:00,Virgin Bet,h2h,mateusz gamrot,quillan salkilld,2.16,1.7,2026-08-08T03:14:15Z
2026-08-08T03:14:28+00:00,BetRivers,h2h,mateusz gamrot,quillan salkilld,2.16,1.7,2026-08-08T03:13:32Z
2026-08-08T03:14:28+00:00,Coolbet,h2h,mateusz gamrot,quillan salkilld,2.13,1.75,2026-08-08T03:14:06Z
2026-08-08T03:14:28+00:00,FanDuel,h2h,mateusz gamrot,quillan salkilld,2.22,1.69,2026-08-08T03:14:25Z
2026-08-08T03:14:28+00:00,Paddy Power,h2h,mateusz gamrot,quillan salkilld,2.2,1.67,2026-08-08T03:13:11Z
2026-08-08T03:14:28+00:00,Bovada,h2h,mateusz gamrot,quillan salkilld,2.17,1.72,2026-08-08T03:14:10Z
2026-08-08T03:14:28+00:00,Betway,h2h,mateusz gamrot,quillan salkilld,2.1,1.73,2026-08-08T03:12:50Z
2026-08-08T03:14:28+00:00,Betfair,h2h,mateusz gamrot,quillan salkilld,2.24,1.78,2026-08-08T03:14:25Z
2026-08-08T03:14:28+00:00,Betfair,h2h,mateusz gamrot,quillan salkilld,2.24,1.78,2026-08-08T03:14:14Z
2026-08-08T03:14:28+00:00,PMU (FR),h2h,mateusz gamrot,quillan salkilld,2.16,1.7,2026-08-08T03:13:53Z
2026-08-08T03:14:28+00:00,BetAnything,h2h,mateusz gamrot,quillan salkilld,2.05,1.74,2026-08-08T03:12:39Z
2026-08-08T03:14:28+00:00,Matchbook,h2h,mateusz gamrot,quillan salkilld,2.26,1.78,2026-08-08T03:14:14Z
2026-08-08T03:14:28+00:00,Unibet (FR),h2h,mateusz gamrot,quillan salkilld,2.05,1.68,2026-08-08T03:14:26Z
2026-08-08T03:14:28+00:00,Marathon Bet,h2h,mateusz gamrot,quillan salkilld,2.13,1.68,2026-08-08T03:14:14Z
2026-08-08T03:14:28+00:00,BetOnline.ag,h2h,max holloway,paddy pimblett,1.56,2.55,2026-08-08T03:13:59Z
2026-08-08T03:14:28+00:00,BetOnline.ag,h2h,merab dvalishvili,petr yan,2.5,1.57,2026-08-08T03:13:59Z
2026-08-08T03:14:28+00:00,BetOnline.ag,h2h,nassourdine imavov,sean strickland,1.88,1.94,2026-08-08T03:13:59Z
2026-08-08T03:14:28+00:00,BetOnline.ag,h2h,natalia silva,valentina shevchenko,3.1,1.4,2026-08-08T03:13:59Z
2026-08-08T03:14:28+00:00,BetOnline.ag,h2h,neil magny,ramiz brahimaj,1.91,1.91,2026-08-08T03:13:59Z
2026-08-08T03:14:28+00:00,1xBet,h2h,neil magny,ramiz brahimaj,1.96,1.96,2026-08-08T03:12:49Z
2026-08-08T03:14:28+00:00,Pinnacle,h2h,neil magny,ramiz brahimaj,1.88,1.97,2026-08-08T03:14:25Z
2026-08-08T03:14:28+00:00,888sport,h2h,neil magny,ramiz brahimaj,1.91,1.91,2026-08-08T03:13:53Z
2026-08-08T03:14:28+00:00,Nordic Bet,h2h,neil magny,ramiz brahimaj,1.88,1.88,2026-08-08T03:13:53Z
2026-08-08T03:14:28+00:00,Betsson,h2h,neil magny,ramiz brahimaj,1.88,1.88,2026-08-08T03:13:46Z
2026-08-08T03:14:28+00:00,DraftKings,h2h,neil magny,ramiz brahimaj,1.87,1.95,2026-08-08T03:13:43Z
2026-08-08T03:14:28+00:00,LiveScore Bet,h2h,neil magny,ramiz brahimaj,1.9,1.9,2026-08-08T03:13:43Z
2026-08-08T03:14:28+00:00,Virgin Bet,h2h,neil magny,ramiz brahimaj,1.9,1.9,2026-08-08T03:14:15Z
2026-08-08T03:14:28+00:00,Grosvenor,h2h,neil magny,ramiz brahimaj,1.82,1.82,2026-08-08T03:13:32Z
2026-08-08T03:14:28+00:00,BetRivers,h2h,neil magny,ramiz brahimaj,1.89,1.89,2026-08-08T03:13:32Z
2026-08-08T03:14:28+00:00,Coolbet,h2h,neil magny,ramiz brahimaj,1.92,1.92,2026-08-08T03:14:06Z
2026-08-08T03:14:28+00:00,DraftKings,h2h,robelis despaigne,tai tuivasa,1.2,4.8,2026-08-08T03:13:43Z
2026-08-08T03:14:28+00:00,1xBet,h2h,robelis despaigne,tai tuivasa,1.23,4.66,2026-08-08T03:12:49Z
2026-08-08T03:14:28+00:00,BetOnline.ag,h2h,song yadong,umar nurmagomedov,4.5,1.22,2026-08-08T03:13:59Z
2026-08-08T03:14:28+00:00,Betclic (FR),h2h,song yadong,umar nurmagomedov,4.45,1.17,2026-08-08T03:12:43Z
2026-08-08T03:14:28+00:00,1xBet,h2h,song yadong,umar nurmagomedov,5.19,1.19,2026-08-08T03:12:49Z
2026-08-08T03:14:28+00:00,BetUS,h2h,song yadong,umar nurmagomedov,4.39,1.22,2026-08-08T03:13:53Z
2026-08-08T03:14:28+00:00,DraftKings,h2h,song yadong,umar nurmagomedov,4.5,1.22,2026-08-08T03:13:43Z
2026-08-08T03:14:28+00:00,Betway,h2h,song yadong,umar nurmagomedov,4.5,1.2,2026-08-08T03:12:50Z
2026-08-08T03:14:28+00:00,FanDuel,h2h,song yadong,umar nurmagomedov,4.5,1.19,2026-08-08T03:14:25Z
2026-08-08T03:14:28+00:00,Paddy Power,h2h,song yadong,umar nurmagomedov,4.5,1.2,2026-08-08T03:13:11Z
2026-08-08T03:14:28+00:00,Winamax (FR),h2h,song yadong,umar nurmagomedov,4.0,1.2,2026-08-08T03:14:16Z
2026-08-08T03:14:28+00:00,LiveScore Bet,h2h,song yadong,umar nurmagomedov,4.35,1.21,2026-08-08T03:13:43Z
2026-08-08T03:14:28+00:00,BetRivers,h2h,song yadong,umar nurmagomedov,4.35,1.21,2026-08-08T03:13:32Z
2026-08-08T03:14:28+00:00,Virgin Bet,h2h,song yadong,umar nurmagomedov,4.35,1.21,2026-08-08T03:14:15Z
2026-08-08T03:14:28+00:00,Grosvenor,h2h,song yadong,umar nurmagomedov,4.1,1.17,2026-08-08T03:13:32Z
2026-08-08T03:14:28+00:00,Coolbet,h2h,song yadong,umar nurmagomedov,4.5,1.22,2026-08-08T03:14:06Z
2026-08-08T03:14:28+00:00,BetOnline.ag,h2h,tresean gore,vicente luque,1.83,2.0,2026-08-08T03:13:59Z
2026-08-08T03:14:28+00:00,1xBet,h2h,tresean gore,vicente luque,1.81,2.2,2026-08-08T03:12:49Z
2026-08-08T03:14:28+00:00,Pinnacle,h2h,tresean gore,vicente luque,1.71,2.19,2026-08-08T03:14:25Z
2026-08-08T03:14:28+00:00,Unibet (UK),h2h,tresean gore,vicente luque,1.78,1.98,2026-08-08T03:13:54Z
2026-08-08T03:14:28+00:00,Nordic Bet,h2h,tresean gore,vicente luque,1.7,2.1,2026-08-08T03:13:53Z
2026-08-08T03:14:28+00:00,Betsson,h2h,tresean gore,vicente luque,1.7,2.1,2026-08-08T03:13:46Z
2026-08-08T03:14:28+00:00,DraftKings,h2h,tresean gore,vicente luque,1.7,2.2,2026-08-08T03:13:43Z
2026-08-08T03:14:28+00:00,Grosvenor,h2h,tresean gore,vicente luque,1.7,1.96,2026-08-08T03:13:32Z
2026-08-08T03:14:28+00:00,LiveScore Bet,h2h,tresean gore,vicente luque,1.76,2.07,2026-08-08T03:13:43Z
2026-08-08T03:14:28+00:00,BetRivers,h2h,tresean gore,vicente luque,1.76,2.07,2026-08-08T03:13:32Z
2026-08-08T03:14:28+00:00,Virgin Bet,h2h,tresean gore,vicente luque,1.76,2.07,2026-08-08T03:14:15Z
2026-08-08T03:14:28+00:00,Coolbet,h2h,tresean gore,vicente luque,1.77,2.1,2026-08-08T03:14:06Z
2026-08-08T03:43:35+00:00,BetOnline.ag,h2h,alex pereira,josh hokit,2.4,1.62,2026-08-08T03:42:33Z
2026-08-08T03:43:35+00:00,DraftKings,h2h,alexandre pantoja,joshua van,1.85,1.98,2026-08-08T03:43:30Z
2026-08-08T03:43:35+00:00,Betclic (FR),h2h,alexandre pantoja,joshua van,1.85,1.85,2026-08-08T03:43:33Z
2026-08-08T03:43:35+00:00,1xBet,h2h,alexandre pantoja,joshua van,1.96,1.96,2026-08-08T03:43:28Z
2026-08-08T03:43:35+00:00,BetRivers,h2h,alexandre pantoja,joshua van,1.83,1.97,2026-08-08T03:43:08Z
2026-08-08T03:43:35+00:00,Virgin Bet,h2h,alexandre pantoja,joshua van,1.83,1.98,2026-08-08T03:42:46Z
2026-08-08T03:43:35+00:00,Grosvenor,h2h,alexandre pantoja,joshua van,1.75,1.88,2026-08-08T03:43:08Z
2026-08-08T03:43:35+00:00,LiveScore Bet,h2h,alexandre pantoja,joshua van,1.83,1.98,2026-08-08T03:43:19Z
2026-08-08T03:43:35+00:00,Winamax (FR),h2h,alexandre pantoja,joshua van,1.74,1.84,2026-08-08T03:42:59Z
2026-08-08T03:43:35+00:00,BetOnline.ag,h2h,alexia thainara,amanda lemos,1.38,3.15,2026-08-08T03:42:33Z
2026-08-08T03:43:35+00:00,1xBet,h2h,alexia thainara,amanda lemos,1.37,3.15,2026-08-08T03:43:28Z
2026-08-08T03:43:35+00:00,Pinnacle,h2h,alexia thainara,amanda lemos,1.4,3.15,2026-08-08T03:43:28Z
2026-08-08T03:43:35+00:00,BetUS,h2h,alexia thainara,amanda lemos,1.38,3.14,2026-08-08T03:43:28Z
2026-08-08T03:43:35+00:00,Unibet (UK),h2h,alexia thainara,amanda lemos,1.36,3.15,2026-08-08T03:42:48Z
2026-08-08T03:43:35+00:00,Nordic Bet,h2h,alexia thainara,amanda lemos,1.35,3.35,2026-08-08T03:43:01Z
2026-08-08T03:43:35+00:00,Betsson,h2h,alexia thainara,amanda lemos,1.35,3.35,2026-08-08T03:43:21Z
2026-08-08T03:43:35+00:00,DraftKings,h2h,alexia thainara,amanda lemos,1.38,3.15,2026-08-08T03:43:30Z
2026-08-08T03:43:35+00:00,Virgin Bet,h2h,alexia thainara,amanda lemos,1.37,3.1,2026-08-08T03:42:46Z
2026-08-08T03:43:35+00:00,LiveScore Bet,h2h,alexia thainara,amanda lemos,1.37,3.1,2026-08-08T03:43:19Z
2026-08-08T03:43:35+00:00,BetRivers,h2h,alexia thainara,amanda lemos,1.36,3.1,2026-08-08T03:43:08Z
2026-08-08T03:43:35+00:00,Grosvenor,h2h,alexia thainara,amanda lemos,1.33,2.9,2026-08-08T03:43:08Z
2026-08-08T03:43:35+00:00,Coolbet,h2h,alexia thainara,amanda lemos,1.37,3.22,2026-08-08T03:43:23Z
2026-08-08T03:43:35+00:00,FanDuel,h2h,alexia thainara,amanda lemos,1.4,3.05,2026-08-08T03:43:29Z
2026-08-08T03:43:35+00:00,Betfair Sportsbook,h2h,alexia thainara,amanda lemos,1.4,2.88,2026-08-08T03:43:18Z
2026-08-08T03:43:35+00:00,Paddy Power,h2h,alexia thainara,amanda lemos,1.4,2.88,2026-08-08T03:42:46Z
2026-08-08T03:43:35+00:00,Bovada,h2h,alexia thainara,amanda lemos,1.38,3.15,2026-08-08T03:39:38Z
2026-08-08T03:43:35+00:00,Betclic (FR),h2h,alexia thainara,amanda lemos,1.32,3.1,2026-08-08T03:43:33Z
2026-08-08T03:43:35+00:00,Betway,h2h,alexia thainara,amanda lemos,1.36,3.1,2026-08-08T03:42:58Z
2026-08-08T03:43:35+00:00,Betfair,h2h,alexia thainara,amanda lemos,1.43,3.2,2026-08-08T03:43:19Z
2026-08-08T03:43:35+00:00,Betfair,h2h,alexia thainara,amanda lemos,1.43,3.2,2026-08-08T03:43:28Z
2026-08-08T03:43:35+00:00,PMU (FR),h2h,alexia thainara,amanda lemos,1.36,3.1,2026-08-08T03:42:35Z
2026-08-08T03:43:35+00:00,BetAnything,h2h,alexia thainara,amanda lemos,1.38,3.05,2026-08-08T03:43:29Z
2026-08-08T03:43:35+00:00,Winamax (FR),h2h,alexia thainara,amanda lemos,1.34,2.95,2026-08-08T03:42:59Z
2026-08-08T03:43:35+00:00,Matchbook,h2h,alexia thainara,amanda lemos,1.43,3.2,2026-08-08T03:43:28Z
2026-08-08T03:43:35+00:00,Marathon Bet,h2h,alexia thainara,amanda lemos,1.36,3.04,2026-08-08T03:42:58Z
2026-08-08T03:43:35+00:00,Unibet (FR),h2h,alexia thainara,amanda lemos,1.33,3.05,2026-08-08T03:42:57Z
2026-08-08T03:43:35+00:00,BetOnline.ag,h2h,ananias mulumba,tom pagliarulo,1.59,2.3,2026-08-08T03:42:33Z
2026-08-08T03:43:35+00:00,BetOnline.ag,h2h,arman tsarukyan,justin gaethje,1.2,4.85,2026-08-08T03:42:33Z
2026-08-08T03:43:35+00:00,DraftKings,h2h,arman tsarukyan,mauricio ruffy,1.28,3.85,2026-08-08T03:43:30Z
2026-08-08T03:43:35+00:00,Betclic (FR),h2h,arman tsarukyan,mauricio ruffy,1.21,4.0,2026-08-08T03:43:33Z
2026-08-08T03:43:35+00:00,Winamax (FR),h2h,arman tsarukyan,mauricio ruffy,1.23,3.3,2026-08-08T03:42:59Z
2026-08-08T03:43:35+00:00,1xBet,h2h,arman tsarukyan,mauricio ruffy,1.28,4.14,2026-08-08T03:43:28Z
2026-08-08T03:43:35+00:00,BetOnline.ag,h2h,billy goff,ty miller,4.1,1.26,2026-08-08T03:42:33Z
2026-08-08T03:43:35+00:00,1xBet,h2h,billy goff,ty miller,4.22,1.23,2026-08-08T03:43:28Z
2026-08-08T03:43:35+00:00,Pinnacle,h2h,billy goff,ty miller,4.3,1.25,2026-08-08T03:43:28Z
2026-08-08T03:43:35+00:00,BetUS,h2h,billy goff,ty miller,4.3,1.23,2026-08-08T03:43:28Z
2026-08-08T03:43:35+00:00,Unibet (UK),h2h,billy goff,ty miller,4.1,1.24,2026-08-08T03:42:48Z
2026-08-08T03:43:35+00:00,888sport,h2h,billy goff,ty miller,4.0,1.25,2026-08-08T03:43:28Z
2026-08-08T03:43:35+00:00,Betsson,h2h,billy goff,ty miller,4.15,1.24,2026-08-08T03:43:21Z
2026-08-08T03:43:35+00:00,Nordic Bet,h2h,billy goff,ty miller,4.15,1.24,2026-08-08T03:43:01Z
2026-08-08T03:43:35+00:00,DraftKings,h2h,billy goff,ty miller,4.3,1.24,2026-08-08T03:43:30Z
2026-08-08T03:43:35+00:00,Coolbet,h2h,billy goff,ty miller,3.9,1.28,2026-08-08T03:43:23Z
2026-08-08T03:43:35+00:00,Virgin Bet,h2h,billy goff,ty miller,4.1,1.24,2026-08-08T03:42:46Z
2026-08-08T03:43:35+00:00,BetRivers,h2h,billy goff,ty miller,4.1,1.24,2026-08-08T03:43:08Z
2026-08-08T03:43:35+00:00,Grosvenor,h2h,billy goff,ty miller,3.85,1.19,2026-08-08T03:43:08Z
2026-08-08T03:43:35+00:00,LiveScore Bet,h2h,billy goff,ty miller,4.1,1.24,2026-08-08T03:43:19Z
2026-08-08T03:43:35+00:00,Betfair Sportsbook,h2h,billy goff,ty miller,3.75,1.25,2026-08-08T03:43:18Z
2026-08-08T03:43:35+00:00,Paddy Power,h2h,billy goff,ty miller,3.75,1.25,2026-08-08T03:42:46Z
2026-08-08T03:43:35+00:00,FanDuel,h2h,billy goff,ty miller,4.1,1.26,2026-08-08T03:43:29Z
2026-08-08T03:43:35+00:00,Bovada,h2h,billy goff,ty miller,4.15,1.25,2026-08-08T03:39:38Z
2026-08-08T03:43:35+00:00,Betclic (FR),h2h,billy goff,ty miller,4.0,1.21,2026-08-08T03:43:33Z
2026-08-08T03:43:35+00:00,Betway,h2h,billy goff,ty miller,4.0,1.25,2026-08-08T03:42:58Z
2026-08-08T03:43:35+00:00,Betfair,h2h,billy goff,ty miller,4.5,1.26,2026-08-08T03:43:19Z
2026-08-08T03:43:35+00:00,Betfair,h2h,billy goff,ty miller,4.5,1.26,2026-08-08T03:43:28Z
2026-08-08T03:43:35+00:00,PMU (FR),h2h,billy goff,ty miller,4.1,1.24,2026-08-08T03:42:35Z
2026-08-08T03:43:35+00:00,BetAnything,h2h,billy goff,ty miller,3.65,1.24,2026-08-08T03:43:29Z
2026-08-08T03:43:35+00:00,Winamax (FR),h2h,billy goff,ty miller,3.55,1.2,2026-08-08T03:42:59Z
2026-08-08T03:43:35+00:00,Matchbook,h2h,billy goff,ty miller,4.5,1.26,2026-08-08T03:43:28Z
2026-08-08T03:43:35+00:00,BetOnline.ag,h2h,billy quarantillo,carlos diego ferreira,2.57,1.56,2026-08-08T03:42:33Z
2026-08-08T03:43:35+00:00,1xBet,h2h,billy quarantillo,carlos diego ferreira,2.44,1.56,2026-08-08T03:43:28Z
2026-08-08T03:43:35+00:00,Pinnacle,h2h,billy quarantillo,carlos diego ferreira,2.51,1.57,2026-08-08T03:43:28Z
2026-08-08T03:43:35+00:00,BetUS,h2h,billy quarantillo,carlos diego ferreira,2.48,1.56,2026-08-08T03:43:28Z
2026-08-08T03:43:35+00:00,Unibet (UK),h2h,billy quarantillo,carlos diego ferreira,2.5,1.53,2026-08-08T03:42:48Z
2026-08-08T03:43:35+00:00,888sport,h2h,billy quarantillo,carlos diego ferreira,2.5,1.53,2026-08-08T03:43:28Z
2026-08-08T03:43:35+00:00,Nordic Bet,h2h,billy quarantillo,carlos diego ferreira,2.4,1.6,2026-08-08T03:43:01Z
2026-08-08T03:43:35+00:00,Betsson,h2h,billy quarantillo,carlos diego ferreira,2.4,1.6,2026-08-08T03:43:21Z
2026-08-08T03:43:35+00:00,DraftKings,h2h,billy quarantillo,carlos diego ferreira,2.5,1.56,2026-08-08T03:43:30Z
2026-08-08T03:43:35+00:00,LiveScore Bet,h2h,billy quarantillo,carlos diego ferreira,2.43,1.56,2026-08-08T03:43:19Z
2026-08-08T03:43:35+00:00,Grosvenor,h2h,billy quarantillo,carlos diego ferreira,2.3,1.5,2026-08-08T03:43:08Z
2026-08-08T03:43:35+00:00,Virgin Bet,h2h,billy quarantillo,carlos diego ferreira,2.43,1.56,2026-08-08T03:42:46Z
2026-08-08T03:43:35+00:00,BetRivers,h2h,billy quarantillo,carlos diego ferreira,2.43,1.56,2026-08-08T03:43:08Z
2026-08-08T03:43:35+00:00,Marathon Bet,h2h,billy quarantillo,carlos diego ferreira,2.43,1.53,2026-08-08T03:42:58Z
2026-08-08T03:43:35+00:00,Coolbet,h2h,billy quarantillo,carlos diego ferreira,2.5,1.56,2026-08-08T03:43:23Z
2026-08-08T03:43:35+00:00,Betclic (FR),h2h,billy quarantillo,carlos diego ferreira,2.43,1.5,2026-08-08T03:43:33Z
2026-08-08T03:43:35+00:00,FanDuel,h2h,billy quarantillo,carlos diego ferreira,2.48,1.57,2026-08-08T03:43:29Z
2026-08-08T03:43:35+00:00,Paddy Power,h2h,billy quarantillo,carlos diego ferreira,2.38,1.57,2026-08-08T03:42:46Z
2026-08-08T03:43:35+00:00,Bovada,h2h,billy quarantillo,carlos diego ferreira,2.47,1.58,2026-08-08T03:39:38Z
2026-08-08T03:43:35+00:00,Unibet (FR),h2h,billy quarantillo,carlos diego ferreira,2.45,1.49,2026-08-08T03:42:57Z
2026-08-08T03:43:35+00:00,Betway,h2h,billy quarantillo,carlos diego ferreira,2.4,1.57,2026-08-08T03:42:58Z
2026-08-08T03:43:35+00:00,Betfair,h2h,billy quarantillo,carlos diego ferreira,2.66,1.57,2026-08-08T03:43:19Z
2026-08-08T03:43:35+00:00,Betfair,h2h,billy quarantillo,carlos diego ferreira,2.66,1.57,2026-08-08T03:43:28Z
2026-08-08T03:43:35+00:00,PMU (FR),h2h,billy quarantillo,carlos diego ferreira,2.43,1.56,2026-08-08T03:42:35Z
2026-08-08T03:43:35+00:00,BetAnything,h2h,billy quarantillo,carlos diego ferreira,2.5,1.56,2026-08-08T03:43:29Z
2026-08-08T03:43:35+00:00,Winamax (FR),h2h,billy quarantillo,carlos diego ferreira,2.4,1.5,2026-08-08T03:42:59Z
2026-08-08T03:43:35+00:00,Matchbook,h2h,billy quarantillo,carlos diego ferreira,2.66,1.57,2026-08-08T03:43:28Z
2026-08-08T03:43:35+00:00,BetOnline.ag,h2h,bruno lopes,diyar nurgozhay,2.3,1.67,2026-08-08T03:42:33Z
2026-08-08T03:43:35+00:00,1xBet,h2h,bruno lopes,diyar nurgozhay,2.22,1.63,2026-08-08T03:43:28Z
2026-08-08T03:43:35+00:00,Pinnacle,h2h,bruno lopes,diyar nurgozhay,2.36,1.64,2026-08-08T03:43:28Z
2026-08-08T03:43:35+00:00,BetUS,h2h,bruno lopes,diyar nurgozhay,2.3,1.65,2026-08-08T03:43:28Z
2026-08-08T03:43:35+00:00,Unibet (UK),h2h,bruno lopes,diyar nurgozhay,2.3,1.63,2026-08-08T03:42:48Z
2026-08-08T03:43:35+00:00,Betsson,h2h,bruno lopes,diyar nurgozhay,2.25,1.67,2026-08-08T03:43:21Z
2026-08-08T03:43:35+00:00,Nordic Bet,h2h,bruno lopes,diyar nurgozhay,2.25,1.67,2026-08-08T03:43:01Z
2026-08-08T03:43:35+00:00,DraftKings,h2h,bruno lopes,diyar nurgozhay,2.3,1.65,2026-08-08T03:43:30Z
2026-08-08T03:43:35+00:00,Coolbet,h2h,bruno lopes,diyar nurgozhay,2.3,1.65,2026-08-08T03:43:23Z
2026-08-08T03:43:35+00:00,FanDuel,h2h,bruno lopes,diyar nurgozhay,2.32,1.64,2026-08-08T03:43:29Z
2026-08-08T03:43:35+00:00,Betfair Sportsbook,h2h,bruno lopes,diyar nurgozhay,2.25,1.62,2026-08-08T03:43:18Z
2026-08-08T03:43:35+00:00,Paddy Power,h2h,bruno lopes,diyar nurgozhay,2.25,1.62,2026-08-08T03:42:46Z
2026-08-08T03:43:35+00:00,Bovada,h2h,bruno lopes,diyar nurgozhay,2.3,1.67,2026-08-08T03:39:38Z
2026-08-08T03:43:35+00:00,LiveScore Bet,h2h,bruno lopes,diyar nurgozhay,2.23,1.65,2026-08-08T03:43:19Z
2026-08-08T03:43:35+00:00,Virgin Bet,h2h,bruno lopes,diyar nurgozhay,2.23,1.65,2026-08-08T03:42:46Z
2026-08-08T03:43:35+00:00,Grosvenor,h2h,bruno lopes,diyar nurgozhay,2.12,1.6,2026-08-08T03:43:08Z
2026-08-08T03:43:35+00:00,BetRivers,h2h,bruno lopes,diyar nurgozhay,2.23,1.65,2026-08-08T03:43:08Z
2026-08-08T03:43:35+00:00,Betway,h2h,bruno lopes,diyar nurgozhay,2.2,1.67,2026-08-08T03:42:58Z
2026-08-08T03:43:35+00:00,Betfair,h2h,bruno lopes,diyar nurgozhay,2.46,1.65,2026-08-08T03:43:19Z
2026-08-08T03:43:35+00:00,Betfair,h2h,bruno lopes,diyar nurgozhay,2.46,1.65,2026-08-08T03:43:28Z
2026-08-08T03:43:35+00:00,BetAnything,h2h,bruno lopes,diyar nurgozhay,2.3,1.62,2026-08-08T03:43:29Z
2026-08-08T03:43:35+00:00,Matchbook,h2h,bruno lopes,diyar nurgozhay,2.46,1.65,2026-08-08T03:43:28Z
2026-08-08T03:43:35+00:00,BetOnline.ag,h2h,bryan battle,dalton rosta,1.74,2.15,2026-08-08T03:42:33Z
2026-08-08T03:43:35+00:00,Winamax (FR),h2h,bryan battle,dalton rosta,1.62,1.96,2026-08-08T03:42:59Z
2026-08-08T03:43:35+00:00,Grosvenor,h2h,bryan battle,dalton rosta,1.68,2.15,2026-08-08T03:43:08Z
2026-08-08T03:43:35+00:00,FanDuel,h2h,bryan battle,dalton rosta,1.74,2.16,2026-08-08T03:43:29Z
2026-08-08T03:43:35+00:00,BetOnline.ag,h2h,carlos ulberg,magomed ankalaev,2.65,1.53,2026-08-08T03:42:33Z
2026-08-08T03:43:35+00:00,BetOnline.ag,h2h,carol foro,giovanna canuto,1.43,2.95,2026-08-08T03:42:33Z
2026-08-08T03:43:35+00:00,1xBet,h2h,carol foro,giovanna canuto,1.37,3.03,2026-08-08T03:43:28Z
2026-08-08T03:43:35+00:00,FanDuel,h2h,carol foro,giovanna canuto,1.42,2.94,2026-08-08T03:43:29Z
2026-08-08T03:43:35+00:00,Betfair Sportsbook,h2h,carol foro,giovanna canuto,1.4,2.88,2026-08-08T03:43:18Z
2026-08-08T03:43:35+00:00,Unibet (UK),h2h,carol foro,giovanna canuto,1.42,2.9,2026-08-08T03:42:48Z
2026-08-08T03:43:35+00:00,Betfair,h2h,carol foro,giovanna canuto,1.42,3.05,2026-08-08T03:43:19Z
2026-08-08T03:43:35+00:00,Paddy Power,h2h,carol foro,giovanna canuto,1.4,2.88,2026-08-08T03:42:46Z
2026-08-08T03:43:35+00:00,Betfair,h2h,carol foro,giovanna canuto,1.42,3.05,2026-08-08T03:43:28Z
2026-08-08T03:43:35+00:00,Betway,h2h,carol foro,giovanna canuto,1.36,3.1,2026-08-08T03:42:58Z
2026-08-08T03:43:35+00:00,Bovada,h2h,carol foro,giovanna canuto,1.41,3.05,2026-08-08T03:39:38Z
2026-08-08T03:43:35+00:00,DraftKings,h2h,carol foro,giovanna canuto,1.41,3.0,2026-08-08T03:43:30Z
2026-08-08T03:43:35+00:00,Betsson,h2h,carol foro,giovanna canuto,1.37,2.95,2026-08-08T03:43:21Z
2026-08-08T03:43:35+00:00,Nordic Bet,h2h,carol foro,giovanna canuto,1.37,2.95,2026-08-08T03:43:01Z
2026-08-08T03:43:35+00:00,Coolbet,h2h,carol foro,giovanna canuto,1.39,3.1,2026-08-08T03:43:23Z
2026-08-08T03:43:35+00:00,BetRivers,h2h,carol foro,giovanna canuto,1.38,3.05,2026-08-08T03:43:08Z
2026-08-08T03:43:35+00:00,Virgin Bet,h2h,carol foro,giovanna canuto,1.38,3.05,2026-08-08T03:42:46Z
2026-08-08T03:43:35+00:00,Grosvenor,h2h,carol foro,giovanna canuto,1.33,2.88,2026-08-08T03:43:08Z
2026-08-08T03:43:35+00:00,LiveScore Bet,h2h,carol foro,giovanna canuto,1.38,3.05,2026-08-08T03:43:19Z
2026-08-08T03:43:35+00:00,BetUS,h2h,carol foro,giovanna canuto,1.4,3.07,2026-08-08T03:43:28Z
2026-08-08T03:43:35+00:00,BetAnything,h2h,carol foro,giovanna canuto,1.42,2.9,2026-08-08T03:43:29Z
2026-08-08T03:43:35+00:00,888sport,h2h,carol foro,giovanna canuto,1.4,2.95,2026-08-08T03:43:28Z
2026-08-08T03:43:35+00:00,Matchbook,h2h,carol foro,giovanna canuto,1.42,3.05,2026-08-08T03:43:28Z
2026-08-08T03:43:35+00:00,Pinnacle,h2h,carol foro,giovanna canuto,1.41,3.07,2026-08-08T03:43:28Z
2026-08-08T03:43:35+00:00,BetOnline.ag,h2h,charles johnson,jose ochoa,3.89,1.28,2026-08-08T03:42:33Z
2026-08-08T03:43:35+00:00,Pinnacle,h2h,charles johnson,jose ochoa,3.67,1.31,2026-08-08T03:43:28Z
2026-08-08T03:43:35+00:00,1xBet,h2h,charles johnson,jose ochoa,3.69,1.3,2026-08-08T03:43:28Z
2026-08-08T03:43:35+00:00,Betsson,h2h,charles johnson,jose ochoa,3.75,1.25,2026-08-08T03:43:21Z
2026-08-08T03:43:35+00:00,Nordic Bet,h2h,charles johnson,jose ochoa,3.75,1.25,2026-08-08T03:43:01Z
2026-08-08T03:43:35+00:00,DraftKings,h2h,charles johnson,jose ochoa,3.6,1.31,2026-08-08T03:43:30Z
2026-08-08T03:43:35+00:00,Betclic (FR),h2h,charles johnson,jose ochoa,3.7,1.24,2026-08-08T03:43:33Z
2026-08-08T03:43:35+00:00,BetRivers,h2h,charles johnson,jose ochoa,3.8,1.26,2026-08-08T03:43:08Z
2026-08-08T03:43:35+00:00,Virgin Bet,h2h,charles johnson,jose ochoa,3.8,1.26,2026-08-08T03:42:46Z
2026-08-08T03:43:35+00:00,Grosvenor,h2h,charles johnson,jose ochoa,3.65,1.21,2026-08-08T03:43:08Z
2026-08-08T03:43:35+00:00,LiveScore Bet,h2h,charles johnson,jose ochoa,3.8,1.26,2026-08-08T03:43:19Z
2026-08-08T03:43:35+00:00,Coolbet,h2h,charles johnson,jose ochoa,3.7,1.3,2026-08-08T03:43:23Z
2026-08-08T03:43:35+00:00,BetOnline.ag,h2h,chidi njokuani,joel alvarez,3.19,1.38,2026-08-08T03:42:33Z
2026-08-08T03:43:35+00:00,DraftKings,h2h,chidi njokuani,joel alvarez,3.1,1.39,2026-08-08T03:43:30Z
2026-08-08T03:43:35+00:00,Nordic Bet,h2h,chidi njokuani,joel alvarez,2.85,1.4,2026-08-08T03:43:01Z
2026-08-08T03:43:35+00:00,Betsson,h2h,chidi njokuani,joel alvarez,2.85,1.4,2026-08-08T03:43:21Z
2026-08-08T03:43:35+00:00,1xBet,h2h,chidi njokuani,joel alvarez,3.3,1.41,2026-08-08T03:43:28Z
2026-08-08T03:43:35+00:00,BetRivers,h2h,chidi njokuani,joel alvarez,2.95,1.4,2026-08-08T03:43:08Z
2026-08-08T03:43:35+00:00,Virgin Bet,h2h,chidi njokuani,joel alvarez,2.95,1.4,2026-08-08T03:42:46Z
2026-08-08T03:43:35+00:00,Grosvenor,h2h,chidi njokuani,joel alvarez,2.8,1.35,2026-08-08T03:43:08Z
2026-08-08T03:43:35+00:00,LiveScore Bet,h2h,chidi njokuani,joel alvarez,2.95,1.4,2026-08-08T03:43:19Z
2026-08-08T03:43:35+00:00,888sport,h2h,chidi njokuani,joel alvarez,3.05,1.36,2026-08-08T03:43:28Z
2026-08-08T03:43:35+00:00,Coolbet,h2h,chidi njokuani,joel alvarez,3.05,1.4,2026-08-08T03:43:23Z
2026-08-08T03:43:35+00:00,Unibet (UK),h2h,chidi njokuani,joel alvarez,3.0,1.36,2026-08-08T03:42:48Z
2026-08-08T03:43:35+00:00,BetOnline.ag,h2h,ciryl gane,josh hokit,1.4,3.1,2026-08-08T03:42:33Z
2026-08-08T03:43:35+00:00,BetOnline.ag,h2h,ciryl gane,tom aspinall,2.05,1.8,2026-08-08T03:42:33Z
2026-08-08T03:43:35+00:00,BetOnline.ag,h2h,conor mcgregor,jorge masvidal,1.69,2.25,2026-08-08T03:42:33Z
2026-08-08T03:43:35+00:00,BetOnline.ag,h2h,conor mcgregor,paddy pimblett,2.3,1.67,2026-08-08T03:42:33Z
2026-08-08T03:43:35+00:00,BetOnline.ag,h2h,darren elkins,yadier delvalle,6.71,1.12,2026-08-08T03:42:33Z
2026-08-08T03:43:35+00:00,1xBet,h2h,darren elkins,yadier delvalle,6.6,1.11,2026-08-08T03:43:28Z
2026-08-08T03:43:35+00:00,Pinnacle,h2h,darren elkins,yadier delvalle,6.99,1.12,2026-08-08T03:43:28Z
2026-08-08T03:43:35+00:00,BetUS,h2h,darren elkins,yadier delvalle,6.35,1.12,2026-08-08T03:43:28Z
2026-08-08T03:43:35+00:00,Unibet (UK),h2h,darren elkins,yadier delvalle,6.5,1.12,2026-08-08T03:42:48Z
2026-08-08T03:43:35+00:00,888sport,h2h,darren elkins,yadier delvalle,6.7,1.1,2026-08-08T03:43:28Z
2026-08-08T03:43:35+00:00,Nordic Bet,h2h,darren elkins,yadier delvalle,7.0,1.11,2026-08-08T03:43:01Z
2026-08-08T03:43:35+00:00,Betsson,h2h,darren elkins,yadier delvalle,7.0,1.11,2026-08-08T03:43:21Z
2026-08-08T03:43:35+00:00,DraftKings,h2h,darren elkins,yadier delvalle,6.75,1.12,2026-08-08T03:43:30Z
2026-08-08T03:43:35+00:00,Coolbet,h2h,darren elkins,yadier delvalle,6.75,1.12,2026-08-08T03:43:23Z
2026-08-08T03:43:35+00:00,LiveScore Bet,h2h,darren elkins,yadier delvalle,6.5,1.11,2026-08-08T03:43:19Z
2026-08-08T03:43:35+00:00,Virgin Bet,h2h,darren elkins,yadier delvalle,6.5,1.11,2026-08-08T03:42:46Z
2026-08-08T03:43:35+00:00,BetRivers,h2h,darren elkins,yadier delvalle,6.5,1.11,2026-08-08T03:43:08Z
2026-08-08T03:43:35+00:00,Grosvenor,h2h,darren elkins,yadier delvalle,6.0,1.07,2026-08-08T03:43:08Z
2026-08-08T03:43:35+00:00,FanDuel,h2h,darren elkins,yadier delvalle,6.3,1.13,2026-08-08T03:43:29Z
2026-08-08T03:43:35+00:00,Paddy Power,h2h,darren elkins,yadier delvalle,5.5,1.14,2026-08-08T03:42:46Z
2026-08-08T03:43:35+00:00,Bovada,h2h,darren elkins,yadier delvalle,6.75,1.12,2026-08-08T03:39:38Z
2026-08-08T03:43:35+00:00,Betclic (FR),h2h,darren elkins,yadier delvalle,6.6,1.08,2026-08-08T03:43:33Z
2026-08-08T03:43:35+00:00,Betway,h2h,darren elkins,yadier delvalle,6.0,1.12,2026-08-08T03:42:58Z
2026-08-08T03:43:35+00:00,Betfair,h2h,darren elkins,yadier delvalle,6.8,1.15,2026-08-08T03:43:19Z
2026-08-08T03:43:35+00:00,Betfair,h2h,darren elkins,yadier delvalle,6.8,1.15,2026-08-08T03:43:28Z
2026-08-08T03:43:35+00:00,PMU (FR),h2h,darren elkins,yadier delvalle,6.5,1.11,2026-08-08T03:42:35Z
2026-08-08T03:43:35+00:00,BetAnything,h2h,darren elkins,yadier delvalle,5.75,1.12,2026-08-08T03:43:29Z
2026-08-08T03:43:35+00:00,Winamax (FR),h2h,darren elkins,yadier delvalle,5.8,1.1,2026-08-08T03:42:59Z
2026-08-08T03:43:35+00:00,Matchbook,h2h,darren elkins,yadier delvalle,7.4,1.15,2026-08-08T03:43:28Z
2026-08-08T03:43:35+00:00,Unibet (FR),h2h,darren elkins,yadier delvalle,6.1,1.09,2026-08-08T03:42:57Z
2026-08-08T03:43:35+00:00,BetOnline.ag,h2h,darren till,yoel romero,1.57,2.35,2026-08-08T03:42:33Z
2026-08-08T03:43:35+00:00,BetOnline.ag,h2h,donte johnson,eric mcconico,1.39,3.11,2026-08-08T03:42:33Z
2026-08-08T03:43:35+00:00,1xBet,h2h,donte johnson,eric mcconico,1.49,2.95,2026-08-08T03:43:28Z
2026-08-08T03:43:35+00:00,Pinnacle,h2h,donte johnson,eric mcconico,1.41,3.04,2026-08-08T03:43:28Z
2026-08-08T03:43:35+00:00,Unibet (UK),h2h,donte johnson,eric mcconico,1.36,2.95,2026-08-08T03:42:48Z
2026-08-08T03:43:35+00:00,Nordic Bet,h2h,donte johnson,eric mcconico,1.4,2.9,2026-08-08T03:43:01Z
2026-08-08T03:43:35+00:00,Betsson,h2h,donte johnson,eric mcconico,1.4,2.9,2026-08-08T03:43:21Z
2026-08-08T03:43:35+00:00,DraftKings,h2h,donte johnson,eric mcconico,1.41,3.0,2026-08-08T03:43:30Z
2026-08-08T03:43:35+00:00,BetRivers,h2h,donte johnson,eric mcconico,1.4,2.95,2026-08-08T03:43:08Z
2026-08-08T03:43:35+00:00,Virgin Bet,h2h,donte johnson,eric mcconico,1.4,2.95,2026-08-08T03:42:46Z
2026-08-08T03:43:35+00:00,Grosvenor,h2h,donte johnson,eric mcconico,1.35,2.8,2026-08-08T03:43:08Z
2026-08-08T03:43:35+00:00,LiveScore Bet,h2h,donte johnson,eric mcconico,1.4,2.95,2026-08-08T03:43:19Z
2026-08-08T03:43:35+00:00,Coolbet,h2h,donte johnson,eric mcconico,1.42,3.0,2026-08-08T03:43:23Z
2026-08-08T03:43:35+00:00,FanDuel,h2h,dovletdzhan yagshimuradov,simeon powell,9.2,1.04,2026-08-08T03:41:10Z
2026-08-08T03:43:35+00:00,Winamax (FR),h2h,dovletdzhan yagshimuradov,simeon powell,14.0,1.02,2026-08-08T03:40:50Z
2026-08-08T03:43:35+00:00,Grosvenor,h2h,dovletdzhan yagshimuradov,simeon powell,15.0,1.01,2026-08-08T03:43:08Z
2026-08-08T03:43:35+00:00,BetOnline.ag,h2h,dustin stoltzfus,mansur abdul-malik,5.15,1.18,2026-08-08T03:42:33Z
2026-08-08T03:43:35+00:00,1xBet,h2h,dustin stoltzfus,mansur abdul-malik,5.19,1.22,2026-08-08T03:43:28Z
2026-08-08T03:43:35+00:00,Pinnacle,h2h,dustin stoltzfus,mansur abdul-malik,5.13,1.19,2026-08-08T03:43:28Z
2026-08-08T03:43:35+00:00,Unibet (UK),h2h,dustin stoltzfus,mansur abdul-malik,4.75,1.16,2026-08-08T03:42:48Z
2026-08-08T03:43:35+00:00,Winamax (FR),h2h,dustin stoltzfus,mansur abdul-malik,4.2,1.14,2026-08-08T03:42:59Z
2026-08-08T03:43:35+00:00,Betsson,h2h,dustin stoltzfus,mansur abdul-malik,5.0,1.15,2026-08-08T03:43:21Z
2026-08-08T03:43:35+00:00,Nordic Bet,h2h,dustin stoltzfus,mansur abdul-malik,5.0,1.15,2026-08-08T03:43:01Z
2026-08-08T03:43:35+00:00,DraftKings,h2h,dustin stoltzfus,mansur abdul-malik,5.1,1.18,2026-08-08T03:43:30Z
2026-08-08T03:43:35+00:00,Betclic (FR),h2h,dustin stoltzfus,mansur abdul-malik,4.85,1.15,2026-08-08T03:43:33Z
2026-08-08T03:43:35+00:00,BetRivers,h2h,dustin stoltzfus,mansur abdul-malik,5.2,1.16,2026-08-08T03:43:08Z
2026-08-08T03:43:35+00:00,Virgin Bet,h2h,dustin stoltzfus,mansur abdul-malik,5.2,1.16,2026-08-08T03:42:46Z
2026-08-08T03:43:35+00:00,Grosvenor,h2h,dustin stoltzfus,mansur abdul-malik,4.8,1.12,2026-08-08T03:43:08Z
2026-08-08T03:43:35+00:00,LiveScore Bet,h2h,dustin stoltzfus,mansur abdul-malik,5.2,1.16,2026-08-08T03:43:19Z
2026-08-08T03:43:35+00:00,Coolbet,h2h,dustin stoltzfus,mansur abdul-malik,5.15,1.18,2026-08-08T03:43:23Z
2026-08-08T03:43:35+00:00,BetOnline.ag,h2h,edson barboza,esteban ribovics,4.16,1.25,2026-08-08T03:42:33Z
2026-08-08T03:43:35+00:00,1xBet,h2h,edson barboza,esteban ribovics,4.25,1.29,2026-08-08T03:43:28Z
2026-08-08T03:43:35+00:00,Pinnacle,h2h,edson barboza,esteban ribovics,4.18,1.25,2026-08-08T03:43:28Z
2026-08-08T03:43:35+00:00,Unibet (UK),h2h,edson barboza,esteban ribovics,3.9,1.22,2026-08-08T03:42:48Z
2026-08-08T03:43:35+00:00,888sport,h2h,edson barboza,esteban ribovics,4.2,1.22,2026-08-08T03:43:28Z
2026-08-08T03:43:35+00:00,DraftKings,h2h,edson barboza,esteban ribovics,4.1,1.25,2026-08-08T03:43:30Z
2026-08-08T03:43:35+00:00,Betclic (FR),h2h,edson barboza,esteban ribovics,4.0,1.21,2026-08-08T03:43:33Z
2026-08-08T03:43:35+00:00,Grosvenor,h2h,edson barboza,esteban ribovics,4.0,1.18,2026-08-08T03:43:08Z
2026-08-08T03:43:35+00:00,LiveScore Bet,h2h,edson barboza,esteban ribovics,4.25,1.22,2026-08-08T03:43:19Z
2026-08-08T03:43:35+00:00,Virgin Bet,h2h,edson barboza,esteban ribovics,4.25,1.22,2026-08-08T03:42:46Z
2026-08-08T03:43:35+00:00,BetRivers,h2h,edson barboza,esteban ribovics,4.25,1.22,2026-08-08T03:43:08Z
2026-08-08T03:43:35+00:00,Coolbet,h2h,edson barboza,esteban ribovics,4.15,1.25,2026-08-08T03:43:23Z
2026-08-08T03:43:35+00:00,Winamax (FR),h2h,edson barboza,esteban ribovics,3.55,1.2,2026-08-08T03:42:59Z
2026-08-08T03:43:35+00:00,BetOnline.ag,h2h,gable steveson,sean sharaf,1.07,7.0,2026-08-08T03:42:33Z
2026-08-08T03:43:35+00:00,DraftKings,h2h,gable steveson,sean sharaf,1.09,8.0,2026-08-08T03:43:30Z
2026-08-08T03:43:35+00:00,1xBet,h2h,gable steveson,sean sharaf,1.09,7.55,2026-08-08T03:43:28Z
2026-08-08T03:43:35+00:00,FanDuel,h2h,gianni vazquez,miles johns,2.42,1.6,2026-08-08T03:43:29Z
2026-08-08T03:43:35+00:00,Paddy Power,h2h,gianni vazquez,miles johns,2.38,1.57,2026-08-08T03:42:46Z
2026-08-08T03:43:35+00:00,Betfair Sportsbook,h2h,gianni vazquez,miles johns,2.38,1.57,2026-08-08T03:43:18Z
2026-08-08T03:43:35+00:00,1xBet,h2h,gianni vazquez,miles johns,2.3,1.62,2026-08-08T03:43:28Z
2026-08-08T03:43:35+00:00,BetOnline.ag,h2h,gianni vazquez,miles johns,2.49,1.59,2026-08-08T03:42:33Z
2026-08-08T03:43:35+00:00,Betway,h2h,gianni vazquez,miles johns,2.4,1.57,2026-08-08T03:42:58Z
2026-08-08T03:43:35+00:00,Pinnacle,h2h,gianni vazquez,miles johns,2.42,1.61,2026-08-08T03:43:28Z
2026-08-08T03:43:35+00:00,Unibet (UK),h2h,gianni vazquez,miles johns,2.45,1.56,2026-08-08T03:42:48Z
2026-08-08T03:43:35+00:00,BetRivers,h2h,gianni vazquez,miles johns,2.38,1.57,2026-08-08T03:43:08Z
2026-08-08T03:43:35+00:00,Virgin Bet,h2h,gianni vazquez,miles johns,2.38,1.58,2026-08-08T03:42:46Z
2026-08-08T03:43:35+00:00,Grosvenor,h2h,gianni vazquez,miles johns,2.25,1.51,2026-08-08T03:43:08Z
2026-08-08T03:43:35+00:00,LiveScore Bet,h2h,gianni vazquez,miles johns,2.38,1.58,2026-08-08T03:43:19Z
2026-08-08T03:43:35+00:00,BetAnything,h2h,gianni vazquez,miles johns,2.4,1.59,2026-08-08T03:43:29Z
2026-08-08T03:43:35+00:00,Coolbet,h2h,gianni vazquez,miles johns,2.35,1.63,2026-08-08T03:43:23Z
2026-08-08T03:43:35+00:00,Betfair,h2h,gianni vazquez,miles johns,2.24,1.55,2026-08-08T03:43:19Z
2026-08-08T03:43:35+00:00,Betfair,h2h,gianni vazquez,miles johns,2.24,1.55,2026-08-08T03:43:28Z
2026-08-08T03:43:35+00:00,Matchbook,h2h,gianni vazquez,miles johns,2.5,1.56,2026-08-08T03:43:28Z
2026-08-08T03:43:35+00:00,DraftKings,h2h,gillian robertson,mackenzie dern,3.0,1.41,2026-08-08T03:43:30Z
2026-08-08T03:43:35+00:00,Betclic (FR),h2h,gillian robertson,mackenzie dern,2.97,1.34,2026-08-08T03:43:33Z
2026-08-08T03:43:35+00:00,BetOnline.ag,h2h,gillian robertson,mackenzie dern,3.07,1.4,2026-08-08T03:42:33Z
2026-08-08T03:43:35+00:00,1xBet,h2h,gillian robertson,mackenzie dern,2.95,1.44,2026-08-08T03:43:28Z
2026-08-08T03:43:35+00:00,FanDuel,h2h,gillian robertson,mackenzie dern,3.0,1.38,2026-08-08T03:43:29Z
2026-08-08T03:43:35+00:00,Paddy Power,h2h,gillian robertson,mackenzie dern,2.88,1.4,2026-08-08T03:42:46Z
2026-08-08T03:43:35+00:00,LiveScore Bet,h2h,gillian robertson,mackenzie dern,2.88,1.42,2026-08-08T03:43:19Z
2026-08-08T03:43:35+00:00,Grosvenor,h2h,gillian robertson,mackenzie dern,2.7,1.36,2026-08-08T03:43:08Z
2026-08-08T03:43:35+00:00,Virgin Bet,h2h,gillian robertson,mackenzie dern,2.88,1.42,2026-08-08T03:42:46Z
2026-08-08T03:43:35+00:00,Winamax (FR),h2h,gillian robertson,mackenzie dern,2.85,1.36,2026-08-08T03:42:59Z
2026-08-08T03:43:35+00:00,Marathon Bet,h2h,gillian robertson,mackenzie dern,2.86,1.4,2026-08-08T03:42:58Z
2026-08-08T03:43:35+00:00,Pinnacle,h2h,gillian robertson,mackenzie dern,3.01,1.42,2026-08-08T03:43:28Z
2026-08-08T03:43:35+00:00,Coolbet,h2h,gillian robertson,mackenzie dern,2.9,1.44,2026-08-08T03:43:23Z
2026-08-08T03:43:35+00:00,Unibet (FR),h2h,gillian robertson,mackenzie dern,2.7,1.33,2026-08-08T03:42:57Z
2026-08-08T03:43:35+00:00,Unibet (UK),h2h,gillian robertson,mackenzie dern,2.9,1.38,2026-08-08T03:42:48Z
2026-08-08T03:43:35+00:00,BetRivers,h2h,gillian robertson,mackenzie dern,2.88,1.42,2026-08-08T03:43:08Z
2026-08-08T03:43:35+00:00,888sport,h2h,gillian robertson,mackenzie dern,2.95,1.4,2026-08-08T03:43:28Z
2026-08-08T03:43:35+00:00,BetOnline.ag,h2h,guilherme pat,steven asplund,3.52,1.32,2026-08-08T03:42:33Z
2026-08-08T03:43:35+00:00,1xBet,h2h,guilherme pat,steven asplund,3.26,1.32,2026-08-08T03:43:28Z
2026-08-08T03:43:35+00:00,Pinnacle,h2h,guilherme pat,steven asplund,3.47,1.34,2026-08-08T03:43:28Z
2026-08-08T03:43:35+00:00,BetUS,h2h,guilherme pat,steven asplund,3.54,1.32,2026-08-08T03:43:28Z
2026-08-08T03:43:35+00:00,Unibet (UK),h2h,guilherme pat,steven asplund,3.45,1.32,2026-08-08T03:42:48Z
2026-08-08T03:43:35+00:00,888sport,h2h,guilherme pat,steven asplund,3.4,1.3,2026-08-08T03:43:28Z
2026-08-08T03:43:35+00:00,Nordic Bet,h2h,guilherme pat,steven asplund,3.35,1.34,2026-08-08T03:43:01Z
2026-08-08T03:43:35+00:00,Betsson,h2h,guilherme pat,steven asplund,3.35,1.34,2026-08-08T03:43:21Z
2026-08-08T03:43:35+00:00,DraftKings,h2h,guilherme pat,steven asplund,3.4,1.34,2026-08-08T03:43:30Z
2026-08-08T03:43:35+00:00,Grosvenor,h2h,guilherme pat,steven asplund,3.2,1.27,2026-08-08T03:43:08Z
2026-08-08T03:43:35+00:00,Virgin Bet,h2h,guilherme pat,steven asplund,3.4,1.32,2026-08-08T03:42:46Z
2026-08-08T03:43:35+00:00,BetRivers,h2h,guilherme pat,steven asplund,3.4,1.32,2026-08-08T03:43:08Z
2026-08-08T03:43:35+00:00,LiveScore Bet,h2h,guilherme pat,steven asplund,3.4,1.32,2026-08-08T03:43:19Z
2026-08-08T03:43:35+00:00,Coolbet,h2h,guilherme pat,steven asplund,3.45,1.33,2026-08-08T03:43:23Z
2026-08-08T03:43:35+00:00,FanDuel,h2h,guilherme pat,steven asplund,3.4,1.34,2026-08-08T03:43:29Z
2026-08-08T03:43:35+00:00,Betfair Sportsbook,h2h,guilherme pat,steven asplund,3.25,1.33,2026-08-08T03:43:18Z
2026-08-08T03:43:35+00:00,Paddy Power,h2h,guilherme pat,steven asplund,3.25,1.33,2026-08-08T03:42:46Z
2026-08-08T03:43:35+00:00,Bovada,h2h,guilherme pat,steven asplund,3.55,1.32,2026-08-08T03:39:38Z
2026-08-08T03:43:35+00:00,Betway,h2h,guilherme pat,steven asplund,3.1,1.36,2026-08-08T03:42:58Z
2026-08-08T03:43:35+00:00,Betfair,h2h,guilherme pat,steven asplund,3.55,1.36,2026-08-08T03:43:19Z
2026-08-08T03:43:35+00:00,Betfair,h2h,guilherme pat,steven asplund,3.55,1.36,2026-08-08T03:43:28Z
2026-08-08T03:43:35+00:00,BetAnything,h2h,guilherme pat,steven asplund,3.4,1.32,2026-08-08T03:43:29Z
2026-08-08T03:43:35+00:00,Matchbook,h2h,guilherme pat,steven asplund,3.6,1.37,2026-08-08T03:43:28Z
2026-08-08T03:43:35+00:00,DraftKings,h2h,ian garry,islam makhachev,3.75,1.29,2026-08-08T03:43:30Z
2026-08-08T03:43:35+00:00,Betclic (FR),h2h,ian garry,islam makhachev,3.9,1.22,2026-08-08T03:43:33Z
2026-08-08T03:43:35+00:00,BetOnline.ag,h2h,ian garry,islam makhachev,4.03,1.26,2026-08-08T03:42:33Z
2026-08-08T03:43:35+00:00,FanDuel,h2h,ian garry,islam makhachev,3.8,1.26,2026-08-08T03:43:29Z
2026-08-08T03:43:35+00:00,Paddy Power,h2h,ian garry,islam makhachev,3.5,1.29,2026-08-08T03:42:46Z
2026-08-08T03:43:35+00:00,1xBet,h2h,ian garry,islam makhachev,4.55,1.21,2026-08-08T03:43:28Z
2026-08-08T03:43:35+00:00,Winamax (FR),h2h,ian garry,islam makhachev,3.65,1.23,2026-08-08T03:42:59Z
2026-08-08T03:43:35+00:00,Virgin Bet,h2h,ian garry,islam makhachev,3.7,1.28,2026-08-08T03:42:46Z
2026-08-08T03:43:35+00:00,LiveScore Bet,h2h,ian garry,islam makhachev,3.7,1.28,2026-08-08T03:43:19Z
2026-08-08T03:43:35+00:00,Grosvenor,h2h,ian garry,islam makhachev,3.45,1.24,2026-08-08T03:43:08Z
2026-08-08T03:43:35+00:00,Pinnacle,h2h,ian garry,islam makhachev,3.81,1.29,2026-08-08T03:43:28Z
2026-08-08T03:43:35+00:00,Coolbet,h2h,ian garry,islam makhachev,3.7,1.3,2026-08-08T03:43:23Z
2026-08-08T03:43:35+00:00,BetRivers,h2h,ian garry,islam makhachev,3.7,1.28,2026-08-08T03:43:08Z
2026-08-08T03:43:35+00:00,888sport,h2h,ian garry,islam makhachev,3.6,1.29,2026-08-08T03:43:28Z
2026-08-08T03:43:35+00:00,Betfair,h2h,ian garry,islam makhachev,3.85,1.33,2026-08-08T03:43:28Z
2026-08-08T03:43:35+00:00,Betfair,h2h,ian garry,islam makhachev,3.85,1.33,2026-08-08T03:43:19Z
2026-08-08T03:43:35+00:00,Matchbook,h2h,ian garry,islam makhachev,3.9,1.33,2026-08-08T03:43:28Z
2026-08-08T03:43:35+00:00,BetOnline.ag,h2h,ilia topuria,justin gaethje,1.4,3.1,2026-08-08T03:42:33Z
2026-08-08T03:43:35+00:00,BetOnline.ag,h2h,islam makhachev,kamaru usman,1.3,3.7,2026-08-08T03:42:33Z
2026-08-08T03:43:35+00:00,BetOnline.ag,h2h,jalin turner,kaue fernandes,1.65,2.35,2026-08-08T03:42:33Z
2026-08-08T03:43:35+00:00,1xBet,h2h,jalin turner,kaue fernandes,1.61,2.14,2026-08-08T03:43:28Z
2026-08-08T03:43:35+00:00,Pinnacle,h2h,jalin turner,kaue fernandes,1.69,2.24,2026-08-08T03:43:28Z
2026-08-08T03:43:35+00:00,Unibet (UK),h2h,jalin turner,kaue fernandes,1.6,2.25,2026-08-08T03:42:48Z
2026-08-08T03:43:35+00:00,Betsson,h2h,jalin turner,kaue fernandes,1.65,2.2,2026-08-08T03:43:21Z
2026-08-08T03:43:35+00:00,Nordic Bet,h2h,jalin turner,kaue fernandes,1.65,2.2,2026-08-08T03:43:01Z
2026-08-08T03:43:35+00:00,DraftKings,h2h,jalin turner,kaue fernandes,1.68,2.24,2026-08-08T03:43:30Z
2026-08-08T03:43:35+00:00,BetRivers,h2h,jalin turner,kaue fernandes,1.65,2.23,2026-08-08T03:43:08Z
2026-08-08T03:43:35+00:00,Virgin Bet,h2h,jalin turner,kaue fernandes,1.65,2.23,2026-08-08T03:42:46Z
2026-08-08T03:43:35+00:00,Grosvenor,h2h,jalin turner,kaue fernandes,1.6,2.12,2026-08-08T03:43:08Z
2026-08-08T03:43:35+00:00,LiveScore Bet,h2h,jalin turner,kaue fernandes,1.65,2.23,2026-08-08T03:43:19Z
2026-08-08T03:43:35+00:00,Coolbet,h2h,jalin turner,kaue fernandes,1.65,2.3,2026-08-08T03:43:23Z
2026-08-08T03:43:35+00:00,BetOnline.ag,h2h,jean silva,yair rodriguez,1.29,3.8,2026-08-08T03:42:33Z
2026-08-08T03:43:35+00:00,Betclic (FR),h2h,jean silva,yair rodriguez,1.28,3.3,2026-08-08T03:43:33Z
2026-08-08T03:43:35+00:00,1xBet,h2h,jean silva,yair rodriguez,1.36,3.63,2026-08-08T03:43:28Z
2026-08-08T03:43:35+00:00,DraftKings,h2h,jean silva,yair rodriguez,1.28,3.8,2026-08-08T03:43:30Z
2026-08-08T03:43:35+00:00,Winamax (FR),h2h,jean silva,yair rodriguez,1.28,2.95,2026-08-08T03:42:59Z
2026-08-08T03:43:35+00:00,Virgin Bet,h2h,jean silva,yair rodriguez,1.27,3.75,2026-08-08T03:42:46Z
2026-08-08T03:43:35+00:00,Grosvenor,h2h,jean silva,yair rodriguez,1.23,3.5,2026-08-08T03:43:08Z
2026-08-08T03:43:35+00:00,LiveScore Bet,h2h,jean silva,yair rodriguez,1.27,3.75,2026-08-08T03:43:19Z
2026-08-08T03:43:35+00:00,BetRivers,h2h,jean silva,yair rodriguez,1.27,3.75,2026-08-08T03:43:08Z
2026-08-08T03:43:35+00:00,Betway,h2h,jean silva,yair rodriguez,1.29,3.5,2026-08-08T03:42:58Z
2026-08-08T03:43:35+00:00,BetOnline.ag,h2h,jeremiah wells,myktybek orolbai,5.46,1.17,2026-08-08T03:42:33Z
2026-08-08T03:43:35+00:00,1xBet,h2h,jeremiah wells,myktybek orolbai,5.47,1.21,2026-08-08T03:43:28Z
2026-08-08T03:43:35+00:00,Pinnacle,h2h,jeremiah wells,myktybek orolbai,5.11,1.19,2026-08-08T03:43:28Z
2026-08-08T03:43:35+00:00,Betsson,h2h,jeremiah wells,myktybek orolbai,5.25,1.14,2026-08-08T03:43:21Z
2026-08-08T03:43:35+00:00,Nordic Bet,h2h,jeremiah wells,myktybek orolbai,5.25,1.14,2026-08-08T03:43:01Z
2026-08-08T03:43:35+00:00,DraftKings,h2h,jeremiah wells,myktybek orolbai,5.1,1.18,2026-08-08T03:43:30Z
2026-08-08T03:43:35+00:00,LiveScore Bet,h2h,jeremiah wells,myktybek orolbai,5.3,1.16,2026-08-08T03:43:19Z
2026-08-08T03:43:35+00:00,Virgin Bet,h2h,jeremiah wells,myktybek orolbai,5.3,1.16,2026-08-08T03:42:46Z
2026-08-08T03:43:35+00:00,BetRivers,h2h,jeremiah wells,myktybek orolbai,5.3,1.16,2026-08-08T03:43:08Z
2026-08-08T03:43:35+00:00,Grosvenor,h2h,jeremiah wells,myktybek orolbai,4.9,1.12,2026-08-08T03:43:08Z
2026-08-08T03:43:35+00:00,Coolbet,h2h,jeremiah wells,myktybek orolbai,5.4,1.17,2026-08-08T03:43:23Z
2026-08-08T03:43:35+00:00,BetOnline.ag,h2h,jiri prochazka,magomed ankalaev,2.74,1.5,2026-08-08T03:42:33Z
2026-08-08T03:43:35+00:00,Pinnacle,h2h,jose montanha,louie sutherland,2.7,1.51,2026-08-08T03:43:28Z
2026-08-08T03:43:35+00:00,DraftKings,h2h,jose montanha,louie sutherland,2.64,1.51,2026-08-08T03:43:30Z
2026-08-08T03:43:35+00:00,1xBet,h2h,jose montanha,louie sutherland,2.53,1.5,2026-08-08T03:43:28Z
2026-08-08T03:43:35+00:00,BetUS,h2h,jose montanha,louie sutherland,2.74,1.48,2026-08-08T03:43:28Z
2026-08-08T03:43:35+00:00,BetOnline.ag,h2h,jose montanha,louie sutherland,2.8,1.48,2026-08-08T03:42:33Z
2026-08-08T03:43:35+00:00,Coolbet,h2h,jose montanha,louie sutherland,2.62,1.52,2026-08-08T03:43:23Z
2026-08-08T03:43:35+00:00,Bovada,h2h,jose montanha,louie sutherland,2.68,1.51,2026-08-08T03:39:38Z
2026-08-08T03:43:35+00:00,Unibet (UK),h2h,jose montanha,louie sutherland,2.7,1.48,2026-08-08T03:42:48Z
2026-08-08T03:43:35+00:00,FanDuel,h2h,jose montanha,louie sutherland,2.54,1.54,2026-08-08T03:43:29Z
2026-08-08T03:43:35+00:00,Paddy Power,h2h,jose montanha,louie sutherland,2.5,1.53,2026-08-08T03:42:46Z
2026-08-08T03:43:35+00:00,Betfair Sportsbook,h2h,jose montanha,louie sutherland,2.5,1.53,2026-08-08T03:43:18Z
2026-08-08T03:43:35+00:00,Betway,h2h,jose montanha,louie sutherland,2.5,1.53,2026-08-08T03:42:58Z
2026-08-08T03:43:35+00:00,Betfair,h2h,jose montanha,louie sutherland,2.74,1.51,2026-08-08T03:43:19Z
2026-08-08T03:43:35+00:00,Betfair,h2h,jose montanha,louie sutherland,2.74,1.51,2026-08-08T03:43:28Z
2026-08-08T03:43:35+00:00,BetAnything,h2h,jose montanha,louie sutherland,2.6,1.53,2026-08-08T03:43:29Z
2026-08-08T03:43:35+00:00,Grosvenor,h2h,jose montanha,louie sutherland,2.43,1.45,2026-08-08T03:43:08Z
2026-08-08T03:43:35+00:00,Virgin Bet,h2h,jose montanha,louie sutherland,2.55,1.52,2026-08-08T03:42:46Z
2026-08-08T03:43:35+00:00,BetRivers,h2h,jose montanha,louie sutherland,2.55,1.51,2026-08-08T03:43:08Z
2026-08-08T03:43:35+00:00,LiveScore Bet,h2h,jose montanha,louie sutherland,2.55,1.52,2026-08-08T03:43:19Z
2026-08-08T03:43:35+00:00,Matchbook,h2h,jose montanha,louie sutherland,2.74,1.51,2026-08-08T03:43:28Z
2026-08-08T03:43:35+00:00,BetOnline.ag,h2h,joshua van,manel kape,2.65,1.53,2026-08-08T03:42:33Z
2026-08-08T03:43:35+00:00,BetOnline.ag,h2h,juliana miller,ravena oliveira,1.33,3.49,2026-08-08T03:42:33Z
2026-08-08T03:43:35+00:00,1xBet,h2h,juliana miller,ravena oliveira,1.29,3.42,2026-08-08T03:43:28Z
2026-08-08T03:43:35+00:00,Pinnacle,h2h,juliana miller,ravena oliveira,1.34,3.45,2026-08-08T03:43:28Z
2026-08-08T03:43:35+00:00,BetUS,h2h,juliana miller,ravena oliveira,1.33,3.5,2026-08-08T03:43:28Z
2026-08-08T03:43:35+00:00,Unibet (UK),h2h,juliana miller,ravena oliveira,1.32,3.45,2026-08-08T03:42:48Z
2026-08-08T03:43:35+00:00,888sport,h2h,juliana miller,ravena oliveira,1.3,3.4,2026-08-08T03:43:28Z
2026-08-08T03:43:35+00:00,Betsson,h2h,juliana miller,ravena oliveira,1.32,3.5,2026-08-08T03:43:21Z
2026-08-08T03:43:35+00:00,Nordic Bet,h2h,juliana miller,ravena oliveira,1.32,3.5,2026-08-08T03:43:01Z
2026-08-08T03:43:35+00:00,DraftKings,h2h,juliana miller,ravena oliveira,1.34,3.4,2026-08-08T03:43:30Z
2026-08-08T03:43:35+00:00,Grosvenor,h2h,juliana miller,ravena oliveira,1.28,3.15,2026-08-08T03:43:08Z
2026-08-08T03:43:35+00:00,Virgin Bet,h2h,juliana miller,ravena oliveira,1.33,3.35,2026-08-08T03:42:46Z
2026-08-08T03:43:35+00:00,BetRivers,h2h,juliana miller,ravena oliveira,1.33,3.35,2026-08-08T03:43:08Z
2026-08-08T03:43:35+00:00,LiveScore Bet,h2h,juliana miller,ravena oliveira,1.33,3.35,2026-08-08T03:43:19Z
2026-08-08T03:43:35+00:00,Coolbet,h2h,juliana miller,ravena oliveira,1.34,3.37,2026-08-08T03:43:23Z
2026-08-08T03:43:35+00:00,FanDuel,h2h,juliana miller,ravena oliveira,1.33,3.45,2026-08-08T03:43:29Z
2026-08-08T03:43:35+00:00,Betfair Sportsbook,h2h,juliana miller,ravena oliveira,1.33,3.25,2026-08-08T03:43:18Z
2026-08-08T03:43:35+00:00,Paddy Power,h2h,juliana miller,ravena oliveira,1.33,3.25,2026-08-08T03:42:46Z
2026-08-08T03:43:35+00:00,Bovada,h2h,juliana miller,ravena oliveira,1.32,3.55,2026-08-08T03:39:38Z
2026-08-08T03:43:35+00:00,Betway,h2h,juliana miller,ravena oliveira,1.3,3.5,2026-08-08T03:42:58Z
2026-08-08T03:43:35+00:00,Betfair,h2h,juliana miller,ravena oliveira,1.36,3.4,2026-08-08T03:43:19Z
2026-08-08T03:43:35+00:00,Betfair,h2h,juliana miller,ravena oliveira,1.36,3.4,2026-08-08T03:43:28Z
2026-08-08T03:43:35+00:00,BetAnything,h2h,juliana miller,ravena oliveira,1.32,3.4,2026-08-08T03:43:29Z
2026-08-08T03:43:35+00:00,Matchbook,h2h,juliana miller,ravena oliveira,1.36,3.4,2026-08-08T03:43:28Z
2026-08-08T03:43:35+00:00,BetOnline.ag,h2h,khamzat chimaev,paulo henrique costa,1.2,4.75,2026-08-08T03:42:33Z
2026-08-08T03:43:35+00:00,BetOnline.ag,h2h,khamzat chimaev,sean strickland,1.49,2.75,2026-08-08T03:42:33Z
2026-08-08T03:43:35+00:00,BetOnline.ag,h2h,lucas fernando,rafael tobias,1.43,2.92,2026-08-08T03:42:33Z
2026-08-08T03:43:35+00:00,Pinnacle,h2h,lucas fernando,rafael tobias,1.42,3.0,2026-08-08T03:43:28Z
2026-08-08T03:43:35+00:00,1xBet,h2h,lucas fernando,rafael tobias,1.43,2.94,2026-08-08T03:43:28Z
2026-08-08T03:43:35+00:00,Nordic Bet,h2h,lucas fernando,rafael tobias,1.44,2.7,2026-08-08T03:43:01Z
2026-08-08T03:43:35+00:00,Betsson,h2h,lucas fernando,rafael tobias,1.44,2.7,2026-08-08T03:43:21Z
2026-08-08T03:43:35+00:00,DraftKings,h2h,lucas fernando,rafael tobias,1.42,2.95,2026-08-08T03:43:30Z
2026-08-08T03:43:35+00:00,Virgin Bet,h2h,lucas fernando,rafael tobias,1.41,2.9,2026-08-08T03:42:46Z
2026-08-08T03:43:35+00:00,Grosvenor,h2h,lucas fernando,rafael tobias,1.36,2.75,2026-08-08T03:43:08Z
2026-08-08T03:43:35+00:00,LiveScore Bet,h2h,lucas fernando,rafael tobias,1.41,2.9,2026-08-08T03:43:19Z
2026-08-08T03:43:35+00:00,BetRivers,h2h,lucas fernando,rafael tobias,1.41,2.9,2026-08-08T03:43:08Z
2026-08-08T03:43:35+00:00,Coolbet,h2h,lucas fernando,rafael tobias,1.44,2.9,2026-08-08T03:43:23Z
2026-08-08T03:43:35+00:00,Unibet (UK),h2h,lucas fernando,rafael tobias,1.4,2.8,2026-08-08T03:42:48Z
2026-08-08T03:43:35+00:00,BetOnline.ag,h2h,manoel sousa,richie miranda,1.31,3.6,2026-08-08T03:42:33Z
2026-08-08T03:43:35+00:00,1xBet,h2h,manoel sousa,richie miranda,1.32,3.26,2026-08-08T03:43:28Z
2026-08-08T03:43:35+00:00,Unibet (UK),h2h,manoel sousa,richie miranda,1.3,3.5,2026-08-08T03:42:48Z
2026-08-08T03:43:35+00:00,Coolbet,h2h,manoel sousa,richie miranda,1.32,3.54,2026-08-08T03:43:23Z
2026-08-08T03:43:35+00:00,Pinnacle,h2h,manoel sousa,richie miranda,1.34,3.47,2026-08-08T03:43:28Z
2026-08-08T03:43:35+00:00,Betway,h2h,manoel sousa,richie miranda,1.3,3.5,2026-08-08T03:42:58Z
2026-08-08T03:43:35+00:00,FanDuel,h2h,manoel sousa,richie miranda,1.34,3.4,2026-08-08T03:43:29Z
2026-08-08T03:43:35+00:00,Paddy Power,h2h,manoel sousa,richie miranda,1.33,3.25,2026-08-08T03:42:46Z
2026-08-08T03:43:35+00:00,Betfair Sportsbook,h2h,manoel sousa,richie miranda,1.33,3.25,2026-08-08T03:43:18Z
2026-08-08T03:43:35+00:00,Betfair,h2h,manoel sousa,richie miranda,1.37,3.45,2026-08-08T03:43:19Z
2026-08-08T03:43:35+00:00,Betfair,h2h,manoel sousa,richie miranda,1.37,3.45,2026-08-08T03:43:28Z
2026-08-08T03:43:35+00:00,Bovada,h2h,manoel sousa,richie miranda,1.33,3.5,2026-08-08T03:39:38Z
2026-08-08T03:43:35+00:00,Virgin Bet,h2h,manoel sousa,richie miranda,1.32,3.4,2026-08-08T03:42:46Z
2026-08-08T03:43:35+00:00,BetRivers,h2h,manoel sousa,richie miranda,1.32,3.4,2026-08-08T03:43:08Z
2026-08-08T03:43:35+00:00,LiveScore Bet,h2h,manoel sousa,richie miranda,1.32,3.4,2026-08-08T03:43:19Z
2026-08-08T03:43:35+00:00,Grosvenor,h2h,manoel sousa,richie miranda,1.28,3.15,2026-08-08T03:43:08Z
2026-08-08T03:43:35+00:00,BetUS,h2h,manoel sousa,richie miranda,1.34,3.42,2026-08-08T03:43:28Z
2026-08-08T03:43:35+00:00,Nordic Bet,h2h,manoel sousa,richie miranda,1.31,3.6,2026-08-08T03:43:01Z
2026-08-08T03:43:35+00:00,Betsson,h2h,manoel sousa,richie miranda,1.31,3.6,2026-08-08T03:43:21Z
2026-08-08T03:43:35+00:00,888sport,h2h,manoel sousa,richie miranda,1.3,3.4,2026-08-08T03:43:28Z
2026-08-08T03:43:35+00:00,Matchbook,h2h,manoel sousa,richie miranda,1.37,3.65,2026-08-08T03:43:28Z
2026-08-08T03:43:35+00:00,DraftKings,h2h,manoel sousa,richie miranda,1.32,3.5,2026-08-08T03:43:30Z
2026-08-08T03:43:35+00:00,BetAnything,h2h,manoel sousa,richie miranda,1.32,3.35,2026-08-08T03:43:29Z
2026-08-08T03:43:35+00:00,BetOnline.ag,h2h,mateusz gamrot,quillan salkilld,2.12,1.76,2026-08-08T03:42:33Z
2026-08-08T03:43:35+00:00,Winamax (FR),h2h,mateusz gamrot,quillan salkilld,2.0,1.68,2026-08-08T03:42:59Z
2026-08-08T03:43:35+00:00,Betclic (FR),h2h,mateusz gamrot,quillan salkilld,2.1,1.65,2026-08-08T03:43:33Z
2026-08-08T03:43:35+00:00,1xBet,h2h,mateusz gamrot,quillan salkilld,2.16,1.71,2026-08-08T03:43:28Z
2026-08-08T03:43:35+00:00,Pinnacle,h2h,mateusz gamrot,quillan salkilld,2.18,1.74,2026-08-08T03:43:28Z
2026-08-08T03:43:35+00:00,BetUS,h2h,mateusz gamrot,quillan salkilld,2.14,1.74,2026-08-08T03:43:28Z
2026-08-08T03:43:35+00:00,Unibet (UK),h2h,mateusz gamrot,quillan salkilld,2.1,1.75,2026-08-08T03:42:48Z
2026-08-08T03:43:35+00:00,Nordic Bet,h2h,mateusz gamrot,quillan salkilld,2.25,1.67,2026-08-08T03:43:01Z
2026-08-08T03:43:35+00:00,Betsson,h2h,mateusz gamrot,quillan salkilld,2.25,1.67,2026-08-08T03:43:21Z
2026-08-08T03:43:35+00:00,DraftKings,h2h,mateusz gamrot,quillan salkilld,2.14,1.74,2026-08-08T03:43:30Z
2026-08-08T03:43:35+00:00,LiveScore Bet,h2h,mateusz gamrot,quillan salkilld,2.16,1.7,2026-08-08T03:43:19Z
2026-08-08T03:43:35+00:00,Grosvenor,h2h,mateusz gamrot,quillan salkilld,2.07,1.63,2026-08-08T03:43:08Z
2026-08-08T03:43:35+00:00,Virgin Bet,h2h,mateusz gamrot,quillan salkilld,2.16,1.7,2026-08-08T03:42:46Z
2026-08-08T03:43:35+00:00,BetRivers,h2h,mateusz gamrot,quillan salkilld,2.16,1.7,2026-08-08T03:43:08Z
2026-08-08T03:43:35+00:00,Coolbet,h2h,mateusz gamrot,quillan salkilld,2.13,1.75,2026-08-08T03:43:23Z
2026-08-08T03:43:35+00:00,FanDuel,h2h,mateusz gamrot,quillan salkilld,2.22,1.69,2026-08-08T03:43:29Z
2026-08-08T03:43:35+00:00,Paddy Power,h2h,mateusz gamrot,quillan salkilld,2.2,1.67,2026-08-08T03:42:46Z
2026-08-08T03:43:35+00:00,Bovada,h2h,mateusz gamrot,quillan salkilld,2.17,1.72,2026-08-08T03:39:38Z
2026-08-08T03:43:35+00:00,Betway,h2h,mateusz gamrot,quillan salkilld,2.1,1.73,2026-08-08T03:42:58Z
2026-08-08T03:43:35+00:00,Betfair,h2h,mateusz gamrot,quillan salkilld,2.24,1.78,2026-08-08T03:43:19Z
2026-08-08T03:43:35+00:00,Betfair,h2h,mateusz gamrot,quillan salkilld,2.24,1.78,2026-08-08T03:43:28Z
2026-08-08T03:43:35+00:00,PMU (FR),h2h,mateusz gamrot,quillan salkilld,2.16,1.7,2026-08-08T03:42:35Z
2026-08-08T03:43:35+00:00,BetAnything,h2h,mateusz gamrot,quillan salkilld,2.05,1.74,2026-08-08T03:43:29Z
2026-08-08T03:43:35+00:00,Matchbook,h2h,mateusz gamrot,quillan salkilld,2.26,1.78,2026-08-08T03:43:28Z
2026-08-08T03:43:35+00:00,Unibet (FR),h2h,mateusz gamrot,quillan salkilld,2.05,1.68,2026-08-08T03:42:57Z
2026-08-08T03:43:35+00:00,Marathon Bet,h2h,mateusz gamrot,quillan salkilld,2.13,1.68,2026-08-08T03:42:58Z
2026-08-08T03:43:35+00:00,BetOnline.ag,h2h,max holloway,paddy pimblett,1.56,2.55,2026-08-08T03:42:33Z
2026-08-08T03:43:35+00:00,BetOnline.ag,h2h,merab dvalishvili,petr yan,2.5,1.57,2026-08-08T03:42:33Z
2026-08-08T03:43:35+00:00,BetOnline.ag,h2h,nassourdine imavov,sean strickland,1.88,1.94,2026-08-08T03:42:33Z
2026-08-08T03:43:35+00:00,BetOnline.ag,h2h,natalia silva,valentina shevchenko,3.1,1.4,2026-08-08T03:42:33Z
2026-08-08T03:43:35+00:00,BetOnline.ag,h2h,neil magny,ramiz brahimaj,1.91,1.91,2026-08-08T03:42:33Z
2026-08-08T03:43:35+00:00,1xBet,h2h,neil magny,ramiz brahimaj,1.96,1.96,2026-08-08T03:43:28Z
2026-08-08T03:43:35+00:00,Pinnacle,h2h,neil magny,ramiz brahimaj,1.88,1.97,2026-08-08T03:43:28Z
2026-08-08T03:43:35+00:00,888sport,h2h,neil magny,ramiz brahimaj,1.91,1.91,2026-08-08T03:43:28Z
2026-08-08T03:43:35+00:00,Nordic Bet,h2h,neil magny,ramiz brahimaj,1.88,1.88,2026-08-08T03:43:01Z
2026-08-08T03:43:35+00:00,Betsson,h2h,neil magny,ramiz brahimaj,1.88,1.88,2026-08-08T03:43:21Z
2026-08-08T03:43:35+00:00,DraftKings,h2h,neil magny,ramiz brahimaj,1.87,1.95,2026-08-08T03:43:30Z
2026-08-08T03:43:35+00:00,LiveScore Bet,h2h,neil magny,ramiz brahimaj,1.9,1.9,2026-08-08T03:43:19Z
2026-08-08T03:43:35+00:00,Virgin Bet,h2h,neil magny,ramiz brahimaj,1.9,1.9,2026-08-08T03:42:46Z
2026-08-08T03:43:35+00:00,Grosvenor,h2h,neil magny,ramiz brahimaj,1.82,1.82,2026-08-08T03:43:08Z
2026-08-08T03:43:35+00:00,BetRivers,h2h,neil magny,ramiz brahimaj,1.89,1.89,2026-08-08T03:43:08Z
2026-08-08T03:43:35+00:00,Coolbet,h2h,neil magny,ramiz brahimaj,1.92,1.92,2026-08-08T03:43:23Z
2026-08-08T03:43:35+00:00,DraftKings,h2h,robelis despaigne,tai tuivasa,1.2,4.8,2026-08-08T03:43:30Z
2026-08-08T03:43:35+00:00,1xBet,h2h,robelis despaigne,tai tuivasa,1.23,4.66,2026-08-08T03:43:28Z
2026-08-08T03:43:35+00:00,BetOnline.ag,h2h,song yadong,umar nurmagomedov,4.5,1.22,2026-08-08T03:42:33Z
2026-08-08T03:43:35+00:00,Betclic (FR),h2h,song yadong,umar nurmagomedov,4.45,1.17,2026-08-08T03:43:33Z
2026-08-08T03:43:35+00:00,1xBet,h2h,song yadong,umar nurmagomedov,5.19,1.19,2026-08-08T03:43:28Z
2026-08-08T03:43:35+00:00,BetUS,h2h,song yadong,umar nurmagomedov,4.39,1.22,2026-08-08T03:43:28Z
2026-08-08T03:43:35+00:00,DraftKings,h2h,song yadong,umar nurmagomedov,4.5,1.22,2026-08-08T03:43:30Z
2026-08-08T03:43:35+00:00,Betway,h2h,song yadong,umar nurmagomedov,4.5,1.2,2026-08-08T03:42:58Z
2026-08-08T03:43:35+00:00,FanDuel,h2h,song yadong,umar nurmagomedov,4.5,1.19,2026-08-08T03:43:29Z
2026-08-08T03:43:35+00:00,Paddy Power,h2h,song yadong,umar nurmagomedov,4.5,1.2,2026-08-08T03:42:46Z
2026-08-08T03:43:35+00:00,Winamax (FR),h2h,song yadong,umar nurmagomedov,4.0,1.2,2026-08-08T03:42:59Z
2026-08-08T03:43:35+00:00,LiveScore Bet,h2h,song yadong,umar nurmagomedov,4.35,1.21,2026-08-08T03:43:19Z
2026-08-08T03:43:35+00:00,BetRivers,h2h,song yadong,umar nurmagomedov,4.35,1.21,2026-08-08T03:43:08Z
2026-08-08T03:43:35+00:00,Virgin Bet,h2h,song yadong,umar nurmagomedov,4.35,1.21,2026-08-08T03:42:46Z
2026-08-08T03:43:35+00:00,Grosvenor,h2h,song yadong,umar nurmagomedov,4.1,1.17,2026-08-08T03:43:08Z
2026-08-08T03:43:35+00:00,Coolbet,h2h,song yadong,umar nurmagomedov,4.5,1.22,2026-08-08T03:43:23Z
2026-08-08T03:43:35+00:00,BetOnline.ag,h2h,tresean gore,vicente luque,1.83,2.0,2026-08-08T03:42:33Z
2026-08-08T03:43:35+00:00,1xBet,h2h,tresean gore,vicente luque,1.81,2.2,2026-08-08T03:43:28Z
2026-08-08T03:43:35+00:00,Pinnacle,h2h,tresean gore,vicente luque,1.71,2.19,2026-08-08T03:43:28Z
2026-08-08T03:43:35+00:00,Unibet (UK),h2h,tresean gore,vicente luque,1.78,1.98,2026-08-08T03:42:48Z
2026-08-08T03:43:35+00:00,Nordic Bet,h2h,tresean gore,vicente luque,1.7,2.1,2026-08-08T03:43:01Z
2026-08-08T03:43:35+00:00,Betsson,h2h,tresean gore,vicente luque,1.7,2.1,2026-08-08T03:43:21Z
2026-08-08T03:43:35+00:00,DraftKings,h2h,tresean gore,vicente luque,1.7,2.2,2026-08-08T03:43:30Z
2026-08-08T03:43:35+00:00,Grosvenor,h2h,tresean gore,vicente luque,1.7,1.96,2026-08-08T03:43:08Z
2026-08-08T03:43:35+00:00,LiveScore Bet,h2h,tresean gore,vicente luque,1.76,2.07,2026-08-08T03:43:19Z
2026-08-08T03:43:35+00:00,BetRivers,h2h,tresean gore,vicente luque,1.76,2.07,2026-08-08T03:43:08Z
2026-08-08T03:43:35+00:00,Virgin Bet,h2h,tresean gore,vicente luque,1.76,2.07,2026-08-08T03:42:46Z
2026-08-08T03:43:35+00:00,Coolbet,h2h,tresean gore,vicente luque,1.77,2.1,2026-08-08T03:43:23Z
2026-08-08T03:43:39+00:00,BetOnline.ag,h2h,alex pereira,josh hokit,2.4,1.62,2026-08-08T03:42:33Z
2026-08-08T03:43:39+00:00,DraftKings,h2h,alexandre pantoja,joshua van,1.85,1.98,2026-08-08T03:43:30Z
2026-08-08T03:43:39+00:00,Betclic (FR),h2h,alexandre pantoja,joshua van,1.85,1.85,2026-08-08T03:43:33Z
2026-08-08T03:43:39+00:00,1xBet,h2h,alexandre pantoja,joshua van,1.96,1.96,2026-08-08T03:43:28Z
2026-08-08T03:43:39+00:00,BetRivers,h2h,alexandre pantoja,joshua van,1.83,1.97,2026-08-08T03:43:08Z
2026-08-08T03:43:39+00:00,Virgin Bet,h2h,alexandre pantoja,joshua van,1.83,1.98,2026-08-08T03:42:46Z
2026-08-08T03:43:39+00:00,Grosvenor,h2h,alexandre pantoja,joshua van,1.75,1.88,2026-08-08T03:43:08Z
2026-08-08T03:43:39+00:00,LiveScore Bet,h2h,alexandre pantoja,joshua van,1.83,1.98,2026-08-08T03:43:19Z
2026-08-08T03:43:39+00:00,Winamax (FR),h2h,alexandre pantoja,joshua van,1.74,1.84,2026-08-08T03:42:59Z
2026-08-08T03:43:39+00:00,BetOnline.ag,h2h,alexia thainara,amanda lemos,1.38,3.15,2026-08-08T03:42:33Z
2026-08-08T03:43:39+00:00,1xBet,h2h,alexia thainara,amanda lemos,1.37,3.15,2026-08-08T03:43:28Z
2026-08-08T03:43:39+00:00,Pinnacle,h2h,alexia thainara,amanda lemos,1.4,3.15,2026-08-08T03:43:28Z
2026-08-08T03:43:39+00:00,BetUS,h2h,alexia thainara,amanda lemos,1.38,3.14,2026-08-08T03:43:28Z
2026-08-08T03:43:39+00:00,Unibet (UK),h2h,alexia thainara,amanda lemos,1.36,3.15,2026-08-08T03:42:48Z
2026-08-08T03:43:39+00:00,Nordic Bet,h2h,alexia thainara,amanda lemos,1.35,3.35,2026-08-08T03:43:01Z
2026-08-08T03:43:39+00:00,Betsson,h2h,alexia thainara,amanda lemos,1.35,3.35,2026-08-08T03:43:21Z
2026-08-08T03:43:39+00:00,DraftKings,h2h,alexia thainara,amanda lemos,1.38,3.15,2026-08-08T03:43:30Z
2026-08-08T03:43:39+00:00,Virgin Bet,h2h,alexia thainara,amanda lemos,1.37,3.1,2026-08-08T03:42:46Z
2026-08-08T03:43:39+00:00,LiveScore Bet,h2h,alexia thainara,amanda lemos,1.37,3.1,2026-08-08T03:43:19Z
2026-08-08T03:43:39+00:00,BetRivers,h2h,alexia thainara,amanda lemos,1.36,3.1,2026-08-08T03:43:08Z
2026-08-08T03:43:39+00:00,Grosvenor,h2h,alexia thainara,amanda lemos,1.33,2.9,2026-08-08T03:43:08Z
2026-08-08T03:43:39+00:00,Coolbet,h2h,alexia thainara,amanda lemos,1.37,3.22,2026-08-08T03:43:23Z
2026-08-08T03:43:39+00:00,FanDuel,h2h,alexia thainara,amanda lemos,1.4,3.05,2026-08-08T03:43:29Z
2026-08-08T03:43:39+00:00,Betfair Sportsbook,h2h,alexia thainara,amanda lemos,1.4,2.88,2026-08-08T03:43:18Z
2026-08-08T03:43:39+00:00,Paddy Power,h2h,alexia thainara,amanda lemos,1.4,2.88,2026-08-08T03:42:46Z
2026-08-08T03:43:39+00:00,Bovada,h2h,alexia thainara,amanda lemos,1.38,3.15,2026-08-08T03:39:38Z
2026-08-08T03:43:39+00:00,Betclic (FR),h2h,alexia thainara,amanda lemos,1.32,3.1,2026-08-08T03:43:33Z
2026-08-08T03:43:39+00:00,Betway,h2h,alexia thainara,amanda lemos,1.36,3.1,2026-08-08T03:42:58Z
2026-08-08T03:43:39+00:00,Betfair,h2h,alexia thainara,amanda lemos,1.43,3.2,2026-08-08T03:43:19Z
2026-08-08T03:43:39+00:00,Betfair,h2h,alexia thainara,amanda lemos,1.43,3.2,2026-08-08T03:43:28Z
2026-08-08T03:43:39+00:00,PMU (FR),h2h,alexia thainara,amanda lemos,1.36,3.1,2026-08-08T03:43:39Z
2026-08-08T03:43:39+00:00,BetAnything,h2h,alexia thainara,amanda lemos,1.38,3.05,2026-08-08T03:43:29Z
2026-08-08T03:43:39+00:00,Winamax (FR),h2h,alexia thainara,amanda lemos,1.34,2.95,2026-08-08T03:42:59Z
2026-08-08T03:43:39+00:00,Matchbook,h2h,alexia thainara,amanda lemos,1.43,3.2,2026-08-08T03:43:28Z
2026-08-08T03:43:39+00:00,Marathon Bet,h2h,alexia thainara,amanda lemos,1.36,3.04,2026-08-08T03:42:58Z
2026-08-08T03:43:39+00:00,Unibet (FR),h2h,alexia thainara,amanda lemos,1.33,3.05,2026-08-08T03:42:57Z
2026-08-08T03:43:39+00:00,BetOnline.ag,h2h,ananias mulumba,tom pagliarulo,1.59,2.3,2026-08-08T03:42:33Z
2026-08-08T03:43:39+00:00,BetOnline.ag,h2h,arman tsarukyan,justin gaethje,1.2,4.85,2026-08-08T03:42:33Z
2026-08-08T03:43:39+00:00,DraftKings,h2h,arman tsarukyan,mauricio ruffy,1.28,3.85,2026-08-08T03:43:30Z
2026-08-08T03:43:39+00:00,Betclic (FR),h2h,arman tsarukyan,mauricio ruffy,1.21,4.0,2026-08-08T03:43:33Z
2026-08-08T03:43:39+00:00,Winamax (FR),h2h,arman tsarukyan,mauricio ruffy,1.23,3.3,2026-08-08T03:42:59Z
2026-08-08T03:43:39+00:00,1xBet,h2h,arman tsarukyan,mauricio ruffy,1.28,4.14,2026-08-08T03:43:28Z
2026-08-08T03:43:39+00:00,BetOnline.ag,h2h,billy goff,ty miller,4.1,1.26,2026-08-08T03:42:33Z
2026-08-08T03:43:39+00:00,1xBet,h2h,billy goff,ty miller,4.22,1.23,2026-08-08T03:43:28Z
2026-08-08T03:43:39+00:00,Pinnacle,h2h,billy goff,ty miller,4.3,1.25,2026-08-08T03:43:28Z
2026-08-08T03:43:39+00:00,BetUS,h2h,billy goff,ty miller,4.3,1.23,2026-08-08T03:43:28Z
2026-08-08T03:43:39+00:00,Unibet (UK),h2h,billy goff,ty miller,4.1,1.24,2026-08-08T03:42:48Z
2026-08-08T03:43:39+00:00,888sport,h2h,billy goff,ty miller,4.0,1.25,2026-08-08T03:43:28Z
2026-08-08T03:43:39+00:00,Betsson,h2h,billy goff,ty miller,4.15,1.24,2026-08-08T03:43:21Z
2026-08-08T03:43:39+00:00,Nordic Bet,h2h,billy goff,ty miller,4.15,1.24,2026-08-08T03:43:01Z
2026-08-08T03:43:39+00:00,DraftKings,h2h,billy goff,ty miller,4.3,1.24,2026-08-08T03:43:30Z
2026-08-08T03:43:39+00:00,Coolbet,h2h,billy goff,ty miller,3.9,1.28,2026-08-08T03:43:23Z
2026-08-08T03:43:39+00:00,Virgin Bet,h2h,billy goff,ty miller,4.1,1.24,2026-08-08T03:42:46Z
2026-08-08T03:43:39+00:00,BetRivers,h2h,billy goff,ty miller,4.1,1.24,2026-08-08T03:43:08Z
2026-08-08T03:43:39+00:00,Grosvenor,h2h,billy goff,ty miller,3.85,1.19,2026-08-08T03:43:08Z
2026-08-08T03:43:39+00:00,LiveScore Bet,h2h,billy goff,ty miller,4.1,1.24,2026-08-08T03:43:19Z
2026-08-08T03:43:39+00:00,Betfair Sportsbook,h2h,billy goff,ty miller,3.75,1.25,2026-08-08T03:43:18Z
2026-08-08T03:43:39+00:00,Paddy Power,h2h,billy goff,ty miller,3.75,1.25,2026-08-08T03:42:46Z
2026-08-08T03:43:39+00:00,FanDuel,h2h,billy goff,ty miller,4.1,1.26,2026-08-08T03:43:29Z
2026-08-08T03:43:39+00:00,Bovada,h2h,billy goff,ty miller,4.15,1.25,2026-08-08T03:39:38Z
2026-08-08T03:43:39+00:00,Betclic (FR),h2h,billy goff,ty miller,4.0,1.21,2026-08-08T03:43:33Z
2026-08-08T03:43:39+00:00,Betway,h2h,billy goff,ty miller,4.0,1.25,2026-08-08T03:42:58Z
2026-08-08T03:43:39+00:00,Betfair,h2h,billy goff,ty miller,4.5,1.26,2026-08-08T03:43:19Z
2026-08-08T03:43:39+00:00,Betfair,h2h,billy goff,ty miller,4.5,1.26,2026-08-08T03:43:28Z
2026-08-08T03:43:39+00:00,PMU (FR),h2h,billy goff,ty miller,4.1,1.24,2026-08-08T03:43:39Z
2026-08-08T03:43:39+00:00,BetAnything,h2h,billy goff,ty miller,3.65,1.24,2026-08-08T03:43:29Z
2026-08-08T03:43:39+00:00,Winamax (FR),h2h,billy goff,ty miller,3.55,1.2,2026-08-08T03:42:59Z
2026-08-08T03:43:39+00:00,Matchbook,h2h,billy goff,ty miller,4.5,1.26,2026-08-08T03:43:28Z
2026-08-08T03:43:39+00:00,BetOnline.ag,h2h,billy quarantillo,carlos diego ferreira,2.57,1.56,2026-08-08T03:42:33Z
2026-08-08T03:43:39+00:00,1xBet,h2h,billy quarantillo,carlos diego ferreira,2.44,1.56,2026-08-08T03:43:28Z
2026-08-08T03:43:39+00:00,Pinnacle,h2h,billy quarantillo,carlos diego ferreira,2.51,1.57,2026-08-08T03:43:28Z
2026-08-08T03:43:39+00:00,BetUS,h2h,billy quarantillo,carlos diego ferreira,2.48,1.56,2026-08-08T03:43:28Z
2026-08-08T03:43:39+00:00,Unibet (UK),h2h,billy quarantillo,carlos diego ferreira,2.5,1.53,2026-08-08T03:42:48Z
2026-08-08T03:43:39+00:00,888sport,h2h,billy quarantillo,carlos diego ferreira,2.5,1.53,2026-08-08T03:43:28Z
2026-08-08T03:43:39+00:00,Nordic Bet,h2h,billy quarantillo,carlos diego ferreira,2.4,1.6,2026-08-08T03:43:01Z
2026-08-08T03:43:39+00:00,Betsson,h2h,billy quarantillo,carlos diego ferreira,2.4,1.6,2026-08-08T03:43:21Z
2026-08-08T03:43:39+00:00,DraftKings,h2h,billy quarantillo,carlos diego ferreira,2.5,1.56,2026-08-08T03:43:30Z
2026-08-08T03:43:39+00:00,LiveScore Bet,h2h,billy quarantillo,carlos diego ferreira,2.43,1.56,2026-08-08T03:43:19Z
2026-08-08T03:43:39+00:00,Grosvenor,h2h,billy quarantillo,carlos diego ferreira,2.3,1.5,2026-08-08T03:43:08Z
2026-08-08T03:43:39+00:00,Virgin Bet,h2h,billy quarantillo,carlos diego ferreira,2.43,1.56,2026-08-08T03:42:46Z
2026-08-08T03:43:39+00:00,BetRivers,h2h,billy quarantillo,carlos diego ferreira,2.43,1.56,2026-08-08T03:43:08Z
2026-08-08T03:43:39+00:00,Marathon Bet,h2h,billy quarantillo,carlos diego ferreira,2.43,1.53,2026-08-08T03:42:58Z
2026-08-08T03:43:39+00:00,Coolbet,h2h,billy quarantillo,carlos diego ferreira,2.5,1.56,2026-08-08T03:43:23Z
2026-08-08T03:43:39+00:00,Betclic (FR),h2h,billy quarantillo,carlos diego ferreira,2.43,1.5,2026-08-08T03:43:33Z
2026-08-08T03:43:39+00:00,FanDuel,h2h,billy quarantillo,carlos diego ferreira,2.48,1.57,2026-08-08T03:43:29Z
2026-08-08T03:43:39+00:00,Paddy Power,h2h,billy quarantillo,carlos diego ferreira,2.38,1.57,2026-08-08T03:42:46Z
2026-08-08T03:43:39+00:00,Bovada,h2h,billy quarantillo,carlos diego ferreira,2.47,1.58,2026-08-08T03:39:38Z
2026-08-08T03:43:39+00:00,Unibet (FR),h2h,billy quarantillo,carlos diego ferreira,2.45,1.49,2026-08-08T03:42:57Z
2026-08-08T03:43:39+00:00,Betway,h2h,billy quarantillo,carlos diego ferreira,2.4,1.57,2026-08-08T03:42:58Z
2026-08-08T03:43:39+00:00,Betfair,h2h,billy quarantillo,carlos diego ferreira,2.66,1.57,2026-08-08T03:43:19Z
2026-08-08T03:43:39+00:00,Betfair,h2h,billy quarantillo,carlos diego ferreira,2.66,1.57,2026-08-08T03:43:28Z
2026-08-08T03:43:39+00:00,PMU (FR),h2h,billy quarantillo,carlos diego ferreira,2.43,1.56,2026-08-08T03:43:39Z
2026-08-08T03:43:39+00:00,BetAnything,h2h,billy quarantillo,carlos diego ferreira,2.5,1.56,2026-08-08T03:43:29Z
2026-08-08T03:43:39+00:00,Winamax (FR),h2h,billy quarantillo,carlos diego ferreira,2.4,1.5,2026-08-08T03:42:59Z
2026-08-08T03:43:39+00:00,Matchbook,h2h,billy quarantillo,carlos diego ferreira,2.66,1.57,2026-08-08T03:43:28Z
2026-08-08T03:43:39+00:00,BetOnline.ag,h2h,bruno lopes,diyar nurgozhay,2.3,1.67,2026-08-08T03:42:33Z
2026-08-08T03:43:39+00:00,1xBet,h2h,bruno lopes,diyar nurgozhay,2.22,1.63,2026-08-08T03:43:28Z
2026-08-08T03:43:39+00:00,Pinnacle,h2h,bruno lopes,diyar nurgozhay,2.36,1.64,2026-08-08T03:43:28Z
2026-08-08T03:43:39+00:00,BetUS,h2h,bruno lopes,diyar nurgozhay,2.3,1.65,2026-08-08T03:43:28Z
2026-08-08T03:43:39+00:00,Unibet (UK),h2h,bruno lopes,diyar nurgozhay,2.3,1.63,2026-08-08T03:42:48Z
2026-08-08T03:43:39+00:00,Betsson,h2h,bruno lopes,diyar nurgozhay,2.25,1.67,2026-08-08T03:43:21Z
2026-08-08T03:43:39+00:00,Nordic Bet,h2h,bruno lopes,diyar nurgozhay,2.25,1.67,2026-08-08T03:43:01Z
2026-08-08T03:43:39+00:00,DraftKings,h2h,bruno lopes,diyar nurgozhay,2.3,1.65,2026-08-08T03:43:30Z
2026-08-08T03:43:39+00:00,Coolbet,h2h,bruno lopes,diyar nurgozhay,2.3,1.65,2026-08-08T03:43:23Z
2026-08-08T03:43:39+00:00,FanDuel,h2h,bruno lopes,diyar nurgozhay,2.32,1.64,2026-08-08T03:43:29Z
2026-08-08T03:43:39+00:00,Betfair Sportsbook,h2h,bruno lopes,diyar nurgozhay,2.25,1.62,2026-08-08T03:43:18Z
2026-08-08T03:43:39+00:00,Paddy Power,h2h,bruno lopes,diyar nurgozhay,2.25,1.62,2026-08-08T03:42:46Z
2026-08-08T03:43:39+00:00,Bovada,h2h,bruno lopes,diyar nurgozhay,2.3,1.67,2026-08-08T03:39:38Z
2026-08-08T03:43:39+00:00,LiveScore Bet,h2h,bruno lopes,diyar nurgozhay,2.23,1.65,2026-08-08T03:43:19Z
2026-08-08T03:43:39+00:00,Virgin Bet,h2h,bruno lopes,diyar nurgozhay,2.23,1.65,2026-08-08T03:42:46Z
2026-08-08T03:43:39+00:00,Grosvenor,h2h,bruno lopes,diyar nurgozhay,2.12,1.6,2026-08-08T03:43:08Z
2026-08-08T03:43:39+00:00,BetRivers,h2h,bruno lopes,diyar nurgozhay,2.23,1.65,2026-08-08T03:43:08Z
2026-08-08T03:43:39+00:00,Betway,h2h,bruno lopes,diyar nurgozhay,2.2,1.67,2026-08-08T03:42:58Z
2026-08-08T03:43:39+00:00,Betfair,h2h,bruno lopes,diyar nurgozhay,2.46,1.65,2026-08-08T03:43:19Z
2026-08-08T03:43:39+00:00,Betfair,h2h,bruno lopes,diyar nurgozhay,2.46,1.65,2026-08-08T03:43:28Z
2026-08-08T03:43:39+00:00,BetAnything,h2h,bruno lopes,diyar nurgozhay,2.3,1.62,2026-08-08T03:43:29Z
2026-08-08T03:43:39+00:00,Matchbook,h2h,bruno lopes,diyar nurgozhay,2.46,1.65,2026-08-08T03:43:28Z
2026-08-08T03:43:39+00:00,BetOnline.ag,h2h,bryan battle,dalton rosta,1.74,2.15,2026-08-08T03:42:33Z
2026-08-08T03:43:39+00:00,Winamax (FR),h2h,bryan battle,dalton rosta,1.62,1.96,2026-08-08T03:42:59Z
2026-08-08T03:43:39+00:00,Grosvenor,h2h,bryan battle,dalton rosta,1.68,2.15,2026-08-08T03:43:08Z
2026-08-08T03:43:39+00:00,FanDuel,h2h,bryan battle,dalton rosta,1.74,2.16,2026-08-08T03:43:29Z
2026-08-08T03:43:39+00:00,BetOnline.ag,h2h,carlos ulberg,magomed ankalaev,2.65,1.53,2026-08-08T03:42:33Z
2026-08-08T03:43:39+00:00,BetOnline.ag,h2h,carol foro,giovanna canuto,1.43,2.95,2026-08-08T03:42:33Z
2026-08-08T03:43:39+00:00,1xBet,h2h,carol foro,giovanna canuto,1.37,3.03,2026-08-08T03:43:28Z
2026-08-08T03:43:39+00:00,FanDuel,h2h,carol foro,giovanna canuto,1.42,2.94,2026-08-08T03:43:29Z
2026-08-08T03:43:39+00:00,Betfair Sportsbook,h2h,carol foro,giovanna canuto,1.4,2.88,2026-08-08T03:43:18Z
2026-08-08T03:43:39+00:00,Unibet (UK),h2h,carol foro,giovanna canuto,1.42,2.9,2026-08-08T03:42:48Z
2026-08-08T03:43:39+00:00,Betfair,h2h,carol foro,giovanna canuto,1.42,3.05,2026-08-08T03:43:19Z
2026-08-08T03:43:39+00:00,Paddy Power,h2h,carol foro,giovanna canuto,1.4,2.88,2026-08-08T03:42:46Z
2026-08-08T03:43:39+00:00,Betfair,h2h,carol foro,giovanna canuto,1.42,3.05,2026-08-08T03:43:28Z
2026-08-08T03:43:39+00:00,Betway,h2h,carol foro,giovanna canuto,1.36,3.1,2026-08-08T03:42:58Z
2026-08-08T03:43:39+00:00,Bovada,h2h,carol foro,giovanna canuto,1.41,3.05,2026-08-08T03:39:38Z
2026-08-08T03:43:39+00:00,DraftKings,h2h,carol foro,giovanna canuto,1.41,3.0,2026-08-08T03:43:30Z
2026-08-08T03:43:39+00:00,Betsson,h2h,carol foro,giovanna canuto,1.37,2.95,2026-08-08T03:43:21Z
2026-08-08T03:43:39+00:00,Nordic Bet,h2h,carol foro,giovanna canuto,1.37,2.95,2026-08-08T03:43:01Z
2026-08-08T03:43:39+00:00,Coolbet,h2h,carol foro,giovanna canuto,1.39,3.1,2026-08-08T03:43:23Z
2026-08-08T03:43:39+00:00,BetRivers,h2h,carol foro,giovanna canuto,1.38,3.05,2026-08-08T03:43:08Z
2026-08-08T03:43:39+00:00,Virgin Bet,h2h,carol foro,giovanna canuto,1.38,3.05,2026-08-08T03:42:46Z
2026-08-08T03:43:39+00:00,Grosvenor,h2h,carol foro,giovanna canuto,1.33,2.88,2026-08-08T03:43:08Z
2026-08-08T03:43:39+00:00,LiveScore Bet,h2h,carol foro,giovanna canuto,1.38,3.05,2026-08-08T03:43:19Z
2026-08-08T03:43:39+00:00,BetUS,h2h,carol foro,giovanna canuto,1.4,3.07,2026-08-08T03:43:28Z
2026-08-08T03:43:39+00:00,BetAnything,h2h,carol foro,giovanna canuto,1.42,2.9,2026-08-08T03:43:29Z
2026-08-08T03:43:39+00:00,888sport,h2h,carol foro,giovanna canuto,1.4,2.95,2026-08-08T03:43:28Z
2026-08-08T03:43:39+00:00,Matchbook,h2h,carol foro,giovanna canuto,1.42,3.05,2026-08-08T03:43:28Z
2026-08-08T03:43:39+00:00,Pinnacle,h2h,carol foro,giovanna canuto,1.41,3.07,2026-08-08T03:43:28Z
2026-08-08T03:43:39+00:00,BetOnline.ag,h2h,charles johnson,jose ochoa,3.89,1.28,2026-08-08T03:42:33Z
2026-08-08T03:43:39+00:00,Pinnacle,h2h,charles johnson,jose ochoa,3.67,1.31,2026-08-08T03:43:28Z
2026-08-08T03:43:39+00:00,1xBet,h2h,charles johnson,jose ochoa,3.69,1.3,2026-08-08T03:43:28Z
2026-08-08T03:43:39+00:00,Betsson,h2h,charles johnson,jose ochoa,3.75,1.25,2026-08-08T03:43:21Z
2026-08-08T03:43:39+00:00,Nordic Bet,h2h,charles johnson,jose ochoa,3.75,1.25,2026-08-08T03:43:01Z
2026-08-08T03:43:39+00:00,DraftKings,h2h,charles johnson,jose ochoa,3.6,1.31,2026-08-08T03:43:30Z
2026-08-08T03:43:39+00:00,Betclic (FR),h2h,charles johnson,jose ochoa,3.7,1.24,2026-08-08T03:43:33Z
2026-08-08T03:43:39+00:00,BetRivers,h2h,charles johnson,jose ochoa,3.8,1.26,2026-08-08T03:43:08Z
2026-08-08T03:43:39+00:00,Virgin Bet,h2h,charles johnson,jose ochoa,3.8,1.26,2026-08-08T03:42:46Z
2026-08-08T03:43:39+00:00,Grosvenor,h2h,charles johnson,jose ochoa,3.65,1.21,2026-08-08T03:43:08Z
2026-08-08T03:43:39+00:00,LiveScore Bet,h2h,charles johnson,jose ochoa,3.8,1.26,2026-08-08T03:43:19Z
2026-08-08T03:43:39+00:00,Coolbet,h2h,charles johnson,jose ochoa,3.7,1.3,2026-08-08T03:43:23Z
2026-08-08T03:43:39+00:00,BetOnline.ag,h2h,chidi njokuani,joel alvarez,3.19,1.38,2026-08-08T03:42:33Z
2026-08-08T03:43:39+00:00,DraftKings,h2h,chidi njokuani,joel alvarez,3.1,1.39,2026-08-08T03:43:30Z
2026-08-08T03:43:39+00:00,Nordic Bet,h2h,chidi njokuani,joel alvarez,2.85,1.4,2026-08-08T03:43:01Z
2026-08-08T03:43:39+00:00,Betsson,h2h,chidi njokuani,joel alvarez,2.85,1.4,2026-08-08T03:43:21Z
2026-08-08T03:43:39+00:00,1xBet,h2h,chidi njokuani,joel alvarez,3.3,1.41,2026-08-08T03:43:28Z
2026-08-08T03:43:39+00:00,BetRivers,h2h,chidi njokuani,joel alvarez,2.95,1.4,2026-08-08T03:43:08Z
2026-08-08T03:43:39+00:00,Virgin Bet,h2h,chidi njokuani,joel alvarez,2.95,1.4,2026-08-08T03:42:46Z
2026-08-08T03:43:39+00:00,Grosvenor,h2h,chidi njokuani,joel alvarez,2.8,1.35,2026-08-08T03:43:08Z
2026-08-08T03:43:39+00:00,LiveScore Bet,h2h,chidi njokuani,joel alvarez,2.95,1.4,2026-08-08T03:43:19Z
2026-08-08T03:43:39+00:00,888sport,h2h,chidi njokuani,joel alvarez,3.05,1.36,2026-08-08T03:43:28Z
2026-08-08T03:43:39+00:00,Coolbet,h2h,chidi njokuani,joel alvarez,3.05,1.4,2026-08-08T03:43:23Z
2026-08-08T03:43:39+00:00,Unibet (UK),h2h,chidi njokuani,joel alvarez,3.0,1.36,2026-08-08T03:42:48Z
2026-08-08T03:43:39+00:00,BetOnline.ag,h2h,ciryl gane,josh hokit,1.4,3.1,2026-08-08T03:42:33Z
2026-08-08T03:43:39+00:00,BetOnline.ag,h2h,ciryl gane,tom aspinall,2.05,1.8,2026-08-08T03:42:33Z
2026-08-08T03:43:39+00:00,BetOnline.ag,h2h,conor mcgregor,jorge masvidal,1.69,2.25,2026-08-08T03:42:33Z
2026-08-08T03:43:39+00:00,BetOnline.ag,h2h,conor mcgregor,paddy pimblett,2.3,1.67,2026-08-08T03:42:33Z
2026-08-08T03:43:39+00:00,BetOnline.ag,h2h,darren elkins,yadier delvalle,6.71,1.12,2026-08-08T03:42:33Z
2026-08-08T03:43:39+00:00,1xBet,h2h,darren elkins,yadier delvalle,6.6,1.11,2026-08-08T03:43:28Z
2026-08-08T03:43:39+00:00,Pinnacle,h2h,darren elkins,yadier delvalle,6.99,1.12,2026-08-08T03:43:28Z
2026-08-08T03:43:39+00:00,BetUS,h2h,darren elkins,yadier delvalle,6.35,1.12,2026-08-08T03:43:28Z
2026-08-08T03:43:39+00:00,Unibet (UK),h2h,darren elkins,yadier delvalle,6.5,1.12,2026-08-08T03:42:48Z
2026-08-08T03:43:39+00:00,888sport,h2h,darren elkins,yadier delvalle,6.7,1.1,2026-08-08T03:43:28Z
2026-08-08T03:43:39+00:00,Nordic Bet,h2h,darren elkins,yadier delvalle,7.0,1.11,2026-08-08T03:43:01Z
2026-08-08T03:43:39+00:00,Betsson,h2h,darren elkins,yadier delvalle,7.0,1.11,2026-08-08T03:43:21Z
2026-08-08T03:43:39+00:00,DraftKings,h2h,darren elkins,yadier delvalle,6.75,1.12,2026-08-08T03:43:30Z
2026-08-08T03:43:39+00:00,Coolbet,h2h,darren elkins,yadier delvalle,6.75,1.12,2026-08-08T03:43:23Z
2026-08-08T03:43:39+00:00,LiveScore Bet,h2h,darren elkins,yadier delvalle,6.5,1.11,2026-08-08T03:43:19Z
2026-08-08T03:43:39+00:00,Virgin Bet,h2h,darren elkins,yadier delvalle,6.5,1.11,2026-08-08T03:42:46Z
2026-08-08T03:43:39+00:00,BetRivers,h2h,darren elkins,yadier delvalle,6.5,1.11,2026-08-08T03:43:08Z
2026-08-08T03:43:39+00:00,Grosvenor,h2h,darren elkins,yadier delvalle,6.0,1.07,2026-08-08T03:43:08Z
2026-08-08T03:43:39+00:00,FanDuel,h2h,darren elkins,yadier delvalle,6.3,1.13,2026-08-08T03:43:29Z
2026-08-08T03:43:39+00:00,Paddy Power,h2h,darren elkins,yadier delvalle,5.5,1.14,2026-08-08T03:42:46Z
2026-08-08T03:43:39+00:00,Bovada,h2h,darren elkins,yadier delvalle,6.75,1.12,2026-08-08T03:39:38Z
2026-08-08T03:43:39+00:00,Betclic (FR),h2h,darren elkins,yadier delvalle,6.6,1.08,2026-08-08T03:43:33Z
2026-08-08T03:43:39+00:00,Betway,h2h,darren elkins,yadier delvalle,6.0,1.12,2026-08-08T03:42:58Z
2026-08-08T03:43:39+00:00,Betfair,h2h,darren elkins,yadier delvalle,6.8,1.15,2026-08-08T03:43:19Z
2026-08-08T03:43:39+00:00,Betfair,h2h,darren elkins,yadier delvalle,6.8,1.15,2026-08-08T03:43:28Z
2026-08-08T03:43:39+00:00,PMU (FR),h2h,darren elkins,yadier delvalle,6.5,1.11,2026-08-08T03:43:39Z
2026-08-08T03:43:39+00:00,BetAnything,h2h,darren elkins,yadier delvalle,5.75,1.12,2026-08-08T03:43:29Z
2026-08-08T03:43:39+00:00,Winamax (FR),h2h,darren elkins,yadier delvalle,5.8,1.1,2026-08-08T03:42:59Z
2026-08-08T03:43:39+00:00,Matchbook,h2h,darren elkins,yadier delvalle,7.4,1.15,2026-08-08T03:43:28Z
2026-08-08T03:43:39+00:00,Unibet (FR),h2h,darren elkins,yadier delvalle,6.1,1.09,2026-08-08T03:42:57Z
2026-08-08T03:43:39+00:00,BetOnline.ag,h2h,darren till,yoel romero,1.57,2.35,2026-08-08T03:42:33Z
2026-08-08T03:43:39+00:00,BetOnline.ag,h2h,donte johnson,eric mcconico,1.39,3.11,2026-08-08T03:42:33Z
2026-08-08T03:43:39+00:00,1xBet,h2h,donte johnson,eric mcconico,1.49,2.95,2026-08-08T03:43:28Z
2026-08-08T03:43:39+00:00,Pinnacle,h2h,donte johnson,eric mcconico,1.41,3.04,2026-08-08T03:43:28Z
2026-08-08T03:43:39+00:00,Unibet (UK),h2h,donte johnson,eric mcconico,1.36,2.95,2026-08-08T03:42:48Z
2026-08-08T03:43:39+00:00,Nordic Bet,h2h,donte johnson,eric mcconico,1.4,2.9,2026-08-08T03:43:01Z
2026-08-08T03:43:39+00:00,Betsson,h2h,donte johnson,eric mcconico,1.4,2.9,2026-08-08T03:43:21Z
2026-08-08T03:43:39+00:00,DraftKings,h2h,donte johnson,eric mcconico,1.41,3.0,2026-08-08T03:43:30Z
2026-08-08T03:43:39+00:00,BetRivers,h2h,donte johnson,eric mcconico,1.4,2.95,2026-08-08T03:43:08Z
2026-08-08T03:43:39+00:00,Virgin Bet,h2h,donte johnson,eric mcconico,1.4,2.95,2026-08-08T03:42:46Z
2026-08-08T03:43:39+00:00,Grosvenor,h2h,donte johnson,eric mcconico,1.35,2.8,2026-08-08T03:43:08Z
2026-08-08T03:43:39+00:00,LiveScore Bet,h2h,donte johnson,eric mcconico,1.4,2.95,2026-08-08T03:43:19Z
2026-08-08T03:43:39+00:00,Coolbet,h2h,donte johnson,eric mcconico,1.42,3.0,2026-08-08T03:43:23Z
2026-08-08T03:43:39+00:00,FanDuel,h2h,dovletdzhan yagshimuradov,simeon powell,9.2,1.04,2026-08-08T03:41:10Z
2026-08-08T03:43:39+00:00,Winamax (FR),h2h,dovletdzhan yagshimuradov,simeon powell,14.0,1.02,2026-08-08T03:40:50Z
2026-08-08T03:43:39+00:00,Grosvenor,h2h,dovletdzhan yagshimuradov,simeon powell,15.0,1.01,2026-08-08T03:43:08Z
2026-08-08T03:43:39+00:00,BetOnline.ag,h2h,dustin stoltzfus,mansur abdul-malik,5.15,1.18,2026-08-08T03:42:33Z
2026-08-08T03:43:39+00:00,1xBet,h2h,dustin stoltzfus,mansur abdul-malik,5.19,1.22,2026-08-08T03:43:28Z
2026-08-08T03:43:39+00:00,Pinnacle,h2h,dustin stoltzfus,mansur abdul-malik,5.13,1.19,2026-08-08T03:43:28Z
2026-08-08T03:43:39+00:00,Unibet (UK),h2h,dustin stoltzfus,mansur abdul-malik,4.75,1.16,2026-08-08T03:42:48Z
2026-08-08T03:43:39+00:00,Winamax (FR),h2h,dustin stoltzfus,mansur abdul-malik,4.2,1.14,2026-08-08T03:42:59Z
2026-08-08T03:43:39+00:00,Betsson,h2h,dustin stoltzfus,mansur abdul-malik,5.0,1.15,2026-08-08T03:43:21Z
2026-08-08T03:43:39+00:00,Nordic Bet,h2h,dustin stoltzfus,mansur abdul-malik,5.0,1.15,2026-08-08T03:43:01Z
2026-08-08T03:43:39+00:00,DraftKings,h2h,dustin stoltzfus,mansur abdul-malik,5.1,1.18,2026-08-08T03:43:30Z
2026-08-08T03:43:39+00:00,Betclic (FR),h2h,dustin stoltzfus,mansur abdul-malik,4.85,1.15,2026-08-08T03:43:33Z
2026-08-08T03:43:39+00:00,BetRivers,h2h,dustin stoltzfus,mansur abdul-malik,5.2,1.16,2026-08-08T03:43:08Z
2026-08-08T03:43:39+00:00,Virgin Bet,h2h,dustin stoltzfus,mansur abdul-malik,5.2,1.16,2026-08-08T03:42:46Z
2026-08-08T03:43:39+00:00,Grosvenor,h2h,dustin stoltzfus,mansur abdul-malik,4.8,1.12,2026-08-08T03:43:08Z
2026-08-08T03:43:39+00:00,LiveScore Bet,h2h,dustin stoltzfus,mansur abdul-malik,5.2,1.16,2026-08-08T03:43:19Z
2026-08-08T03:43:39+00:00,Coolbet,h2h,dustin stoltzfus,mansur abdul-malik,5.15,1.18,2026-08-08T03:43:23Z
2026-08-08T03:43:39+00:00,BetOnline.ag,h2h,edson barboza,esteban ribovics,4.16,1.25,2026-08-08T03:42:33Z
2026-08-08T03:43:39+00:00,1xBet,h2h,edson barboza,esteban ribovics,4.25,1.29,2026-08-08T03:43:28Z
2026-08-08T03:43:39+00:00,Pinnacle,h2h,edson barboza,esteban ribovics,4.18,1.25,2026-08-08T03:43:28Z
2026-08-08T03:43:39+00:00,Unibet (UK),h2h,edson barboza,esteban ribovics,3.9,1.22,2026-08-08T03:42:48Z
2026-08-08T03:43:39+00:00,888sport,h2h,edson barboza,esteban ribovics,4.2,1.22,2026-08-08T03:43:28Z
2026-08-08T03:43:39+00:00,DraftKings,h2h,edson barboza,esteban ribovics,4.1,1.25,2026-08-08T03:43:30Z
2026-08-08T03:43:39+00:00,Betclic (FR),h2h,edson barboza,esteban ribovics,4.0,1.21,2026-08-08T03:43:33Z
2026-08-08T03:43:39+00:00,Grosvenor,h2h,edson barboza,esteban ribovics,4.0,1.18,2026-08-08T03:43:08Z
2026-08-08T03:43:39+00:00,LiveScore Bet,h2h,edson barboza,esteban ribovics,4.25,1.22,2026-08-08T03:43:19Z
2026-08-08T03:43:39+00:00,Virgin Bet,h2h,edson barboza,esteban ribovics,4.25,1.22,2026-08-08T03:42:46Z
2026-08-08T03:43:39+00:00,BetRivers,h2h,edson barboza,esteban ribovics,4.25,1.22,2026-08-08T03:43:08Z
2026-08-08T03:43:39+00:00,Coolbet,h2h,edson barboza,esteban ribovics,4.15,1.25,2026-08-08T03:43:23Z
2026-08-08T03:43:39+00:00,Winamax (FR),h2h,edson barboza,esteban ribovics,3.55,1.2,2026-08-08T03:42:59Z
2026-08-08T03:43:39+00:00,BetOnline.ag,h2h,gable steveson,sean sharaf,1.07,7.0,2026-08-08T03:42:33Z
2026-08-08T03:43:39+00:00,DraftKings,h2h,gable steveson,sean sharaf,1.09,8.0,2026-08-08T03:43:30Z
2026-08-08T03:43:39+00:00,1xBet,h2h,gable steveson,sean sharaf,1.09,7.55,2026-08-08T03:43:28Z
2026-08-08T03:43:39+00:00,FanDuel,h2h,gianni vazquez,miles johns,2.42,1.6,2026-08-08T03:43:29Z
2026-08-08T03:43:39+00:00,Paddy Power,h2h,gianni vazquez,miles johns,2.38,1.57,2026-08-08T03:42:46Z
2026-08-08T03:43:39+00:00,Betfair Sportsbook,h2h,gianni vazquez,miles johns,2.38,1.57,2026-08-08T03:43:18Z
2026-08-08T03:43:39+00:00,1xBet,h2h,gianni vazquez,miles johns,2.3,1.62,2026-08-08T03:43:28Z
2026-08-08T03:43:39+00:00,BetOnline.ag,h2h,gianni vazquez,miles johns,2.49,1.59,2026-08-08T03:42:33Z
2026-08-08T03:43:39+00:00,Betway,h2h,gianni vazquez,miles johns,2.4,1.57,2026-08-08T03:42:58Z
2026-08-08T03:43:39+00:00,Pinnacle,h2h,gianni vazquez,miles johns,2.42,1.61,2026-08-08T03:43:28Z
2026-08-08T03:43:39+00:00,Unibet (UK),h2h,gianni vazquez,miles johns,2.45,1.56,2026-08-08T03:42:48Z
2026-08-08T03:43:39+00:00,BetRivers,h2h,gianni vazquez,miles johns,2.38,1.57,2026-08-08T03:43:08Z
2026-08-08T03:43:39+00:00,Virgin Bet,h2h,gianni vazquez,miles johns,2.38,1.58,2026-08-08T03:42:46Z
2026-08-08T03:43:39+00:00,Grosvenor,h2h,gianni vazquez,miles johns,2.25,1.51,2026-08-08T03:43:08Z
2026-08-08T03:43:39+00:00,LiveScore Bet,h2h,gianni vazquez,miles johns,2.38,1.58,2026-08-08T03:43:19Z
2026-08-08T03:43:39+00:00,BetAnything,h2h,gianni vazquez,miles johns,2.4,1.59,2026-08-08T03:43:29Z
2026-08-08T03:43:39+00:00,Coolbet,h2h,gianni vazquez,miles johns,2.35,1.63,2026-08-08T03:43:23Z
2026-08-08T03:43:39+00:00,Betfair,h2h,gianni vazquez,miles johns,2.24,1.55,2026-08-08T03:43:19Z
2026-08-08T03:43:39+00:00,Betfair,h2h,gianni vazquez,miles johns,2.24,1.55,2026-08-08T03:43:28Z
2026-08-08T03:43:39+00:00,Matchbook,h2h,gianni vazquez,miles johns,2.5,1.56,2026-08-08T03:43:28Z
2026-08-08T03:43:39+00:00,DraftKings,h2h,gillian robertson,mackenzie dern,3.0,1.41,2026-08-08T03:43:30Z
2026-08-08T03:43:39+00:00,Betclic (FR),h2h,gillian robertson,mackenzie dern,2.97,1.34,2026-08-08T03:43:33Z
2026-08-08T03:43:39+00:00,BetOnline.ag,h2h,gillian robertson,mackenzie dern,3.07,1.4,2026-08-08T03:42:33Z
2026-08-08T03:43:39+00:00,1xBet,h2h,gillian robertson,mackenzie dern,2.95,1.44,2026-08-08T03:43:28Z
2026-08-08T03:43:39+00:00,FanDuel,h2h,gillian robertson,mackenzie dern,3.0,1.38,2026-08-08T03:43:29Z
2026-08-08T03:43:39+00:00,Paddy Power,h2h,gillian robertson,mackenzie dern,2.88,1.4,2026-08-08T03:42:46Z
2026-08-08T03:43:39+00:00,LiveScore Bet,h2h,gillian robertson,mackenzie dern,2.88,1.42,2026-08-08T03:43:19Z
2026-08-08T03:43:39+00:00,Grosvenor,h2h,gillian robertson,mackenzie dern,2.7,1.36,2026-08-08T03:43:08Z
2026-08-08T03:43:39+00:00,Virgin Bet,h2h,gillian robertson,mackenzie dern,2.88,1.42,2026-08-08T03:42:46Z
2026-08-08T03:43:39+00:00,Winamax (FR),h2h,gillian robertson,mackenzie dern,2.85,1.36,2026-08-08T03:42:59Z
2026-08-08T03:43:39+00:00,Marathon Bet,h2h,gillian robertson,mackenzie dern,2.86,1.4,2026-08-08T03:42:58Z
2026-08-08T03:43:39+00:00,Pinnacle,h2h,gillian robertson,mackenzie dern,3.01,1.42,2026-08-08T03:43:28Z
2026-08-08T03:43:39+00:00,Coolbet,h2h,gillian robertson,mackenzie dern,2.9,1.44,2026-08-08T03:43:23Z
2026-08-08T03:43:39+00:00,Unibet (FR),h2h,gillian robertson,mackenzie dern,2.7,1.33,2026-08-08T03:42:57Z
2026-08-08T03:43:39+00:00,Unibet (UK),h2h,gillian robertson,mackenzie dern,2.9,1.38,2026-08-08T03:42:48Z
2026-08-08T03:43:39+00:00,BetRivers,h2h,gillian robertson,mackenzie dern,2.88,1.42,2026-08-08T03:43:08Z
2026-08-08T03:43:39+00:00,888sport,h2h,gillian robertson,mackenzie dern,2.95,1.4,2026-08-08T03:43:28Z
2026-08-08T03:43:39+00:00,BetOnline.ag,h2h,guilherme pat,steven asplund,3.52,1.32,2026-08-08T03:42:33Z
2026-08-08T03:43:39+00:00,1xBet,h2h,guilherme pat,steven asplund,3.26,1.32,2026-08-08T03:43:28Z
2026-08-08T03:43:39+00:00,Pinnacle,h2h,guilherme pat,steven asplund,3.47,1.34,2026-08-08T03:43:28Z
2026-08-08T03:43:39+00:00,BetUS,h2h,guilherme pat,steven asplund,3.54,1.32,2026-08-08T03:43:28Z
2026-08-08T03:43:39+00:00,Unibet (UK),h2h,guilherme pat,steven asplund,3.45,1.32,2026-08-08T03:42:48Z
2026-08-08T03:43:39+00:00,888sport,h2h,guilherme pat,steven asplund,3.4,1.3,2026-08-08T03:43:28Z
2026-08-08T03:43:39+00:00,Nordic Bet,h2h,guilherme pat,steven asplund,3.35,1.34,2026-08-08T03:43:01Z
2026-08-08T03:43:39+00:00,Betsson,h2h,guilherme pat,steven asplund,3.35,1.34,2026-08-08T03:43:21Z
2026-08-08T03:43:39+00:00,DraftKings,h2h,guilherme pat,steven asplund,3.4,1.34,2026-08-08T03:43:30Z
2026-08-08T03:43:39+00:00,Grosvenor,h2h,guilherme pat,steven asplund,3.2,1.27,2026-08-08T03:43:08Z
2026-08-08T03:43:39+00:00,Virgin Bet,h2h,guilherme pat,steven asplund,3.4,1.32,2026-08-08T03:42:46Z
2026-08-08T03:43:39+00:00,BetRivers,h2h,guilherme pat,steven asplund,3.4,1.32,2026-08-08T03:43:08Z
2026-08-08T03:43:39+00:00,LiveScore Bet,h2h,guilherme pat,steven asplund,3.4,1.32,2026-08-08T03:43:19Z
2026-08-08T03:43:39+00:00,Coolbet,h2h,guilherme pat,steven asplund,3.45,1.33,2026-08-08T03:43:23Z
2026-08-08T03:43:39+00:00,FanDuel,h2h,guilherme pat,steven asplund,3.4,1.34,2026-08-08T03:43:29Z
2026-08-08T03:43:39+00:00,Betfair Sportsbook,h2h,guilherme pat,steven asplund,3.25,1.33,2026-08-08T03:43:18Z
2026-08-08T03:43:39+00:00,Paddy Power,h2h,guilherme pat,steven asplund,3.25,1.33,2026-08-08T03:42:46Z
2026-08-08T03:43:39+00:00,Bovada,h2h,guilherme pat,steven asplund,3.55,1.32,2026-08-08T03:39:38Z
2026-08-08T03:43:39+00:00,Betway,h2h,guilherme pat,steven asplund,3.1,1.36,2026-08-08T03:42:58Z
2026-08-08T03:43:39+00:00,Betfair,h2h,guilherme pat,steven asplund,3.55,1.36,2026-08-08T03:43:19Z
2026-08-08T03:43:39+00:00,Betfair,h2h,guilherme pat,steven asplund,3.55,1.36,2026-08-08T03:43:28Z
2026-08-08T03:43:39+00:00,BetAnything,h2h,guilherme pat,steven asplund,3.4,1.32,2026-08-08T03:43:29Z
2026-08-08T03:43:39+00:00,Matchbook,h2h,guilherme pat,steven asplund,3.6,1.37,2026-08-08T03:43:28Z
2026-08-08T03:43:39+00:00,DraftKings,h2h,ian garry,islam makhachev,3.75,1.29,2026-08-08T03:43:30Z
2026-08-08T03:43:39+00:00,Betclic (FR),h2h,ian garry,islam makhachev,3.9,1.22,2026-08-08T03:43:33Z
2026-08-08T03:43:39+00:00,BetOnline.ag,h2h,ian garry,islam makhachev,4.03,1.26,2026-08-08T03:42:33Z
2026-08-08T03:43:39+00:00,FanDuel,h2h,ian garry,islam makhachev,3.8,1.26,2026-08-08T03:43:29Z
2026-08-08T03:43:39+00:00,Paddy Power,h2h,ian garry,islam makhachev,3.5,1.29,2026-08-08T03:42:46Z
2026-08-08T03:43:39+00:00,1xBet,h2h,ian garry,islam makhachev,4.55,1.21,2026-08-08T03:43:28Z
2026-08-08T03:43:39+00:00,Winamax (FR),h2h,ian garry,islam makhachev,3.65,1.23,2026-08-08T03:42:59Z
2026-08-08T03:43:39+00:00,Virgin Bet,h2h,ian garry,islam makhachev,3.7,1.28,2026-08-08T03:42:46Z
2026-08-08T03:43:39+00:00,LiveScore Bet,h2h,ian garry,islam makhachev,3.7,1.28,2026-08-08T03:43:19Z
2026-08-08T03:43:39+00:00,Grosvenor,h2h,ian garry,islam makhachev,3.45,1.24,2026-08-08T03:43:08Z
2026-08-08T03:43:39+00:00,Pinnacle,h2h,ian garry,islam makhachev,3.81,1.29,2026-08-08T03:43:28Z
2026-08-08T03:43:39+00:00,Coolbet,h2h,ian garry,islam makhachev,3.7,1.3,2026-08-08T03:43:23Z
2026-08-08T03:43:39+00:00,BetRivers,h2h,ian garry,islam makhachev,3.7,1.28,2026-08-08T03:43:08Z
2026-08-08T03:43:39+00:00,888sport,h2h,ian garry,islam makhachev,3.6,1.29,2026-08-08T03:43:28Z
2026-08-08T03:43:39+00:00,Betfair,h2h,ian garry,islam makhachev,3.85,1.33,2026-08-08T03:43:28Z
2026-08-08T03:43:39+00:00,Betfair,h2h,ian garry,islam makhachev,3.85,1.33,2026-08-08T03:43:19Z
2026-08-08T03:43:39+00:00,Matchbook,h2h,ian garry,islam makhachev,3.9,1.33,2026-08-08T03:43:28Z
2026-08-08T03:43:39+00:00,BetOnline.ag,h2h,ilia topuria,justin gaethje,1.4,3.1,2026-08-08T03:42:33Z
2026-08-08T03:43:39+00:00,BetOnline.ag,h2h,islam makhachev,kamaru usman,1.3,3.7,2026-08-08T03:42:33Z
2026-08-08T03:43:39+00:00,BetOnline.ag,h2h,jalin turner,kaue fernandes,1.65,2.35,2026-08-08T03:42:33Z
2026-08-08T03:43:39+00:00,1xBet,h2h,jalin turner,kaue fernandes,1.61,2.14,2026-08-08T03:43:28Z
2026-08-08T03:43:39+00:00,Pinnacle,h2h,jalin turner,kaue fernandes,1.69,2.24,2026-08-08T03:43:28Z
2026-08-08T03:43:39+00:00,Unibet (UK),h2h,jalin turner,kaue fernandes,1.6,2.25,2026-08-08T03:42:48Z
2026-08-08T03:43:39+00:00,Betsson,h2h,jalin turner,kaue fernandes,1.65,2.2,2026-08-08T03:43:21Z
2026-08-08T03:43:39+00:00,Nordic Bet,h2h,jalin turner,kaue fernandes,1.65,2.2,2026-08-08T03:43:01Z
2026-08-08T03:43:39+00:00,DraftKings,h2h,jalin turner,kaue fernandes,1.68,2.24,2026-08-08T03:43:30Z
2026-08-08T03:43:39+00:00,BetRivers,h2h,jalin turner,kaue fernandes,1.65,2.23,2026-08-08T03:43:08Z
2026-08-08T03:43:39+00:00,Virgin Bet,h2h,jalin turner,kaue fernandes,1.65,2.23,2026-08-08T03:42:46Z
2026-08-08T03:43:39+00:00,Grosvenor,h2h,jalin turner,kaue fernandes,1.6,2.12,2026-08-08T03:43:08Z
2026-08-08T03:43:39+00:00,LiveScore Bet,h2h,jalin turner,kaue fernandes,1.65,2.23,2026-08-08T03:43:19Z
2026-08-08T03:43:39+00:00,Coolbet,h2h,jalin turner,kaue fernandes,1.65,2.3,2026-08-08T03:43:23Z
2026-08-08T03:43:39+00:00,BetOnline.ag,h2h,jean silva,yair rodriguez,1.29,3.8,2026-08-08T03:42:33Z
2026-08-08T03:43:39+00:00,Betclic (FR),h2h,jean silva,yair rodriguez,1.28,3.3,2026-08-08T03:43:33Z
2026-08-08T03:43:39+00:00,1xBet,h2h,jean silva,yair rodriguez,1.36,3.63,2026-08-08T03:43:28Z
2026-08-08T03:43:39+00:00,DraftKings,h2h,jean silva,yair rodriguez,1.28,3.8,2026-08-08T03:43:30Z
2026-08-08T03:43:39+00:00,Winamax (FR),h2h,jean silva,yair rodriguez,1.28,2.95,2026-08-08T03:42:59Z
2026-08-08T03:43:39+00:00,Virgin Bet,h2h,jean silva,yair rodriguez,1.27,3.75,2026-08-08T03:42:46Z
2026-08-08T03:43:39+00:00,Grosvenor,h2h,jean silva,yair rodriguez,1.23,3.5,2026-08-08T03:43:08Z
2026-08-08T03:43:39+00:00,LiveScore Bet,h2h,jean silva,yair rodriguez,1.27,3.75,2026-08-08T03:43:19Z
2026-08-08T03:43:39+00:00,BetRivers,h2h,jean silva,yair rodriguez,1.27,3.75,2026-08-08T03:43:08Z
2026-08-08T03:43:39+00:00,Betway,h2h,jean silva,yair rodriguez,1.29,3.5,2026-08-08T03:42:58Z
2026-08-08T03:43:39+00:00,BetOnline.ag,h2h,jeremiah wells,myktybek orolbai,5.46,1.17,2026-08-08T03:42:33Z
2026-08-08T03:43:39+00:00,1xBet,h2h,jeremiah wells,myktybek orolbai,5.47,1.21,2026-08-08T03:43:28Z
2026-08-08T03:43:39+00:00,Pinnacle,h2h,jeremiah wells,myktybek orolbai,5.11,1.19,2026-08-08T03:43:28Z
2026-08-08T03:43:39+00:00,Betsson,h2h,jeremiah wells,myktybek orolbai,5.25,1.14,2026-08-08T03:43:21Z
2026-08-08T03:43:39+00:00,Nordic Bet,h2h,jeremiah wells,myktybek orolbai,5.25,1.14,2026-08-08T03:43:01Z
2026-08-08T03:43:39+00:00,DraftKings,h2h,jeremiah wells,myktybek orolbai,5.1,1.18,2026-08-08T03:43:30Z
2026-08-08T03:43:39+00:00,LiveScore Bet,h2h,jeremiah wells,myktybek orolbai,5.3,1.16,2026-08-08T03:43:19Z
2026-08-08T03:43:39+00:00,Virgin Bet,h2h,jeremiah wells,myktybek orolbai,5.3,1.16,2026-08-08T03:42:46Z
2026-08-08T03:43:39+00:00,BetRivers,h2h,jeremiah wells,myktybek orolbai,5.3,1.16,2026-08-08T03:43:08Z
2026-08-08T03:43:39+00:00,Grosvenor,h2h,jeremiah wells,myktybek orolbai,4.9,1.12,2026-08-08T03:43:08Z
2026-08-08T03:43:39+00:00,Coolbet,h2h,jeremiah wells,myktybek orolbai,5.4,1.17,2026-08-08T03:43:23Z
2026-08-08T03:43:39+00:00,BetOnline.ag,h2h,jiri prochazka,magomed ankalaev,2.74,1.5,2026-08-08T03:42:33Z
2026-08-08T03:43:39+00:00,Pinnacle,h2h,jose montanha,louie sutherland,2.7,1.51,2026-08-08T03:43:28Z
2026-08-08T03:43:39+00:00,DraftKings,h2h,jose montanha,louie sutherland,2.64,1.51,2026-08-08T03:43:30Z
2026-08-08T03:43:39+00:00,1xBet,h2h,jose montanha,louie sutherland,2.53,1.5,2026-08-08T03:43:28Z
2026-08-08T03:43:39+00:00,BetUS,h2h,jose montanha,louie sutherland,2.74,1.48,2026-08-08T03:43:28Z
2026-08-08T03:43:39+00:00,BetOnline.ag,h2h,jose montanha,louie sutherland,2.8,1.48,2026-08-08T03:42:33Z
2026-08-08T03:43:39+00:00,Coolbet,h2h,jose montanha,louie sutherland,2.62,1.52,2026-08-08T03:43:23Z
2026-08-08T03:43:39+00:00,Bovada,h2h,jose montanha,louie sutherland,2.68,1.51,2026-08-08T03:39:38Z
2026-08-08T03:43:39+00:00,Unibet (UK),h2h,jose montanha,louie sutherland,2.7,1.48,2026-08-08T03:42:48Z
2026-08-08T03:43:39+00:00,FanDuel,h2h,jose montanha,louie sutherland,2.54,1.54,2026-08-08T03:43:29Z
2026-08-08T03:43:39+00:00,Paddy Power,h2h,jose montanha,louie sutherland,2.5,1.53,2026-08-08T03:42:46Z
2026-08-08T03:43:39+00:00,Betfair Sportsbook,h2h,jose montanha,louie sutherland,2.5,1.53,2026-08-08T03:43:18Z
2026-08-08T03:43:39+00:00,Betway,h2h,jose montanha,louie sutherland,2.5,1.53,2026-08-08T03:42:58Z
2026-08-08T03:43:39+00:00,Betfair,h2h,jose montanha,louie sutherland,2.74,1.51,2026-08-08T03:43:19Z
2026-08-08T03:43:39+00:00,Betfair,h2h,jose montanha,louie sutherland,2.74,1.51,2026-08-08T03:43:28Z
2026-08-08T03:43:39+00:00,BetAnything,h2h,jose montanha,louie sutherland,2.6,1.53,2026-08-08T03:43:29Z
2026-08-08T03:43:39+00:00,Grosvenor,h2h,jose montanha,louie sutherland,2.43,1.45,2026-08-08T03:43:08Z
2026-08-08T03:43:39+00:00,Virgin Bet,h2h,jose montanha,louie sutherland,2.55,1.52,2026-08-08T03:42:46Z
2026-08-08T03:43:39+00:00,BetRivers,h2h,jose montanha,louie sutherland,2.55,1.51,2026-08-08T03:43:08Z
2026-08-08T03:43:39+00:00,LiveScore Bet,h2h,jose montanha,louie sutherland,2.55,1.52,2026-08-08T03:43:19Z
2026-08-08T03:43:39+00:00,Matchbook,h2h,jose montanha,louie sutherland,2.74,1.51,2026-08-08T03:43:28Z
2026-08-08T03:43:39+00:00,BetOnline.ag,h2h,joshua van,manel kape,2.65,1.53,2026-08-08T03:42:33Z
2026-08-08T03:43:39+00:00,BetOnline.ag,h2h,juliana miller,ravena oliveira,1.33,3.49,2026-08-08T03:42:33Z
2026-08-08T03:43:39+00:00,1xBet,h2h,juliana miller,ravena oliveira,1.29,3.42,2026-08-08T03:43:28Z
2026-08-08T03:43:39+00:00,Pinnacle,h2h,juliana miller,ravena oliveira,1.34,3.45,2026-08-08T03:43:28Z
2026-08-08T03:43:39+00:00,BetUS,h2h,juliana miller,ravena oliveira,1.33,3.5,2026-08-08T03:43:28Z
2026-08-08T03:43:39+00:00,Unibet (UK),h2h,juliana miller,ravena oliveira,1.32,3.45,2026-08-08T03:42:48Z
2026-08-08T03:43:39+00:00,888sport,h2h,juliana miller,ravena oliveira,1.3,3.4,2026-08-08T03:43:28Z
2026-08-08T03:43:39+00:00,Betsson,h2h,juliana miller,ravena oliveira,1.32,3.5,2026-08-08T03:43:21Z
2026-08-08T03:43:39+00:00,Nordic Bet,h2h,juliana miller,ravena oliveira,1.32,3.5,2026-08-08T03:43:01Z
2026-08-08T03:43:39+00:00,DraftKings,h2h,juliana miller,ravena oliveira,1.34,3.4,2026-08-08T03:43:30Z
2026-08-08T03:43:39+00:00,Grosvenor,h2h,juliana miller,ravena oliveira,1.28,3.15,2026-08-08T03:43:08Z
2026-08-08T03:43:39+00:00,Virgin Bet,h2h,juliana miller,ravena oliveira,1.33,3.35,2026-08-08T03:42:46Z
2026-08-08T03:43:39+00:00,BetRivers,h2h,juliana miller,ravena oliveira,1.33,3.35,2026-08-08T03:43:08Z
2026-08-08T03:43:39+00:00,LiveScore Bet,h2h,juliana miller,ravena oliveira,1.33,3.35,2026-08-08T03:43:19Z
2026-08-08T03:43:39+00:00,Coolbet,h2h,juliana miller,ravena oliveira,1.34,3.37,2026-08-08T03:43:23Z
2026-08-08T03:43:39+00:00,FanDuel,h2h,juliana miller,ravena oliveira,1.33,3.45,2026-08-08T03:43:29Z
2026-08-08T03:43:39+00:00,Betfair Sportsbook,h2h,juliana miller,ravena oliveira,1.33,3.25,2026-08-08T03:43:18Z
2026-08-08T03:43:39+00:00,Paddy Power,h2h,juliana miller,ravena oliveira,1.33,3.25,2026-08-08T03:42:46Z
2026-08-08T03:43:39+00:00,Bovada,h2h,juliana miller,ravena oliveira,1.32,3.55,2026-08-08T03:39:38Z
2026-08-08T03:43:39+00:00,Betway,h2h,juliana miller,ravena oliveira,1.3,3.5,2026-08-08T03:42:58Z
2026-08-08T03:43:39+00:00,Betfair,h2h,juliana miller,ravena oliveira,1.36,3.4,2026-08-08T03:43:19Z
2026-08-08T03:43:39+00:00,Betfair,h2h,juliana miller,ravena oliveira,1.36,3.4,2026-08-08T03:43:28Z
2026-08-08T03:43:39+00:00,BetAnything,h2h,juliana miller,ravena oliveira,1.32,3.4,2026-08-08T03:43:29Z
2026-08-08T03:43:39+00:00,Matchbook,h2h,juliana miller,ravena oliveira,1.36,3.4,2026-08-08T03:43:28Z
2026-08-08T03:43:39+00:00,BetOnline.ag,h2h,khamzat chimaev,paulo henrique costa,1.2,4.75,2026-08-08T03:42:33Z
2026-08-08T03:43:39+00:00,BetOnline.ag,h2h,khamzat chimaev,sean strickland,1.49,2.75,2026-08-08T03:42:33Z
2026-08-08T03:43:39+00:00,BetOnline.ag,h2h,lucas fernando,rafael tobias,1.43,2.92,2026-08-08T03:42:33Z
2026-08-08T03:43:39+00:00,Pinnacle,h2h,lucas fernando,rafael tobias,1.42,3.0,2026-08-08T03:43:28Z
2026-08-08T03:43:39+00:00,1xBet,h2h,lucas fernando,rafael tobias,1.43,2.94,2026-08-08T03:43:28Z
2026-08-08T03:43:39+00:00,Nordic Bet,h2h,lucas fernando,rafael tobias,1.44,2.7,2026-08-08T03:43:01Z
2026-08-08T03:43:39+00:00,Betsson,h2h,lucas fernando,rafael tobias,1.44,2.7,2026-08-08T03:43:21Z
2026-08-08T03:43:39+00:00,DraftKings,h2h,lucas fernando,rafael tobias,1.42,2.95,2026-08-08T03:43:30Z
2026-08-08T03:43:39+00:00,Virgin Bet,h2h,lucas fernando,rafael tobias,1.41,2.9,2026-08-08T03:42:46Z
2026-08-08T03:43:39+00:00,Grosvenor,h2h,lucas fernando,rafael tobias,1.36,2.75,2026-08-08T03:43:08Z
2026-08-08T03:43:39+00:00,LiveScore Bet,h2h,lucas fernando,rafael tobias,1.41,2.9,2026-08-08T03:43:19Z
2026-08-08T03:43:39+00:00,BetRivers,h2h,lucas fernando,rafael tobias,1.41,2.9,2026-08-08T03:43:08Z
2026-08-08T03:43:39+00:00,Coolbet,h2h,lucas fernando,rafael tobias,1.44,2.9,2026-08-08T03:43:23Z
2026-08-08T03:43:39+00:00,Unibet (UK),h2h,lucas fernando,rafael tobias,1.4,2.8,2026-08-08T03:42:48Z
2026-08-08T03:43:39+00:00,BetOnline.ag,h2h,manoel sousa,richie miranda,1.31,3.6,2026-08-08T03:42:33Z
2026-08-08T03:43:39+00:00,1xBet,h2h,manoel sousa,richie miranda,1.32,3.26,2026-08-08T03:43:28Z
2026-08-08T03:43:39+00:00,Unibet (UK),h2h,manoel sousa,richie miranda,1.3,3.5,2026-08-08T03:42:48Z
2026-08-08T03:43:39+00:00,Coolbet,h2h,manoel sousa,richie miranda,1.32,3.54,2026-08-08T03:43:23Z
2026-08-08T03:43:39+00:00,Pinnacle,h2h,manoel sousa,richie miranda,1.34,3.47,2026-08-08T03:43:28Z
2026-08-08T03:43:39+00:00,Betway,h2h,manoel sousa,richie miranda,1.3,3.5,2026-08-08T03:42:58Z
2026-08-08T03:43:39+00:00,FanDuel,h2h,manoel sousa,richie miranda,1.34,3.4,2026-08-08T03:43:29Z
2026-08-08T03:43:39+00:00,Paddy Power,h2h,manoel sousa,richie miranda,1.33,3.25,2026-08-08T03:42:46Z
2026-08-08T03:43:39+00:00,Betfair Sportsbook,h2h,manoel sousa,richie miranda,1.33,3.25,2026-08-08T03:43:18Z
2026-08-08T03:43:39+00:00,Betfair,h2h,manoel sousa,richie miranda,1.37,3.45,2026-08-08T03:43:19Z
2026-08-08T03:43:39+00:00,Betfair,h2h,manoel sousa,richie miranda,1.37,3.45,2026-08-08T03:43:28Z
2026-08-08T03:43:39+00:00,Bovada,h2h,manoel sousa,richie miranda,1.33,3.5,2026-08-08T03:39:38Z
2026-08-08T03:43:39+00:00,Virgin Bet,h2h,manoel sousa,richie miranda,1.32,3.4,2026-08-08T03:42:46Z
2026-08-08T03:43:39+00:00,BetRivers,h2h,manoel sousa,richie miranda,1.32,3.4,2026-08-08T03:43:08Z
2026-08-08T03:43:39+00:00,LiveScore Bet,h2h,manoel sousa,richie miranda,1.32,3.4,2026-08-08T03:43:19Z
2026-08-08T03:43:39+00:00,Grosvenor,h2h,manoel sousa,richie miranda,1.28,3.15,2026-08-08T03:43:08Z
2026-08-08T03:43:39+00:00,BetUS,h2h,manoel sousa,richie miranda,1.34,3.42,2026-08-08T03:43:28Z
2026-08-08T03:43:39+00:00,Nordic Bet,h2h,manoel sousa,richie miranda,1.31,3.6,2026-08-08T03:43:01Z
2026-08-08T03:43:39+00:00,Betsson,h2h,manoel sousa,richie miranda,1.31,3.6,2026-08-08T03:43:21Z
2026-08-08T03:43:39+00:00,888sport,h2h,manoel sousa,richie miranda,1.3,3.4,2026-08-08T03:43:28Z
2026-08-08T03:43:39+00:00,Matchbook,h2h,manoel sousa,richie miranda,1.37,3.65,2026-08-08T03:43:28Z
2026-08-08T03:43:39+00:00,DraftKings,h2h,manoel sousa,richie miranda,1.32,3.5,2026-08-08T03:43:30Z
2026-08-08T03:43:39+00:00,BetAnything,h2h,manoel sousa,richie miranda,1.32,3.35,2026-08-08T03:43:29Z
2026-08-08T03:43:39+00:00,BetOnline.ag,h2h,mateusz gamrot,quillan salkilld,2.12,1.76,2026-08-08T03:42:33Z
2026-08-08T03:43:39+00:00,Winamax (FR),h2h,mateusz gamrot,quillan salkilld,2.0,1.68,2026-08-08T03:42:59Z
2026-08-08T03:43:39+00:00,Betclic (FR),h2h,mateusz gamrot,quillan salkilld,2.1,1.65,2026-08-08T03:43:33Z
2026-08-08T03:43:39+00:00,1xBet,h2h,mateusz gamrot,quillan salkilld,2.16,1.71,2026-08-08T03:43:28Z
2026-08-08T03:43:39+00:00,Pinnacle,h2h,mateusz gamrot,quillan salkilld,2.18,1.74,2026-08-08T03:43:28Z
2026-08-08T03:43:39+00:00,BetUS,h2h,mateusz gamrot,quillan salkilld,2.14,1.74,2026-08-08T03:43:28Z
2026-08-08T03:43:39+00:00,Unibet (UK),h2h,mateusz gamrot,quillan salkilld,2.1,1.75,2026-08-08T03:42:48Z
2026-08-08T03:43:39+00:00,Nordic Bet,h2h,mateusz gamrot,quillan salkilld,2.25,1.67,2026-08-08T03:43:01Z
2026-08-08T03:43:39+00:00,Betsson,h2h,mateusz gamrot,quillan salkilld,2.25,1.67,2026-08-08T03:43:21Z
2026-08-08T03:43:39+00:00,DraftKings,h2h,mateusz gamrot,quillan salkilld,2.14,1.74,2026-08-08T03:43:30Z
2026-08-08T03:43:39+00:00,LiveScore Bet,h2h,mateusz gamrot,quillan salkilld,2.16,1.7,2026-08-08T03:43:19Z
2026-08-08T03:43:39+00:00,Grosvenor,h2h,mateusz gamrot,quillan salkilld,2.07,1.63,2026-08-08T03:43:08Z
2026-08-08T03:43:39+00:00,Virgin Bet,h2h,mateusz gamrot,quillan salkilld,2.16,1.7,2026-08-08T03:42:46Z
2026-08-08T03:43:39+00:00,BetRivers,h2h,mateusz gamrot,quillan salkilld,2.16,1.7,2026-08-08T03:43:08Z
2026-08-08T03:43:39+00:00,Coolbet,h2h,mateusz gamrot,quillan salkilld,2.13,1.75,2026-08-08T03:43:23Z
2026-08-08T03:43:39+00:00,FanDuel,h2h,mateusz gamrot,quillan salkilld,2.22,1.69,2026-08-08T03:43:29Z
2026-08-08T03:43:39+00:00,Paddy Power,h2h,mateusz gamrot,quillan salkilld,2.2,1.67,2026-08-08T03:42:46Z
2026-08-08T03:43:39+00:00,Bovada,h2h,mateusz gamrot,quillan salkilld,2.17,1.72,2026-08-08T03:39:38Z
2026-08-08T03:43:39+00:00,Betway,h2h,mateusz gamrot,quillan salkilld,2.1,1.73,2026-08-08T03:42:58Z
2026-08-08T03:43:39+00:00,Betfair,h2h,mateusz gamrot,quillan salkilld,2.24,1.78,2026-08-08T03:43:19Z
2026-08-08T03:43:39+00:00,Betfair,h2h,mateusz gamrot,quillan salkilld,2.24,1.78,2026-08-08T03:43:28Z
2026-08-08T03:43:39+00:00,PMU (FR),h2h,mateusz gamrot,quillan salkilld,2.16,1.7,2026-08-08T03:43:39Z
2026-08-08T03:43:39+00:00,BetAnything,h2h,mateusz gamrot,quillan salkilld,2.05,1.74,2026-08-08T03:43:29Z
2026-08-08T03:43:39+00:00,Matchbook,h2h,mateusz gamrot,quillan salkilld,2.26,1.78,2026-08-08T03:43:28Z
2026-08-08T03:43:39+00:00,Unibet (FR),h2h,mateusz gamrot,quillan salkilld,2.05,1.68,2026-08-08T03:42:57Z
2026-08-08T03:43:39+00:00,Marathon Bet,h2h,mateusz gamrot,quillan salkilld,2.13,1.68,2026-08-08T03:42:58Z
2026-08-08T03:43:39+00:00,BetOnline.ag,h2h,max holloway,paddy pimblett,1.56,2.55,2026-08-08T03:42:33Z
2026-08-08T03:43:39+00:00,BetOnline.ag,h2h,merab dvalishvili,petr yan,2.5,1.57,2026-08-08T03:42:33Z
2026-08-08T03:43:39+00:00,BetOnline.ag,h2h,nassourdine imavov,sean strickland,1.88,1.94,2026-08-08T03:42:33Z
2026-08-08T03:43:39+00:00,BetOnline.ag,h2h,natalia silva,valentina shevchenko,3.1,1.4,2026-08-08T03:42:33Z
2026-08-08T03:43:39+00:00,BetOnline.ag,h2h,neil magny,ramiz brahimaj,1.91,1.91,2026-08-08T03:42:33Z
2026-08-08T03:43:39+00:00,1xBet,h2h,neil magny,ramiz brahimaj,1.96,1.96,2026-08-08T03:43:28Z
2026-08-08T03:43:39+00:00,Pinnacle,h2h,neil magny,ramiz brahimaj,1.88,1.97,2026-08-08T03:43:28Z
2026-08-08T03:43:39+00:00,888sport,h2h,neil magny,ramiz brahimaj,1.91,1.91,2026-08-08T03:43:28Z
2026-08-08T03:43:39+00:00,Nordic Bet,h2h,neil magny,ramiz brahimaj,1.88,1.88,2026-08-08T03:43:01Z
2026-08-08T03:43:39+00:00,Betsson,h2h,neil magny,ramiz brahimaj,1.88,1.88,2026-08-08T03:43:21Z
2026-08-08T03:43:39+00:00,DraftKings,h2h,neil magny,ramiz brahimaj,1.87,1.95,2026-08-08T03:43:30Z
2026-08-08T03:43:39+00:00,LiveScore Bet,h2h,neil magny,ramiz brahimaj,1.9,1.9,2026-08-08T03:43:19Z
2026-08-08T03:43:39+00:00,Virgin Bet,h2h,neil magny,ramiz brahimaj,1.9,1.9,2026-08-08T03:42:46Z
2026-08-08T03:43:39+00:00,Grosvenor,h2h,neil magny,ramiz brahimaj,1.82,1.82,2026-08-08T03:43:08Z
2026-08-08T03:43:39+00:00,BetRivers,h2h,neil magny,ramiz brahimaj,1.89,1.89,2026-08-08T03:43:08Z
2026-08-08T03:43:39+00:00,Coolbet,h2h,neil magny,ramiz brahimaj,1.92,1.92,2026-08-08T03:43:23Z
2026-08-08T03:43:39+00:00,DraftKings,h2h,robelis despaigne,tai tuivasa,1.2,4.8,2026-08-08T03:43:30Z
2026-08-08T03:43:39+00:00,1xBet,h2h,robelis despaigne,tai tuivasa,1.23,4.66,2026-08-08T03:43:28Z
2026-08-08T03:43:39+00:00,BetOnline.ag,h2h,song yadong,umar nurmagomedov,4.5,1.22,2026-08-08T03:42:33Z
2026-08-08T03:43:39+00:00,Betclic (FR),h2h,song yadong,umar nurmagomedov,4.45,1.17,2026-08-08T03:43:33Z
2026-08-08T03:43:39+00:00,1xBet,h2h,song yadong,umar nurmagomedov,5.19,1.19,2026-08-08T03:43:28Z
2026-08-08T03:43:39+00:00,BetUS,h2h,song yadong,umar nurmagomedov,4.39,1.22,2026-08-08T03:43:28Z
2026-08-08T03:43:39+00:00,DraftKings,h2h,song yadong,umar nurmagomedov,4.5,1.22,2026-08-08T03:43:30Z
2026-08-08T03:43:39+00:00,Betway,h2h,song yadong,umar nurmagomedov,4.5,1.2,2026-08-08T03:42:58Z
2026-08-08T03:43:39+00:00,FanDuel,h2h,song yadong,umar nurmagomedov,4.5,1.19,2026-08-08T03:43:29Z
2026-08-08T03:43:39+00:00,Paddy Power,h2h,song yadong,umar nurmagomedov,4.5,1.2,2026-08-08T03:42:46Z
2026-08-08T03:43:39+00:00,Winamax (FR),h2h,song yadong,umar nurmagomedov,4.0,1.2,2026-08-08T03:42:59Z
2026-08-08T03:43:39+00:00,LiveScore Bet,h2h,song yadong,umar nurmagomedov,4.35,1.21,2026-08-08T03:43:19Z
2026-08-08T03:43:39+00:00,BetRivers,h2h,song yadong,umar nurmagomedov,4.35,1.21,2026-08-08T03:43:08Z
2026-08-08T03:43:39+00:00,Virgin Bet,h2h,song yadong,umar nurmagomedov,4.35,1.21,2026-08-08T03:42:46Z
2026-08-08T03:43:39+00:00,Grosvenor,h2h,song yadong,umar nurmagomedov,4.1,1.17,2026-08-08T03:43:08Z
2026-08-08T03:43:39+00:00,Coolbet,h2h,song yadong,umar nurmagomedov,4.5,1.22,2026-08-08T03:43:23Z
2026-08-08T03:43:39+00:00,BetOnline.ag,h2h,tresean gore,vicente luque,1.83,2.0,2026-08-08T03:42:33Z
2026-08-08T03:43:39+00:00,1xBet,h2h,tresean gore,vicente luque,1.81,2.2,2026-08-08T03:43:28Z
2026-08-08T03:43:39+00:00,Pinnacle,h2h,tresean gore,vicente luque,1.71,2.19,2026-08-08T03:43:28Z
2026-08-08T03:43:39+00:00,Unibet (UK),h2h,tresean gore,vicente luque,1.78,1.98,2026-08-08T03:42:48Z
2026-08-08T03:43:39+00:00,Nordic Bet,h2h,tresean gore,vicente luque,1.7,2.1,2026-08-08T03:43:01Z
2026-08-08T03:43:39+00:00,Betsson,h2h,tresean gore,vicente luque,1.7,2.1,2026-08-08T03:43:21Z
2026-08-08T03:43:39+00:00,DraftKings,h2h,tresean gore,vicente luque,1.7,2.2,2026-08-08T03:43:30Z
2026-08-08T03:43:39+00:00,Grosvenor,h2h,tresean gore,vicente luque,1.7,1.96,2026-08-08T03:43:08Z
2026-08-08T03:43:39+00:00,LiveScore Bet,h2h,tresean gore,vicente luque,1.76,2.07,2026-08-08T03:43:19Z
2026-08-08T03:43:39+00:00,BetRivers,h2h,tresean gore,vicente luque,1.76,2.07,2026-08-08T03:43:08Z
2026-08-08T03:43:39+00:00,Virgin Bet,h2h,tresean gore,vicente luque,1.76,2.07,2026-08-08T03:42:46Z
2026-08-08T03:43:39+00:00,Coolbet,h2h,tresean gore,vicente luque,1.77,2.1,2026-08-08T03:43:23Z
